epoch	eR [deg]	eT [m]	speed (raw) [-]	speed (thr) [-]	keypoint_rmse_px [pix]	keypoint_rmse_px_median [pix]	keypoint_rmse_norm_input [-]	keypoint_rmse_norm_input_median [-]	keypoint_rmse_norm_bbox [-]	keypoint_rmse_norm_bbox_median [-]	pck_0.05_bbox_pct [%]	pck_0.10_bbox_pct [%]	keypoint_inside_pct [%]	valid_kpt_pct [%]	heatmap_peak_mean [-]	heatmap_peak_std [-]	heatmap_entropy [-]	heatmap_entropy_std [-]	heatmap_entropy_beta [-]	heatmap_entropy_beta_std [-]	collapsed_keypoint_distance [pix]	collapsed_keypoint_spread_min_px [pix]	per_keypoint_rmse_px_00 [pix]	per_keypoint_rmse_px_01 [pix]	per_keypoint_rmse_px_02 [pix]	per_keypoint_rmse_px_03 [pix]	per_keypoint_rmse_px_04 [pix]	per_keypoint_rmse_px_05 [pix]	per_keypoint_rmse_px_06 [pix]	per_keypoint_rmse_px_07 [pix]	per_keypoint_rmse_px_08 [pix]	per_keypoint_rmse_px_09 [pix]	per_keypoint_rmse_px_10 [pix]	per_keypoint_pck5_pct_00 [%]	per_keypoint_pck5_pct_01 [%]	per_keypoint_pck5_pct_02 [%]	per_keypoint_pck5_pct_03 [%]	per_keypoint_pck5_pct_04 [%]	per_keypoint_pck5_pct_05 [%]	per_keypoint_pck5_pct_06 [%]	per_keypoint_pck5_pct_07 [%]	per_keypoint_pck5_pct_08 [%]	per_keypoint_pck5_pct_09 [%]	per_keypoint_pck5_pct_10 [%]	per_keypoint_pck10_pct_00 [%]	per_keypoint_pck10_pct_01 [%]	per_keypoint_pck10_pct_02 [%]	per_keypoint_pck10_pct_03 [%]	per_keypoint_pck10_pct_04 [%]	per_keypoint_pck10_pct_05 [%]	per_keypoint_pck10_pct_06 [%]	per_keypoint_pck10_pct_07 [%]	per_keypoint_pck10_pct_08 [%]	per_keypoint_pck10_pct_09 [%]	per_keypoint_pck10_pct_10 [%]	per_keypoint_pck05_bbox_pct_00 [%]	per_keypoint_pck05_bbox_pct_01 [%]	per_keypoint_pck05_bbox_pct_02 [%]	per_keypoint_pck05_bbox_pct_03 [%]	per_keypoint_pck05_bbox_pct_04 [%]	per_keypoint_pck05_bbox_pct_05 [%]	per_keypoint_pck05_bbox_pct_06 [%]	per_keypoint_pck05_bbox_pct_07 [%]	per_keypoint_pck05_bbox_pct_08 [%]	per_keypoint_pck05_bbox_pct_09 [%]	per_keypoint_pck05_bbox_pct_10 [%]	per_keypoint_pck10_bbox_pct_00 [%]	per_keypoint_pck10_bbox_pct_01 [%]	per_keypoint_pck10_bbox_pct_02 [%]	per_keypoint_pck10_bbox_pct_03 [%]	per_keypoint_pck10_bbox_pct_04 [%]	per_keypoint_pck10_bbox_pct_05 [%]	per_keypoint_pck10_bbox_pct_06 [%]	per_keypoint_pck10_bbox_pct_07 [%]	per_keypoint_pck10_bbox_pct_08 [%]	per_keypoint_pck10_bbox_pct_09 [%]	per_keypoint_pck10_bbox_pct_10 [%]	per_keypoint_peak_00 [-]	per_keypoint_peak_01 [-]	per_keypoint_peak_02 [-]	per_keypoint_peak_03 [-]	per_keypoint_peak_04 [-]	per_keypoint_peak_05 [-]	per_keypoint_peak_06 [-]	per_keypoint_peak_07 [-]	per_keypoint_peak_08 [-]	per_keypoint_peak_09 [-]	per_keypoint_peak_10 [-]	per_keypoint_peak2_00 [-]	per_keypoint_peak2_01 [-]	per_keypoint_peak2_02 [-]	per_keypoint_peak2_03 [-]	per_keypoint_peak2_04 [-]	per_keypoint_peak2_05 [-]	per_keypoint_peak2_06 [-]	per_keypoint_peak2_07 [-]	per_keypoint_peak2_08 [-]	per_keypoint_peak2_09 [-]	per_keypoint_peak2_10 [-]	per_keypoint_peak_ratio_00 [-]	per_keypoint_peak_ratio_01 [-]	per_keypoint_peak_ratio_02 [-]	per_keypoint_peak_ratio_03 [-]	per_keypoint_peak_ratio_04 [-]	per_keypoint_peak_ratio_05 [-]	per_keypoint_peak_ratio_06 [-]	per_keypoint_peak_ratio_07 [-]	per_keypoint_peak_ratio_08 [-]	per_keypoint_peak_ratio_09 [-]	per_keypoint_peak_ratio_10 [-]	per_keypoint_top1_to_gt_dist_hm_px_00 [pix]	per_keypoint_top1_to_gt_dist_hm_px_01 [pix]	per_keypoint_top1_to_gt_dist_hm_px_02 [pix]	per_keypoint_top1_to_gt_dist_hm_px_03 [pix]	per_keypoint_top1_to_gt_dist_hm_px_04 [pix]	per_keypoint_top1_to_gt_dist_hm_px_05 [pix]	per_keypoint_top1_to_gt_dist_hm_px_06 [pix]	per_keypoint_top1_to_gt_dist_hm_px_07 [pix]	per_keypoint_top1_to_gt_dist_hm_px_08 [pix]	per_keypoint_top1_to_gt_dist_hm_px_09 [pix]	per_keypoint_top1_to_gt_dist_hm_px_10 [pix]	per_keypoint_top2_to_gt_dist_hm_px_00 [pix]	per_keypoint_top2_to_gt_dist_hm_px_01 [pix]	per_keypoint_top2_to_gt_dist_hm_px_02 [pix]	per_keypoint_top2_to_gt_dist_hm_px_03 [pix]	per_keypoint_top2_to_gt_dist_hm_px_04 [pix]	per_keypoint_top2_to_gt_dist_hm_px_05 [pix]	per_keypoint_top2_to_gt_dist_hm_px_06 [pix]	per_keypoint_top2_to_gt_dist_hm_px_07 [pix]	per_keypoint_top2_to_gt_dist_hm_px_08 [pix]	per_keypoint_top2_to_gt_dist_hm_px_09 [pix]	per_keypoint_top2_to_gt_dist_hm_px_10 [pix]	pnp_fail_cnt [cnt]	pnp_eval_cnt [cnt]	pnp_ok_cnt [cnt]	raw_epnp_ok_cnt [cnt]	pnp_fail_pct [%]	pose_valid_cnt [cnt]	reproj_err_median_px [pix]	reprojection_error_median_px [pix]	eT_median [m]	eR_median [deg]	pnp_ransac_fail_cnt [cnt]	pnp_ransac_eval_cnt [cnt]	pnp_ransac_ok_cnt [cnt]	ransac_ok_cnt [cnt]	pnp_ransac_fail_pct [%]	pnp_ransac_inlier_cnt [cnt]	pnp_ransac_inlier_cnt_median [cnt]	eT_ransac [m]	eT_ransac_median [m]	eR_ransac [deg]	eR_ransac_median [deg]	per_keypoint_ransac_inlier_freq_pct_00 [%]	per_keypoint_ransac_inlier_freq_pct_01 [%]	per_keypoint_ransac_inlier_freq_pct_02 [%]	per_keypoint_ransac_inlier_freq_pct_03 [%]	per_keypoint_ransac_inlier_freq_pct_04 [%]	per_keypoint_ransac_inlier_freq_pct_05 [%]	per_keypoint_ransac_inlier_freq_pct_06 [%]	per_keypoint_ransac_inlier_freq_pct_07 [%]	per_keypoint_ransac_inlier_freq_pct_08 [%]	per_keypoint_ransac_inlier_freq_pct_09 [%]	per_keypoint_ransac_inlier_freq_pct_10 [%]
1	41.790123	11.369777	2.602067	2.602067	55.990110	55.458925	0.251077	0.248695	0.060377	0.055627	54.622595	88.643104	100.000000	97.063684	0.020092	0.012488	0.816304	0.094246	0.027654	0.033225	35.170774	72.962483	39.761524	55.823289	51.751484	39.359141	37.976339	40.990124	45.597542	45.289544	78.760321	69.366542	52.176748	1.565726	0.102828	0.197357	0.990696	1.235709	0.999244	0.345263	0.512003	0.035521	0.017786	0.157839	9.471783	0.634105	0.823752	6.521365	6.977135	5.172559	2.080000	2.736277	0.159844	0.222321	2.148369	67.713352	42.425021	47.932041	69.004135	70.880968	67.218070	59.671579	60.584187	21.046088	28.172521	53.691687	92.876807	89.014567	92.483268	93.392488	95.326160	95.037367	93.237895	93.939903	65.420478	73.979546	84.996492	0.026551	0.015373	0.013090	0.023285	0.020847	0.018955	0.017752	0.018096	0.020903	0.020562	0.026823	0.024449	0.014448	0.012418	0.021853	0.019476	0.017758	0.016488	0.016705	0.019664	0.019335	0.025048	1.069845	1.057932	1.049385	1.057844	1.060761	1.059568	1.063727	1.070606	1.060519	1.061361	1.065862	6.982825	12.566359	11.715147	7.161096	7.085147	8.598188	10.512550	9.848078	18.124936	16.474341	9.618405	7.018186	12.607953	11.745245	7.201770	7.112465	8.667211	10.629141	9.880382	18.363609	16.486614	9.738394	22.000000	11994.000000	11972.000000	11972.000000	0.183425	0.000000	57.654403	57.654403	6.650769	34.575350	10977.000000	11994.000000	1017.000000	1017.000000	91.520760	5.117011	5.000000	12.774348	7.459927	48.374989	38.321755	35.073892	41.996047	60.618146	56.616915	60.176991	48.272458	40.357853	39.186508	39.065606	48.393574	46.713147
2	32.297903	5.507930	1.482322	1.482322	45.817339	44.424332	0.205459	0.199212	0.049267	0.044265	69.053189	92.928855	100.000000	97.063684	0.025599	0.013407	0.744486	0.101010	0.028408	0.033559	45.031584	91.915724	31.227818	42.569028	41.740747	26.759194	26.670184	31.135140	34.561588	35.589610	67.934759	62.020871	34.420691	3.140055	0.556984	0.489102	5.866644	7.355414	3.568730	2.812632	2.249454	0.142083	0.080036	2.578043	16.311081	2.570694	2.093702	25.284287	24.764627	15.685616	11.351579	8.720833	0.612734	0.497999	16.774816	79.077770	64.207369	64.956238	83.838732	83.969401	79.821983	75.267368	74.811147	31.986502	37.012005	75.175377	95.500688	94.301628	95.666724	96.786699	97.654674	97.254178	96.294737	96.667786	74.984460	80.062250	93.502280	0.029134	0.024237	0.019577	0.032063	0.028140	0.025314	0.024903	0.024770	0.022478	0.021144	0.030706	0.027176	0.022770	0.018479	0.030018	0.026359	0.023792	0.023211	0.022943	0.021349	0.020060	0.029011	1.063934	1.059767	1.054801	1.063070	1.060603	1.058067	1.064236	1.069822	1.051246	1.052426	1.056103	4.792076	8.666390	7.983073	4.563947	5.195332	5.831714	6.974302	6.743864	14.523368	13.231278	5.498297	4.897252	8.760529	7.942056	4.630118	5.231982	5.913690	7.024722	6.833390	14.587381	13.366474	5.576026	1.000000	11994.000000	11993.000000	11993.000000	0.008338	0.000000	58.402713	58.402713	3.419119	25.106856	10477.000000	11994.000000	1517.000000	1517.000000	87.352009	5.159525	5.000000	3.761376	2.127179	25.554960	17.338485	42.658730	42.052980	46.910299	64.095745	58.575198	53.830911	40.703851	41.578249	30.246502	38.733333	59.893404
3	25.119036	3.792220	1.071255	1.071255	37.775397	35.758003	0.169396	0.160350	0.040495	0.035411	78.473178	95.284019	100.000000	97.063684	0.028485	0.012905	0.700112	0.092073	0.029021	0.033725	51.213428	102.112406	23.207599	31.739265	31.386259	19.856197	21.968372	23.755465	27.856024	26.893818	57.036628	54.025878	26.912457	12.026841	3.119109	2.428351	16.247416	12.197377	12.133680	7.048421	6.781937	0.399609	0.364606	6.813399	34.712663	12.313625	9.970825	42.866988	33.977808	31.807876	21.667368	22.066476	1.882604	1.947532	30.121010	86.760151	78.791774	79.783765	90.170572	88.895427	87.404484	82.804211	84.849757	45.955066	47.381058	83.435637	97.324501	97.017995	97.820491	97.906616	98.436449	98.093879	97.776842	98.212187	82.275109	85.060027	95.755875	0.031438	0.028420	0.026105	0.034147	0.030134	0.029965	0.027059	0.028977	0.023850	0.022475	0.031524	0.029597	0.026705	0.024507	0.032066	0.028376	0.028180	0.025371	0.027042	0.022635	0.021361	0.029892	1.058596	1.059856	1.059621	1.061784	1.057537	1.058882	1.060418	1.065074	1.051782	1.050303	1.052839	4.167301	5.605104	5.118195	3.443231	4.072579	4.380020	4.801209	5.295092	11.064783	10.209583	4.341494	4.247202	5.672464	5.208171	3.534589	4.119369	4.431319	4.796639	5.337769	11.144453	10.302815	4.446881	3.000000	11994.000000	11991.000000	11991.000000	0.025013	32.000000	52.377778	52.377778	2.274898	17.999464	9042.000000	11994.000000	2952.000000	2952.000000	75.387694	5.364499	5.000000	1.829986	1.085056	14.449547	9.084319	47.533175	42.579986	50.221767	71.365339	57.617917	59.131025	47.993197	44.988107	23.531432	29.900446	64.427012
4	20.049814	2.123593	0.709043	0.709043	30.547386	27.896824	0.136984	0.125098	0.032572	0.026970	86.137144	96.590874	100.000000	97.063684	0.033341	0.013007	0.648616	0.083381	0.027268	0.032784	58.550659	114.042572	18.560914	23.106268	20.855525	14.375397	16.612878	17.076345	19.602528	20.894041	46.794217	44.071617	19.754872	21.128699	14.207369	13.952291	34.260855	26.109617	25.762029	20.286316	14.495551	2.619661	1.618497	27.595580	45.930833	33.453299	34.666209	60.251551	50.386685	49.088924	42.332632	35.235857	10.256638	7.665629	49.886005	90.958362	87.652099	90.200789	94.176430	92.804304	92.711395	90.736842	90.859493	60.696208	63.236994	88.933707	98.356848	97.823479	98.652823	98.733632	98.974445	98.992359	98.517895	98.841699	85.960394	88.732770	97.097510	0.032569	0.034077	0.032999	0.035252	0.033699	0.034544	0.034427	0.031791	0.033031	0.028974	0.036542	0.030706	0.031953	0.031016	0.033122	0.031628	0.032334	0.032101	0.029664	0.031068	0.027410	0.034497	1.057982	1.062593	1.060316	1.061372	1.061564	1.063879	1.067499	1.066668	1.060730	1.055601	1.057410	3.392042	4.456180	3.758063	2.826576	3.138009	3.202419	4.010639	4.129817	9.570971	8.564581	3.420289	3.452221	4.544812	3.797182	2.877860	3.218485	3.259540	4.096169	4.184682	9.621682	8.697158	3.473309	0.000000	11994.000000	11994.000000	11994.000000	0.000000	388.000000	47.032637	47.032637	1.223857	13.735980	7158.000000	11994.000000	4836.000000	4836.000000	59.679840	5.773780	5.000000	0.786200	0.493288	9.029729	5.577048	57.086451	51.008106	59.767006	73.287671	56.699110	61.436556	52.644680	45.047659	26.403195	29.729730	67.138692
5	15.083117	1.810019	0.569836	0.569836	25.076842	21.283486	0.112452	0.095442	0.026581	0.021003	89.989334	97.759624	100.000000	97.063684	0.033546	0.011850	0.631850	0.074471	0.027701	0.032985	60.673909	118.555350	16.210963	17.937134	16.962702	12.833115	14.385087	14.243162	16.123307	18.027001	36.250929	35.299412	15.835431	31.426359	21.919452	20.636691	38.249483	31.203766	31.833067	28.353684	21.109619	3.969452	5.220098	34.636969	53.552994	46.572408	45.958469	64.541695	56.741762	57.922580	51.494737	44.099379	15.487079	17.198755	59.198527	92.360633	92.116538	93.152566	95.218815	94.695696	94.953397	93.490526	92.588551	72.879851	73.036905	92.309716	98.391259	98.508997	99.056118	98.811165	99.218225	99.193887	99.056842	99.043143	92.034455	92.805691	98.105928	0.034753	0.035869	0.033229	0.035576	0.032202	0.034691	0.032909	0.032338	0.031093	0.031405	0.036187	0.032748	0.033658	0.031273	0.033437	0.030367	0.032513	0.030792	0.030255	0.029286	0.029711	0.034145	1.058758	1.062699	1.060133	1.061611	1.057584	1.063462	1.065387	1.064322	1.059677	1.055764	1.058154	2.979038	3.108815	2.935896	2.499053	2.724664	2.727374	3.428538	3.349226	5.800898	6.244192	2.835878	3.043557	3.165917	3.027184	2.557813	2.773413	2.787920	3.478330	3.406909	5.857667	6.305575	2.937538	3.000000	11994.000000	11991.000000	11991.000000	0.025013	885.000000	40.124684	40.124684	0.982947	9.265617	5932.000000	11994.000000	6062.000000	6062.000000	49.458062	5.987298	6.000000	0.654536	0.400392	7.233994	4.629506	56.832143	56.152570	62.962349	74.316940	55.498679	60.898283	54.340996	48.529412	29.235936	34.171697	68.987868
6	4.965400	0.445133	0.165079	0.165071	9.316238	6.464282	0.041777	0.028988	0.009619	0.006814	98.732237	99.774684	100.000000	97.063684	0.038846	0.009637	0.571005	0.049659	0.028704	0.033154	70.055520	134.334530	7.020866	6.376223	6.304829	5.704376	6.044190	6.107526	6.668338	7.567324	9.804060	10.195748	6.314441	61.192361	62.082262	62.184658	67.410407	64.021520	62.599715	59.840000	54.037267	44.578634	43.139173	67.046650	81.589814	85.047129	85.858933	88.240868	85.305985	86.296079	83.806316	79.612221	72.391439	71.649622	84.444055	98.503097	99.220223	99.124764	99.172984	99.335911	99.445797	99.048421	98.866879	97.406980	96.967541	98.754823	99.690296	99.880034	99.836966	99.844935	99.865501	99.983206	99.915789	99.865704	99.511589	99.208537	99.815854	0.039581	0.038445	0.039081	0.039709	0.038096	0.037357	0.039257	0.038826	0.040275	0.039768	0.038354	0.037425	0.036360	0.036983	0.037508	0.036062	0.035272	0.036947	0.036601	0.038082	0.037645	0.036429	1.055771	1.055509	1.054862	1.056916	1.054543	1.057107	1.060108	1.057899	1.056475	1.055446	1.051891	1.480399	1.408496	1.372809	1.299468	1.435286	1.423365	1.549914	1.642100	1.557118	1.551523	1.277522	1.606150	1.511775	1.466674	1.423132	1.540122	1.505510	1.622164	1.731360	1.652038	1.674168	1.415179	0.000000	11994.000000	11994.000000	11994.000000	0.000000	5695.000000	17.326560	17.326560	0.251895	2.957495	1972.000000	11994.000000	10022.000000	10022.000000	16.441554	7.384554	7.000000	0.235011	0.165405	3.315743	2.501311	66.986371	73.386366	74.826231	76.614610	65.255679	67.182817	68.596034	58.178364	59.597412	62.663105	73.618883
7	3.311742	0.204861	0.095345	0.095299	6.003128	4.266211	0.026920	0.019131	0.006127	0.004491	99.576632	99.924950	100.000000	97.063684	0.038468	0.007652	0.556283	0.035860	0.030543	0.033636	72.401842	137.839180	4.700625	4.003976	4.086515	3.805858	4.208697	4.590780	4.708664	5.382274	5.292496	5.817525	3.902394	74.217137	79.708655	77.801613	81.262922	76.790518	74.095222	72.193684	67.164680	71.734304	66.136060	81.243423	90.562629	94.010283	93.941994	95.098208	93.207801	92.341926	91.637895	89.289911	88.828701	87.034237	93.598737	99.475224	99.742931	99.725416	99.689869	99.781439	99.798472	99.705263	99.639080	99.227422	98.995109	99.552788	99.888162	99.948586	99.922773	99.948312	99.957969	99.974809	100.000000	99.949639	99.777995	99.813250	99.964925	0.038356	0.038058	0.038795	0.039900	0.037300	0.038508	0.038878	0.036585	0.040796	0.038255	0.038994	0.036456	0.036210	0.036817	0.037832	0.035500	0.036497	0.036832	0.034738	0.038739	0.036386	0.037157	1.050679	1.049857	1.052419	1.053385	1.049533	1.053703	1.053997	1.051326	1.052381	1.050668	1.048852	1.233250	1.154661	1.069758	1.046814	1.167588	1.199610	1.200772	1.320852	1.210096	1.116000	1.032657	1.353374	1.264985	1.199673	1.187005	1.292108	1.309237	1.316802	1.422542	1.311415	1.240225	1.168193	0.000000	11994.000000	11994.000000	11994.000000	0.000000	7789.000000	12.282533	12.282533	0.117026	2.104665	1166.000000	11994.000000	10828.000000	10828.000000	9.721527	7.968231	8.000000	0.128389	0.088844	2.591023	1.965575	73.705441	78.645590	79.333583	80.453523	69.212234	70.842593	74.890972	61.657407	70.611345	71.857609	78.213032
8	2.506854	0.133630	0.068429	0.068336	4.621235	3.409894	0.020723	0.015291	0.004702	0.003606	99.797761	99.960418	100.000000	97.063684	0.038207	0.006610	0.548487	0.028194	0.031872	0.034163	73.233158	139.959910	3.833307	3.470084	3.306089	3.357547	3.478548	3.530282	3.472259	3.952386	4.074440	3.591632	3.341578	80.221955	83.744644	84.365883	84.467609	82.876597	82.634982	82.012632	78.126574	78.643105	82.294353	83.970537	93.659670	95.886889	96.722155	96.114748	95.544721	95.927450	95.738947	94.166527	93.206642	94.619831	94.826377	99.690296	99.862896	99.897031	99.819090	99.848689	99.899236	99.890526	99.840524	99.573750	99.697643	99.763241	99.939780	99.965724	99.939935	99.982771	99.974781	99.974809	99.991579	99.983213	99.893438	99.928857	99.973693	0.038301	0.038226	0.037999	0.038542	0.037249	0.037534	0.038819	0.037906	0.038570	0.039717	0.038537	0.036493	0.036408	0.036227	0.036687	0.035503	0.035733	0.036869	0.036044	0.036863	0.037871	0.036828	1.048589	1.048994	1.048041	1.049721	1.048255	1.049306	1.051609	1.050305	1.045881	1.048267	1.046180	1.072469	0.978849	0.940800	0.928077	1.061944	1.035370	1.075270	1.118204	0.984908	0.974138	0.902477	1.208992	1.107915	1.077254	1.079193	1.178273	1.171191	1.207302	1.245824	1.096696	1.112573	1.035758	0.000000	11994.000000	11994.000000	11994.000000	0.000000	8844.000000	9.827867	9.827867	0.074131	1.686235	867.000000	11994.000000	11127.000000	11127.000000	7.228614	8.405051	9.000000	0.093734	0.062866	2.114181	1.619694	77.841792	82.358834	83.010596	82.982809	70.617952	75.373807	78.568200	68.713371	75.655501	80.543835	79.692279
9	2.240936	0.092284	0.056026	0.055864	3.983459	3.014443	0.017863	0.013518	0.004055	0.003147	99.851101	99.968755	100.000000	97.063684	0.037632	0.005801	0.545638	0.023716	0.033078	0.034466	73.985637	140.654289	3.465306	2.887324	2.742385	2.948492	3.151764	3.125865	3.214808	3.515126	2.969158	3.135096	2.752158	82.897454	88.371894	89.591557	88.008270	85.532952	85.909816	84.421053	81.467181	86.626410	85.558026	87.820063	95.320028	97.497858	97.846233	97.458649	96.713181	97.027458	96.816842	95.668961	96.439037	95.526901	96.597685	99.819339	99.931448	99.905612	99.879394	99.932751	99.916030	99.915789	99.882491	99.733594	99.617608	99.842161	99.931177	99.982862	99.965677	99.974156	99.983188	99.974809	100.000000	100.000000	99.946719	99.919964	99.964925	0.036181	0.037101	0.037790	0.037846	0.037249	0.038473	0.037712	0.038266	0.037909	0.038022	0.038277	0.034623	0.035446	0.036070	0.036119	0.035582	0.036629	0.035927	0.036437	0.036282	0.036367	0.036664	1.044326	1.046061	1.046950	1.047192	1.046131	1.049466	1.048636	1.049154	1.044469	1.045110	1.043575	1.019075	0.909172	0.876396	0.904931	0.964468	0.968835	0.990871	1.029546	0.922566	0.901795	0.871633	1.149960	1.055496	1.030025	1.053621	1.104175	1.110745	1.118863	1.166523	1.036282	1.009378	1.001147	0.000000	11994.000000	11994.000000	11994.000000	0.000000	9373.000000	8.604813	8.604813	0.047261	1.541042	710.000000	11994.000000	11284.000000	11284.000000	5.919626	8.667405	9.000000	0.064625	0.041638	1.942425	1.500229	80.144665	85.101600	85.664084	83.628639	73.597507	78.780336	80.686580	71.589899	80.681503	81.495552	82.061383
10	2.094804	0.092313	0.053440	0.053299	3.759789	2.934321	0.016860	0.013158	0.003859	0.003049	99.900117	99.974703	100.000000	97.063684	0.038330	0.005560	0.540664	0.021650	0.032733	0.034300	73.813624	140.870056	3.045438	2.773513	2.612983	2.693105	2.953538	3.011823	3.161345	3.586877	2.826445	2.959398	2.500977	85.073985	88.757498	90.475373	89.481392	86.474445	86.304476	84.993684	81.206983	87.159222	87.203201	89.565065	96.214728	97.883462	98.103655	97.984149	97.343645	97.455706	97.061053	96.138996	97.078412	95.927079	97.325500	99.922574	99.965724	99.914193	99.939697	99.983188	99.966412	99.907368	99.924459	99.849036	99.644286	99.903543	99.974191	100.000000	99.974258	99.991385	99.991594	100.000000	99.991579	99.991607	99.946719	99.866607	99.982462	0.039681	0.039450	0.038196	0.039421	0.039030	0.036565	0.037534	0.036548	0.038963	0.038528	0.038656	0.037848	0.037601	0.036455	0.037587	0.037256	0.034956	0.035806	0.034879	0.037297	0.036861	0.037043	1.047859	1.048534	1.047252	1.048346	1.047008	1.045376	1.047435	1.047031	1.044376	1.045041	1.043363	0.916935	0.850229	0.841121	0.828711	0.914553	0.928944	0.929836	0.987259	0.875369	0.883985	0.821715	1.067910	1.010542	1.004621	0.998669	1.048719	1.068019	1.085158	1.131722	0.995471	1.013087	0.955783	1.000000	11994.000000	11993.000000	11993.000000	0.008338	9546.000000	8.114037	8.114037	0.055349	1.522015	620.000000	11994.000000	11374.000000	11374.000000	5.169251	8.741252	9.000000	0.067882	0.045669	1.845900	1.442497	80.661098	86.614244	86.464954	84.777728	75.702173	78.211009	81.810139	70.043237	82.490594	82.807179	82.306362
11	1.953811	0.067828	0.046588	0.046386	3.365349	2.663652	0.015091	0.011945	0.003439	0.002761	99.928416	99.984672	100.000000	97.063684	0.039180	0.005141	0.535564	0.018898	0.032154	0.033938	74.385691	141.111378	2.842064	2.531926	2.450185	2.434412	2.752793	2.748631	2.853575	3.045348	2.491819	2.460380	2.290407	86.846180	90.599829	91.247640	92.186423	88.298588	88.731212	87.671579	85.588383	89.965367	90.253446	91.371449	96.937371	98.363325	98.515531	98.587181	97.822798	98.051894	97.515789	97.305691	97.824350	97.572254	98.202385	99.896765	99.982862	99.939935	99.948312	99.966375	99.966412	99.924211	99.941246	99.884557	99.857715	99.938618	99.974191	100.000000	99.991419	99.991385	100.000000	99.991603	100.000000	99.991607	99.937839	99.964429	99.982462	0.039148	0.039017	0.039260	0.040102	0.038548	0.038547	0.038009	0.039347	0.040122	0.038980	0.040729	0.037383	0.037254	0.037440	0.038244	0.036821	0.036762	0.036281	0.037479	0.038378	0.037341	0.038987	1.046851	1.046891	1.048222	1.048246	1.046468	1.047987	1.047134	1.049242	1.045236	1.043747	1.044609	0.880742	0.814622	0.795046	0.781672	0.868353	0.878282	0.876885	0.934822	0.811267	0.806528	0.766583	1.035841	0.975659	0.969136	0.952441	1.026956	1.041806	1.033606	1.087912	0.956312	0.945133	0.910827	0.000000	11994.000000	11994.000000	11994.000000	0.000000	9908.000000	7.343749	7.343749	0.040236	1.433636	489.000000	11994.000000	11505.000000	11505.000000	4.077039	8.941330	9.000000	0.054568	0.037120	1.741988	1.373795	83.305183	87.297656	88.184234	87.744575	76.487549	79.310345	84.187959	73.841724	82.838944	85.772951	84.705670
12	1.668161	0.060078	0.040272	0.040050	3.034096	2.422500	0.013606	0.010863	0.003100	0.002517	99.944913	99.987873	100.000000	97.063684	0.039370	0.004820	0.532426	0.016759	0.032621	0.034076	74.255070	141.181536	2.505783	2.259049	2.183509	2.234667	2.501817	2.597037	2.600083	2.747871	2.238624	2.277027	2.115542	89.986235	93.007712	93.710314	93.650930	90.484196	90.158704	90.248421	88.316267	91.581565	91.569586	92.704314	98.021335	98.843188	98.987472	98.854238	98.327169	98.337392	98.265263	98.052711	98.525886	98.176968	98.649597	99.922574	99.982862	99.957096	99.965541	99.957969	99.966412	99.941053	99.949639	99.946719	99.875500	99.956156	99.974191	100.000000	99.991419	100.000000	99.983188	99.991603	99.991579	99.991607	99.982240	99.955536	100.000000	0.039189	0.039179	0.038650	0.040270	0.039433	0.038431	0.038753	0.039517	0.041167	0.039379	0.039944	0.037461	0.037443	0.036910	0.038432	0.037689	0.036679	0.037005	0.037673	0.039358	0.037759	0.038247	1.045765	1.046055	1.046823	1.047550	1.045924	1.047333	1.046874	1.048331	1.045930	1.042885	1.044416	0.811060	0.760817	0.746042	0.738209	0.818495	0.838288	0.843123	0.865956	0.766989	0.763771	0.729855	0.978480	0.932225	0.925417	0.913669	0.980162	0.998013	1.009395	1.032963	0.903514	0.900955	0.889610	0.000000	11994.000000	11994.000000	11994.000000	0.000000	10213.000000	6.667267	6.667267	0.037753	1.220220	443.000000	11994.000000	11551.000000	11551.000000	3.693513	9.135573	10.000000	0.050659	0.035281	1.533829	1.191331	85.695306	89.146740	89.133121	88.444169	79.025239	81.797636	85.508888	76.522721	85.508036	86.726710	86.317871
13	1.647554	0.062676	0.040260	0.040075	2.977242	2.417738	0.013351	0.010842	0.003048	0.002527	99.946244	99.989389	100.000000	97.063684	0.038945	0.004626	0.532739	0.015914	0.032816	0.034006	74.233532	140.935589	2.512724	2.241516	2.224705	2.295067	2.439626	2.551360	2.563272	2.733687	2.266328	2.168211	2.178917	89.771163	93.804627	94.250901	93.633701	91.358440	91.712150	91.090526	88.954172	92.309742	93.357048	92.195721	97.943909	98.954584	99.159087	99.000689	98.486886	98.715257	98.568421	98.178613	98.428204	98.701645	98.746054	99.931177	99.974293	99.965677	99.965541	99.957969	99.958015	99.941053	99.932852	99.928958	99.919964	99.956156	99.974191	100.000000	99.982839	100.000000	100.000000	99.991603	100.000000	99.991607	99.955599	99.982214	100.000000	0.039826	0.040392	0.039669	0.040474	0.037966	0.037510	0.037242	0.038346	0.039378	0.039428	0.038917	0.038048	0.038559	0.037891	0.038621	0.036332	0.035877	0.035652	0.036636	0.037727	0.037752	0.037301	1.046448	1.047195	1.046635	1.047719	1.044670	1.045153	1.044288	1.046163	1.043653	1.044335	1.043250	0.805876	0.724911	0.739269	0.732612	0.808666	0.812449	0.816525	0.874928	0.751047	0.733868	0.723273	0.967467	0.913877	0.918695	0.915174	0.967350	0.981363	0.986046	1.026549	0.895313	0.900625	0.881202	0.000000	11994.000000	11994.000000	11994.000000	0.000000	10258.000000	6.523652	6.523652	0.041305	1.194399	405.000000	11994.000000	11589.000000	11589.000000	3.376688	9.151437	10.000000	0.055292	0.040376	1.533040	1.175887	85.444268	89.663673	88.873239	89.222350	79.316032	80.424794	85.901668	76.450719	85.535390	88.467471	86.863343
14	1.569398	0.050840	0.036897	0.036637	2.773623	2.245812	0.012438	0.010071	0.002838	0.002320	99.959270	99.992420	100.000000	97.063684	0.037752	0.004239	0.535620	0.014566	0.034385	0.034606	74.540211	141.937830	2.387419	2.166414	2.058895	2.124718	2.321712	2.274528	2.335759	2.478937	2.030961	2.032698	1.979737	91.190640	94.053128	94.551227	94.469331	92.283120	93.240406	92.269474	91.212019	93.126721	93.463762	93.546124	98.382657	99.117395	99.150506	99.035148	98.671822	98.858007	98.677895	98.539533	98.818933	98.612717	98.860049	99.939780	99.974293	99.957096	99.965541	99.974781	99.983206	99.966316	99.949639	99.946719	99.937750	99.973693	99.982794	100.000000	99.991419	99.991385	99.991594	100.000000	99.991579	99.991607	99.991120	99.982214	100.000000	0.037229	0.036854	0.038297	0.037735	0.037120	0.037630	0.037681	0.038042	0.038737	0.038622	0.037989	0.035696	0.035330	0.036612	0.036128	0.035588	0.035997	0.036022	0.036385	0.037210	0.037091	0.036501	1.042631	1.042891	1.045792	1.044362	1.042782	1.045081	1.045678	1.045122	1.041019	1.041295	1.040724	0.782486	0.747508	0.714439	0.716790	0.782085	0.769930	0.771629	0.816342	0.740767	0.723348	0.709573	0.949660	0.916901	0.907096	0.900155	0.948265	0.941478	0.949038	0.979935	0.863952	0.865700	0.857236	0.000000	11994.000000	11994.000000	11994.000000	0.000000	10413.000000	6.210460	6.210460	0.032295	1.132210	365.000000	11994.000000	11629.000000	11629.000000	3.043188	9.275518	10.000000	0.044829	0.030753	1.453001	1.131419	86.479345	89.991228	89.971020	89.533040	79.470771	84.690441	87.193696	79.968917	86.035792	88.576084	87.213672
15	1.500718	0.058861	0.037160	0.036968	2.731920	2.220957	0.012251	0.009959	0.002781	0.002308	99.966910	99.992252	100.000000	97.063684	0.038104	0.004194	0.534059	0.014170	0.033675	0.034261	74.103213	140.876158	2.276716	2.113936	1.976923	2.117607	2.309406	2.261225	2.288807	2.532469	2.010513	1.953569	2.024530	92.214384	94.550129	94.954522	94.641626	92.190652	93.567890	93.271579	90.263555	93.402007	94.299689	93.888109	98.468685	99.305913	99.313540	99.164369	98.688635	98.908389	98.812632	98.413631	98.934375	99.039573	98.842511	99.931177	99.982862	99.982839	99.974156	99.983188	99.983206	99.966316	99.966426	99.946719	99.964429	99.973693	99.982794	100.000000	100.000000	100.000000	100.000000	99.991603	100.000000	99.991607	99.982240	99.973321	99.991231	0.038956	0.038524	0.038225	0.039935	0.037445	0.039107	0.037852	0.037660	0.037385	0.036752	0.037780	0.037276	0.036854	0.036544	0.038122	0.035919	0.037364	0.036198	0.036025	0.035969	0.035305	0.036254	1.044870	1.045198	1.045866	1.047480	1.042414	1.046401	1.045493	1.044995	1.039331	1.040761	1.042163	0.742944	0.699938	0.689825	0.692629	0.752728	0.751699	0.758643	0.796543	0.727792	0.709184	0.701564	0.914959	0.882974	0.883888	0.891789	0.928550	0.932560	0.936293	0.979012	0.864900	0.866709	0.871089	0.000000	11994.000000	11994.000000	11994.000000	0.000000	10492.000000	14.059027	14.059027	0.040746	1.089911	359.000000	11994.000000	11635.000000	11635.000000	2.993163	9.369145	10.000000	0.050575	0.037850	1.373404	1.058762	88.116197	90.166521	91.047920	89.972685	81.861390	84.117393	88.445560	79.929213	87.575675	89.780031	87.867943
16	1.510678	0.047070	0.035161	0.034900	2.611720	2.132544	0.011712	0.009563	0.002667	0.002197	99.961415	99.995452	100.000000	97.063684	0.038481	0.004093	0.531780	0.013587	0.033991	0.034435	74.801040	142.011597	2.198654	1.981244	1.897684	1.980423	2.213920	2.189123	2.224375	2.426502	1.893985	1.838057	1.846729	92.524088	94.807198	95.477947	95.399724	92.829523	94.080107	93.650526	91.077724	94.334429	95.046687	94.686075	98.812801	99.340189	99.365025	99.302205	99.024882	98.933580	98.955789	98.682223	98.943255	99.119609	99.096808	99.939780	99.991431	99.974258	99.991385	99.966375	99.974809	99.966316	99.932852	99.955599	99.937750	99.964925	99.991397	100.000000	100.000000	100.000000	99.991594	100.000000	99.991579	100.000000	99.982240	99.991107	100.000000	0.039171	0.038446	0.038974	0.039316	0.039441	0.037597	0.037782	0.038707	0.037957	0.038492	0.037884	0.037509	0.036804	0.037251	0.037564	0.037725	0.035989	0.036159	0.036999	0.036516	0.037005	0.036431	1.044064	1.044457	1.046191	1.046521	1.045410	1.044471	1.044703	1.045883	1.039410	1.040228	1.039838	0.746728	0.689884	0.671819	0.684117	0.746873	0.738063	0.740412	0.791313	0.736580	0.693362	0.690103	0.928859	0.882375	0.871789	0.879496	0.929755	0.917342	0.933137	0.961732	0.853260	0.834407	0.851929	0.000000	11994.000000	11994.000000	11994.000000	0.000000	10580.000000	5.908493	5.908493	0.030957	1.095442	337.000000	11994.000000	11657.000000	11657.000000	2.809738	9.406279	10.000000	0.041673	0.029379	1.366559	1.068129	87.895570	90.869299	91.406524	91.032179	81.420435	84.728682	89.356371	79.875948	88.206654	89.484629	88.616071
17	1.433097	0.049769	0.034225	0.033977	2.557603	2.103833	0.011469	0.009434	0.002614	0.002164	99.974881	99.993936	100.000000	97.063684	0.037984	0.003817	0.532856	0.012791	0.034511	0.034613	74.382940	141.508644	2.227511	1.913483	1.954435	2.028942	2.099489	2.080596	2.180053	2.330577	1.854049	1.825526	1.850304	91.577770	95.218509	95.108975	94.994831	94.216543	94.978588	93.642105	92.420682	94.023621	94.459760	94.466854	98.718169	99.348757	99.347863	99.362509	98.949227	99.185490	98.972632	98.749370	99.032058	99.057359	99.193266	99.956986	99.991431	99.991419	99.991385	99.983188	99.991603	99.983158	99.966426	99.955599	99.946643	99.973693	99.982794	100.000000	100.000000	100.000000	99.991594	100.000000	99.991579	100.000000	99.982240	99.991107	99.991231	0.038494	0.038168	0.038731	0.038592	0.037761	0.036746	0.036827	0.037388	0.038780	0.038792	0.038171	0.036892	0.036554	0.037018	0.036924	0.036228	0.035193	0.035261	0.035803	0.037320	0.037278	0.036706	1.043375	1.044113	1.046233	1.045202	1.042237	1.043976	1.044252	1.043987	1.039242	1.040786	1.039996	0.742949	0.674383	0.671812	0.678359	0.721054	0.715239	0.720140	0.767634	0.727908	0.697356	0.687624	0.913470	0.869455	0.864541	0.875886	0.902745	0.895398	0.914792	0.946571	0.850232	0.841908	0.842931	1.000000	11994.000000	11993.000000	11993.000000	0.008338	10655.000000	5.615161	5.615161	0.032510	1.112862	321.000000	11994.000000	11673.000000	11673.000000	2.676338	9.465861	10.000000	0.043748	0.030636	1.372114	1.091742	88.124726	91.699466	90.630473	90.629665	83.778659	86.429739	88.519637	81.506967	87.985929	90.320542	89.672701
18	1.352515	0.042484	0.031568	0.031264	2.419456	1.975068	0.010850	0.008857	0.002464	0.002045	99.978767	99.996210	100.000000	97.063684	0.038096	0.003703	0.532255	0.012447	0.034578	0.034537	74.521055	141.649976	2.066557	1.873749	1.841141	1.874117	2.022597	2.040498	2.050660	2.208856	1.749068	1.700198	1.741918	93.719890	96.041131	96.250215	95.899380	94.519166	94.903015	94.618947	93.495048	95.107006	95.624722	95.264819	98.898830	99.545844	99.416509	99.396968	99.058507	99.177093	99.014737	98.917240	99.120860	99.270787	99.202034	99.939780	100.000000	99.991419	99.974156	99.991594	99.991603	99.983158	99.983213	99.964479	99.973321	99.982462	99.991397	100.000000	100.000000	100.000000	100.000000	100.000000	99.991579	100.000000	99.982240	99.991107	100.000000	0.038059	0.038706	0.038609	0.037766	0.038326	0.037568	0.037318	0.037226	0.039053	0.038488	0.038455	0.036513	0.037048	0.036938	0.036183	0.036733	0.035965	0.035725	0.035672	0.037556	0.037010	0.037005	1.042250	1.044725	1.045216	1.043788	1.043370	1.044456	1.044441	1.043339	1.039949	1.040050	1.039284	0.702608	0.657215	0.649179	0.657657	0.695788	0.705038	0.699767	0.745800	0.680645	0.661630	0.663893	0.886845	0.856801	0.853694	0.862588	0.883342	0.888073	0.897526	0.926715	0.826684	0.820222	0.821980	1.000000	11994.000000	11993.000000	11993.000000	0.008338	10732.000000	5.406687	5.406687	0.028301	0.999101	283.000000	11994.000000	11711.000000	11711.000000	2.359513	9.522073	10.000000	0.038646	0.027005	1.282896	0.987219	89.229422	91.357056	91.312320	90.673439	83.834393	86.873713	89.883871	82.395815	89.047876	91.162162	89.765743
19	1.324466	0.053733	0.032849	0.032640	2.414229	1.997945	0.010826	0.008959	0.002472	0.002073	99.978955	99.993936	100.000000	97.063684	0.038168	0.003615	0.531691	0.011514	0.034169	0.034387	74.133016	141.193457	1.958901	1.817908	1.801548	1.827769	2.047871	2.033743	2.173968	2.198791	1.839669	1.850674	1.779234	94.408121	95.861183	96.233053	96.278429	94.435104	95.280880	94.105263	93.881148	95.115887	95.482437	94.940372	99.131108	99.554413	99.502317	99.431427	99.142569	99.219078	99.006316	99.043143	99.289584	99.288573	99.403718	99.965588	100.000000	99.991419	99.991385	99.983188	99.991603	99.983158	99.983213	99.973359	99.928857	99.982462	99.982794	100.000000	100.000000	100.000000	100.000000	100.000000	99.991579	100.000000	99.973359	99.991107	99.991231	0.038700	0.038153	0.038422	0.038942	0.037753	0.038216	0.037912	0.038212	0.037779	0.037104	0.039056	0.037107	0.036554	0.036769	0.037281	0.036218	0.036552	0.036277	0.036589	0.036329	0.035666	0.037522	1.042881	1.043757	1.044988	1.044539	1.042395	1.045446	1.044966	1.044235	1.040046	1.040358	1.041048	0.686971	0.653916	0.637839	0.646066	0.708056	0.695809	0.714344	0.738143	0.675008	0.669497	0.670128	0.877044	0.854638	0.845897	0.848758	0.892519	0.890323	0.902062	0.926067	0.831485	0.837542	0.823505	0.000000	11994.000000	11994.000000	11994.000000	0.000000	10791.000000	5.281205	5.281205	0.038502	0.984365	282.000000	11994.000000	11712.000000	11712.000000	2.351176	9.568135	10.000000	0.048466	0.036492	1.264614	0.970410	90.431125	91.696468	92.133950	92.186405	84.241279	86.266941	89.656062	83.787957	89.027790	91.104709	89.618946
20	1.289935	0.043113	0.030852	0.030553	2.284872	1.875487	0.010246	0.008410	0.002332	0.001936	99.985757	99.999242	100.000000	97.063684	0.038556	0.003517	0.529960	0.011207	0.034121	0.034363	74.491823	141.592492	1.962738	1.752748	1.736824	1.767974	1.943458	1.948800	1.905332	2.088032	1.668183	1.650495	1.675676	94.210255	96.358183	96.430410	96.476568	95.132818	95.415232	95.427368	94.183314	95.630939	95.793686	95.633111	99.088094	99.520137	99.562382	99.483115	99.277068	99.244269	99.250526	99.169045	99.280703	99.306358	99.351105	99.965588	100.000000	100.000000	100.000000	99.983188	99.983206	99.991579	99.966426	99.982240	99.991107	99.991231	99.991397	100.000000	100.000000	100.000000	100.000000	100.000000	100.000000	100.000000	100.000000	100.000000	100.000000	0.038703	0.038493	0.038597	0.038728	0.038337	0.038757	0.039112	0.037739	0.038926	0.038255	0.038879	0.037097	0.036870	0.036920	0.037080	0.036763	0.037070	0.037392	0.036166	0.037461	0.036795	0.037359	1.043399	1.044050	1.045445	1.044485	1.042852	1.045516	1.045973	1.043474	1.039190	1.039674	1.040868	0.684707	0.634567	0.629309	0.643803	0.680392	0.672700	0.675917	0.725437	0.665455	0.646547	0.643682	0.869135	0.837732	0.840016	0.836609	0.877290	0.877439	0.872279	0.909745	0.806323	0.814556	0.809866	0.000000	11994.000000	11994.000000	11994.000000	0.000000	10856.000000	5.108199	5.108199	0.027582	0.961410	258.000000	11994.000000	11736.000000	11736.000000	2.151076	9.637185	10.000000	0.038081	0.026473	1.215781	0.947727	89.983379	92.669975	92.318424	92.302309	84.902263	87.995548	90.759189	84.349315	90.387207	91.545872	90.708633
21	1.379487	0.048997	0.032946	0.032728	2.397663	1.981784	0.010752	0.008887	0.002456	0.002059	99.983185	99.998484	100.000000	97.063684	0.038612	0.003509	0.529237	0.010964	0.033275	0.033933	74.305907	140.741254	1.928880	1.896826	1.779202	1.749284	1.937930	2.051601	2.080323	2.147000	1.897236	1.977720	1.785323	94.580179	95.664096	95.409302	96.605789	95.519502	94.986985	94.012632	93.805607	94.618595	94.566474	95.527885	99.182725	99.477292	99.476575	99.371123	99.302286	99.303048	99.107368	99.051536	99.245182	99.190751	99.333567	99.974191	99.991431	100.000000	99.991385	99.991594	99.991603	99.983158	99.974820	99.982240	99.964429	99.982462	99.991397	100.000000	100.000000	100.000000	100.000000	100.000000	100.000000	100.000000	99.991120	100.000000	100.000000	0.037916	0.037884	0.038730	0.040094	0.038622	0.037637	0.038448	0.038948	0.038798	0.038053	0.040041	0.036385	0.036317	0.037063	0.038327	0.037028	0.036067	0.036797	0.037259	0.037229	0.036532	0.038338	1.042057	1.043153	1.045003	1.046194	1.043116	1.043523	1.044832	1.045283	1.042247	1.041746	1.044604	0.677615	0.657381	0.630783	0.626219	0.675969	0.695766	0.687659	0.715474	0.675899	0.670253	0.640564	0.867950	0.856031	0.843890	0.837406	0.868710	0.892535	0.884269	0.913531	0.838904	0.852301	0.827869	0.000000	11994.000000	11994.000000	11994.000000	0.000000	10841.000000	2018242.389889	2018242.389889	0.036392	1.040897	260.000000	11994.000000	11734.000000	11734.000000	2.167751	9.615476	10.000000	0.046072	0.035956	1.286001	1.012418	89.669349	92.544203	92.107326	92.478573	84.879430	86.592992	90.986351	83.785635	90.802841	90.869839	90.826667
22	1.257903	0.041168	0.029577	0.029269	2.203640	1.800561	0.009882	0.008074	0.002244	0.001860	99.983902	99.998484	100.000000	97.063684	0.038716	0.003484	0.528817	0.011278	0.034282	0.034399	74.410579	141.504433	1.868459	1.679260	1.678021	1.705608	1.808513	1.839364	1.910007	1.991652	1.600753	1.633512	1.629713	94.993118	96.820908	97.082547	97.079600	95.838937	96.179360	95.688421	94.653349	96.163751	96.327257	96.273237	99.277357	99.597258	99.605286	99.483115	99.386348	99.445797	99.149474	99.244586	99.360625	99.386394	99.421256	99.965588	99.991431	99.991419	99.982771	99.991594	100.000000	99.991579	99.966426	99.982240	99.973321	99.991231	100.000000	100.000000	100.000000	100.000000	99.991594	100.000000	100.000000	100.000000	99.991120	100.000000	100.000000	0.037814	0.037895	0.038443	0.039172	0.038817	0.039175	0.039015	0.038118	0.039193	0.039454	0.039210	0.036302	0.036331	0.036806	0.037500	0.037219	0.037444	0.037308	0.036536	0.037757	0.037937	0.037701	1.041668	1.043055	1.044520	1.044668	1.042981	1.046245	1.045643	1.043273	1.038295	1.040239	1.040291	0.672834	0.626962	0.607012	0.622691	0.665038	0.653885	0.664684	0.700745	0.660486	0.647347	0.638533	0.860326	0.833956	0.829465	0.827062	0.861148	0.861305	0.869732	0.888435	0.793878	0.809631	0.802386	0.000000	11994.000000	11994.000000	11994.000000	0.000000	10941.000000	4.929046	4.929046	0.027831	0.921423	241.000000	11994.000000	11753.000000	11753.000000	2.009338	9.710627	10.000000	0.037005	0.026481	1.176830	0.913092	90.855097	93.146038	93.332173	92.405063	86.289287	89.018132	90.994854	85.096565	90.792310	92.146644	91.374567
23	1.224945	0.040023	0.028798	0.028486	2.161723	1.778283	0.009694	0.007974	0.002203	0.001834	99.987861	99.996968	100.000000	97.063684	0.038290	0.003248	0.529744	0.010231	0.034658	0.034581	74.383091	141.315158	1.795871	1.661467	1.590811	1.651465	1.878803	1.854628	1.865590	1.950967	1.626347	1.586354	1.573872	95.363042	96.855184	97.065385	97.088215	95.351379	96.187757	95.671579	95.005875	96.083829	96.469542	96.325851	99.328975	99.614396	99.639609	99.500345	99.293880	99.387018	99.309474	99.185832	99.360625	99.439751	99.421256	99.982794	100.000000	100.000000	100.000000	99.991594	100.000000	99.983158	99.974820	99.973359	99.973321	99.991231	100.000000	100.000000	100.000000	100.000000	100.000000	100.000000	99.991579	100.000000	99.991120	99.982214	100.000000	0.037821	0.038740	0.039248	0.038345	0.037756	0.037396	0.037980	0.038317	0.038328	0.038929	0.038766	0.036316	0.037085	0.037542	0.036738	0.036237	0.035855	0.036421	0.036717	0.036892	0.037420	0.037290	1.041484	1.044692	1.045560	1.043802	1.041943	1.043061	1.042846	1.043589	1.039017	1.040439	1.039814	0.659807	0.614592	0.599386	0.610944	0.671908	0.657109	0.668306	0.691007	0.645757	0.640884	0.627125	0.838747	0.830758	0.822182	0.828127	0.863941	0.858801	0.867421	0.888768	0.805923	0.808054	0.798480	0.000000	11994.000000	11994.000000	11994.000000	0.000000	11000.000000	4.849221	4.849221	0.027188	0.898191	223.000000	11994.000000	11771.000000	11771.000000	1.859263	9.734432	11.000000	0.036158	0.025707	1.137499	0.872209	90.953503	93.625706	93.346669	93.221670	85.788799	89.102400	91.625995	85.626494	91.567238	92.355372	91.087265
24	1.198292	0.040492	0.028418	0.028106	2.130332	1.749518	0.009553	0.007845	0.002170	0.001805	99.980471	99.997726	100.000000	97.063684	0.038756	0.003304	0.528159	0.010210	0.033741	0.034153	74.422317	141.435227	1.776148	1.655094	1.573836	1.652140	1.801718	1.799453	1.843782	1.890725	1.715956	1.552763	1.576105	95.715760	97.017995	97.503003	97.260510	95.721251	96.431270	95.764211	95.568239	96.092709	96.594042	96.220624	99.363386	99.614396	99.596705	99.543418	99.369536	99.387018	99.275789	99.353702	99.413906	99.502001	99.412487	99.956986	100.000000	99.991419	99.991385	99.974781	100.000000	99.983158	99.974820	99.964479	99.964429	99.991231	99.991397	100.000000	100.000000	100.000000	100.000000	100.000000	99.991579	100.000000	99.991120	100.000000	100.000000	0.038764	0.039976	0.039110	0.039554	0.038124	0.038879	0.038449	0.037834	0.038619	0.038314	0.039059	0.037191	0.038221	0.037419	0.037830	0.036591	0.037196	0.036843	0.036270	0.037056	0.036856	0.037568	1.042388	1.046043	1.045319	1.045690	1.042004	1.045346	1.043609	1.043106	1.042280	1.039553	1.039945	0.657951	0.607573	0.599840	0.606347	0.658398	0.640020	0.659624	0.675604	0.643202	0.627537	0.630440	0.850037	0.822750	0.818760	0.822021	0.852940	0.843675	0.862072	0.874694	0.821646	0.808841	0.793360	1.000000	11994.000000	11993.000000	11993.000000	0.008338	11019.000000	4.690283	4.690283	0.027499	0.885634	219.000000	11994.000000	11775.000000	11775.000000	1.825913	9.768408	11.000000	0.036145	0.025671	1.124279	0.873006	91.417357	93.382545	93.584282	93.002356	86.637599	89.892436	91.944872	86.706485	91.263790	92.771193	91.297791
25	1.196847	0.036749	0.027830	0.027495	2.096353	1.719330	0.009401	0.007710	0.002129	0.001783	99.983639	99.997726	100.000000	97.063684	0.038435	0.003209	0.529157	0.010403	0.034888	0.034678	74.506450	141.837815	1.782234	1.563331	1.536525	1.633030	1.762266	1.802057	1.882660	1.903879	1.524248	1.488024	1.534480	95.526497	97.292202	97.563068	97.303584	96.208810	96.624402	95.957895	95.417156	96.740964	96.869720	96.808137	99.303166	99.691517	99.691093	99.526189	99.352724	99.538164	99.351579	99.236193	99.511589	99.653179	99.473869	99.948383	100.000000	100.000000	99.991385	99.983188	100.000000	99.991579	99.966426	99.982240	99.982214	99.991231	99.991397	100.000000	100.000000	100.000000	100.000000	100.000000	100.000000	100.000000	99.991120	99.991107	100.000000	0.038056	0.038262	0.038751	0.038319	0.038631	0.038175	0.037930	0.037922	0.038925	0.039139	0.039099	0.036561	0.036665	0.037059	0.036705	0.037077	0.036586	0.036375	0.036369	0.037485	0.037621	0.037634	1.040962	1.043631	1.045780	1.044040	1.042081	1.043562	1.042822	1.042662	1.038604	1.040529	1.039106	0.657221	0.599099	0.591782	0.612314	0.642753	0.644650	0.656297	0.676507	0.638306	0.614836	0.625100	0.844863	0.819157	0.811502	0.834172	0.844462	0.854251	0.850573	0.874677	0.790433	0.796867	0.790687	0.000000	11994.000000	11994.000000	11994.000000	0.000000	11043.000000	4.887817	4.887817	0.024696	0.874930	230.000000	11994.000000	11764.000000	11764.000000	1.917625	9.778307	11.000000	0.033348	0.023847	1.110962	0.867092	91.733589	93.900426	93.694007	93.303065	86.763070	89.245750	91.799486	86.277858	91.630035	92.750629	91.549796
26	1.146983	0.034480	0.026503	0.026140	2.021797	1.662163	0.009066	0.007454	0.002048	0.001703	99.986482	99.999242	100.000000	97.063684	0.038261	0.003112	0.529492	0.009907	0.035214	0.034655	74.569138	141.706799	1.708213	1.579976	1.517483	1.581386	1.679415	1.724457	1.686329	1.795721	1.510283	1.476005	1.523422	95.905024	97.275064	97.554488	97.596485	96.477808	96.817533	96.614737	96.055061	96.572240	96.860827	96.685374	99.397798	99.700086	99.631028	99.603722	99.419973	99.538164	99.368421	99.370489	99.591511	99.590929	99.544020	99.965588	100.000000	100.000000	100.000000	99.983188	100.000000	99.983158	99.974820	99.982240	99.982214	99.991231	100.000000	100.000000	100.000000	100.000000	100.000000	100.000000	100.000000	100.000000	99.991120	100.000000	100.000000	0.037668	0.038700	0.038579	0.037820	0.037168	0.037722	0.038085	0.038085	0.039547	0.039042	0.038915	0.036194	0.037066	0.036942	0.036257	0.035741	0.036165	0.036532	0.036514	0.038107	0.037595	0.037436	1.040793	1.044204	1.044453	1.043240	1.039972	1.043210	1.042589	1.043105	1.038041	1.038735	1.039778	0.638264	0.598266	0.585190	0.602276	0.631606	0.633538	0.628330	0.656820	0.646088	0.619132	0.627569	0.835038	0.819398	0.816550	0.818945	0.835203	0.844978	0.838882	0.861832	0.777630	0.788164	0.793173	1.000000	11994.000000	11993.000000	11993.000000	0.008338	11089.000000	4.517692	4.517692	0.023694	0.851682	219.000000	11994.000000	11775.000000	11775.000000	1.825913	9.832781	11.000000	0.032080	0.022729	1.079416	0.838825	91.609977	93.897569	93.827697	93.464223	88.016070	90.190387	93.058290	87.665386	91.885591	93.021376	91.786411
27	1.187804	0.035244	0.027297	0.026946	2.061234	1.697416	0.009243	0.007612	0.002098	0.001745	99.985492	99.997726	100.000000	97.063684	0.038638	0.003040	0.527787	0.009375	0.034573	0.034444	74.647275	141.661347	1.744807	1.563229	1.553272	1.600232	1.689394	1.692435	1.712280	1.869658	1.542932	1.526914	1.542230	95.543703	97.369323	97.237000	97.260510	96.477808	96.926694	96.345263	95.333221	96.696563	96.531792	96.352157	99.406401	99.682948	99.673932	99.586492	99.436785	99.504576	99.393684	99.244586	99.413906	99.644286	99.517713	99.974191	100.000000	100.000000	100.000000	99.983188	100.000000	99.983158	99.966426	99.982240	99.973321	99.991231	100.000000	100.000000	100.000000	100.000000	99.991594	100.000000	99.991579	100.000000	99.991120	100.000000	100.000000	0.038840	0.038623	0.038903	0.039098	0.038394	0.038449	0.037563	0.038774	0.039185	0.038697	0.038851	0.037285	0.036990	0.037231	0.037435	0.036849	0.036835	0.036072	0.037154	0.037691	0.037268	0.037370	1.041763	1.044273	1.045099	1.044587	1.041999	1.043941	1.041425	1.043720	1.039726	1.038516	1.039876	0.649754	0.593522	0.592804	0.601488	0.636978	0.627835	0.635601	0.670365	0.633803	0.635823	0.622764	0.844425	0.816712	0.818599	0.824780	0.843087	0.836584	0.848579	0.874415	0.795799	0.797676	0.800335	1.000000	11994.000000	11993.000000	11993.000000	0.008338	11085.000000	4.513910	4.513910	0.023900	0.906092	193.000000	11994.000000	11801.000000	11801.000000	1.609138	9.814507	11.000000	0.032566	0.022988	1.143228	0.881529	91.493993	94.155900	93.708236	93.597561	88.407404	90.030675	92.856533	86.705842	91.644277	92.945500	91.496900
28	1.123538	0.036410	0.026424	0.026082	2.002860	1.649136	0.008981	0.007395	0.002038	0.001716	99.989473	99.999242	100.000000	97.063684	0.038925	0.003082	0.527500	0.009623	0.033886	0.034285	74.457946	141.661413	1.736771	1.592025	1.510541	1.542848	1.685821	1.697091	1.681529	1.767190	1.562680	1.457282	1.498570	95.930833	97.446444	97.914879	97.889387	96.486214	96.834327	96.816842	96.206144	96.900808	97.172076	97.132585	99.406401	99.622965	99.656770	99.629566	99.428379	99.487782	99.360000	99.462817	99.520469	99.573144	99.614170	99.974191	100.000000	100.000000	100.000000	100.000000	99.991603	99.983158	99.966426	99.982240	99.991107	100.000000	100.000000	100.000000	100.000000	100.000000	100.000000	100.000000	100.000000	100.000000	99.991120	100.000000	100.000000	0.039308	0.039260	0.038938	0.039549	0.038394	0.038583	0.038328	0.038459	0.039478	0.039034	0.039185	0.037703	0.037561	0.037239	0.037862	0.036863	0.036952	0.036737	0.036875	0.037910	0.037549	0.037635	1.042698	1.045373	1.045770	1.044697	1.041685	1.044262	1.043435	1.043012	1.041585	1.039765	1.041377	0.638374	0.589919	0.577452	0.593815	0.629440	0.629805	0.626065	0.654114	0.627811	0.604536	0.605073	0.831229	0.814571	0.814201	0.809192	0.835470	0.834900	0.840779	0.860549	0.802036	0.776165	0.790978	1.000000	11994.000000	11993.000000	11993.000000	0.008338	11118.000000	4.455234	4.455234	0.024988	0.840245	190.000000	11994.000000	11804.000000	11804.000000	1.584125	9.838106	11.000000	0.033459	0.024096	1.069502	0.832277	92.024380	93.910784	93.673523	93.304310	88.717380	89.866303	92.816877	87.654321	92.149315	93.083341	92.220550
29	1.132218	0.033481	0.026023	0.025658	1.969295	1.625022	0.008831	0.007287	0.002005	0.001667	99.987861	99.998484	100.000000	97.063684	0.038685	0.003063	0.528154	0.009765	0.034802	0.034604	74.646698	141.912349	1.685524	1.515056	1.503457	1.569358	1.696371	1.670275	1.632822	1.768294	1.438891	1.419488	1.464807	96.145905	97.643530	98.069332	97.734321	96.788837	97.103031	96.884211	96.264898	96.962970	97.180969	96.913364	99.423606	99.725793	99.682512	99.586492	99.462004	99.521370	99.494737	99.420849	99.573750	99.653179	99.614170	99.965588	99.991431	99.991419	100.000000	100.000000	100.000000	99.983158	99.974820	99.982240	99.982214	100.000000	100.000000	100.000000	100.000000	100.000000	100.000000	100.000000	99.991579	100.000000	99.991120	100.000000	100.000000	0.038835	0.037886	0.038602	0.038684	0.038383	0.038784	0.038832	0.038313	0.039085	0.039601	0.038898	0.037249	0.036318	0.036954	0.037044	0.036840	0.037152	0.037229	0.036722	0.037664	0.038139	0.037447	1.042720	1.043303	1.044800	1.044411	1.042061	1.044112	1.043180	1.043370	1.037950	1.038643	1.039018	0.633808	0.589963	0.587266	0.595673	0.626594	0.616375	0.621296	0.649634	0.619417	0.618335	0.610770	0.833540	0.813352	0.816156	0.812077	0.831467	0.835896	0.832275	0.856756	0.774382	0.779439	0.783921	0.000000	11994.000000	11994.000000	11994.000000	0.000000	11147.000000	4.500462	4.500462	0.022949	0.824947	196.000000	11994.000000	11798.000000	11798.000000	1.634150	9.863112	11.000000	0.031154	0.022090	1.046508	0.821787	92.125436	94.339459	94.073753	93.555691	88.420514	90.735532	92.879733	87.393526	92.095358	93.694502	92.643414
30	1.139050	0.033995	0.026261	0.025909	1.984007	1.640372	0.008897	0.007356	0.002014	0.001684	99.987071	100.000000	100.000000	97.063684	0.038526	0.002956	0.528234	0.009241	0.034642	0.034444	74.698577	141.739327	1.699705	1.519002	1.472108	1.554393	1.684521	1.679438	1.684846	1.751523	1.439452	1.425821	1.504415	95.586717	97.420737	97.769006	97.596485	96.242434	96.800739	96.690526	96.248111	97.096173	97.163184	97.053665	99.440812	99.691517	99.768320	99.620951	99.495629	99.496179	99.452632	99.437636	99.564870	99.662072	99.596633	99.974191	100.000000	100.000000	99.982771	99.991594	100.000000	99.991579	99.966426	99.991120	99.982214	99.991231	100.000000	100.000000	100.000000	100.000000	100.000000	100.000000	100.000000	100.000000	100.000000	100.000000	100.000000	0.038796	0.038364	0.039046	0.038988	0.038121	0.037584	0.038135	0.038232	0.039263	0.039096	0.038556	0.037253	0.036758	0.037382	0.037330	0.036598	0.036058	0.036583	0.036656	0.037811	0.037621	0.037038	1.041621	1.043851	1.044744	1.044629	1.041799	1.042465	1.042537	1.043054	1.038630	1.039430	1.041187	0.639889	0.583832	0.577901	0.588670	0.631733	0.629406	0.620146	0.649130	0.618654	0.603727	0.605818	0.826429	0.817500	0.812150	0.815740	0.826353	0.837399	0.833673	0.853902	0.778587	0.784075	0.790835	0.000000	11994.000000	11994.000000	11994.000000	0.000000	11130.000000	4.411094	4.411094	0.023577	0.839865	199.000000	11994.000000	11795.000000	11795.000000	1.659163	9.854599	11.000000	0.031621	0.022716	1.064776	0.828339	91.879411	94.277787	94.177874	93.560474	87.512803	89.932657	92.814422	87.853492	92.780365	93.486453	92.759660
31	1.125620	0.034578	0.026171	0.025803	1.936698	1.579587	0.008685	0.007083	0.001963	0.001629	99.991366	99.999242	100.000000	97.063684	0.038414	0.002856	0.528293	0.008707	0.035044	0.034628	74.523454	141.900122	1.626211	1.499902	1.456810	1.529882	1.611414	1.642080	1.630952	1.694758	1.438196	1.402836	1.459671	96.455609	97.557841	97.863395	97.536182	97.057835	97.170207	96.917895	96.457949	96.918569	97.261005	96.676605	99.509635	99.648672	99.759739	99.629566	99.512441	99.512973	99.418947	99.437636	99.529349	99.653179	99.561557	99.991397	100.000000	100.000000	99.991385	100.000000	100.000000	99.991579	99.983213	99.982240	99.982214	99.991231	100.000000	100.000000	100.000000	100.000000	100.000000	100.000000	100.000000	100.000000	99.991120	100.000000	100.000000	0.037654	0.038525	0.038390	0.038060	0.038478	0.038662	0.038080	0.038449	0.039157	0.038853	0.038503	0.036188	0.036909	0.036764	0.036497	0.036933	0.037041	0.036530	0.036852	0.037739	0.037414	0.037048	1.040562	1.043913	1.044400	1.042990	1.042017	1.043968	1.042535	1.043457	1.037784	1.038693	1.039494	0.623216	0.580771	0.573051	0.593446	0.618416	0.609519	0.610997	0.635580	0.626170	0.608551	0.612383	0.821335	0.805199	0.806464	0.811987	0.826195	0.830332	0.827755	0.849659	0.771303	0.777436	0.789040	0.000000	11994.000000	11994.000000	11994.000000	0.000000	11181.000000	4.632788	4.632788	0.023070	0.824735	181.000000	11994.000000	11813.000000	11813.000000	1.509088	9.906544	11.000000	0.032769	0.022168	1.057606	0.807471	92.581318	94.370345	94.208427	93.977372	88.602096	91.361702	93.316832	88.808572	92.759331	93.710241	92.812887
32	1.079083	0.032899	0.025028	0.024655	1.889661	1.550540	0.008474	0.006953	0.001914	0.001590	99.991515	99.999242	100.000000	97.063684	0.039098	0.002895	0.526225	0.008924	0.034617	0.034403	74.579705	141.664583	1.578816	1.448444	1.408719	1.476488	1.576258	1.593518	1.626250	1.710021	1.394421	1.374011	1.431999	96.687887	97.789203	98.086494	97.906616	96.973773	97.287766	97.018947	96.533490	97.344818	97.510004	97.062434	99.509635	99.742931	99.768320	99.646795	99.562878	99.596943	99.494737	99.378882	99.662552	99.644286	99.587864	99.991397	100.000000	100.000000	100.000000	100.000000	100.000000	99.991579	99.966426	99.982240	99.991107	99.991231	100.000000	100.000000	100.000000	100.000000	100.000000	100.000000	100.000000	100.000000	99.991120	100.000000	100.000000	0.039043	0.039375	0.039720	0.039441	0.038800	0.038535	0.038313	0.038965	0.039273	0.039323	0.039608	0.037490	0.037689	0.038004	0.037779	0.037226	0.036927	0.036760	0.037332	0.037834	0.037851	0.038112	1.041597	1.044902	1.045364	1.044197	1.042494	1.043736	1.042430	1.043894	1.038302	1.039109	1.039528	0.616059	0.574779	0.566448	0.578776	0.607852	0.605893	0.612388	0.642055	0.617628	0.597405	0.607160	0.813581	0.798982	0.797969	0.799978	0.824125	0.828772	0.824582	0.847043	0.766781	0.768375	0.776313	0.000000	11994.000000	11994.000000	11994.000000	0.000000	11198.000000	4.252532	4.252532	0.022703	0.793418	174.000000	11994.000000	11820.000000	11820.000000	1.450725	9.926988	11.000000	0.030495	0.021313	1.027633	0.777120	92.741655	94.851605	94.684817	94.074654	89.304266	90.864240	93.514252	88.819929	93.191984	94.147172	92.693498
33	1.099756	0.033253	0.025418	0.025041	1.901066	1.558186	0.008525	0.006987	0.001924	0.001599	99.990440	99.998484	100.000000	97.063684	0.038899	0.002850	0.526905	0.008826	0.034599	0.034525	74.592505	141.765783	1.652480	1.450108	1.421520	1.492067	1.598117	1.589850	1.595351	1.694823	1.428247	1.378128	1.403676	96.326566	97.866324	98.052171	97.872157	97.007397	97.262575	97.263158	96.449555	97.069532	97.474433	97.439495	99.492429	99.734362	99.768320	99.664025	99.537660	99.563355	99.520000	99.429243	99.520469	99.670965	99.631708	99.974191	100.000000	100.000000	100.000000	99.991594	100.000000	99.991579	99.974820	99.991120	99.982214	100.000000	100.000000	100.000000	100.000000	100.000000	100.000000	100.000000	100.000000	100.000000	99.991120	99.991107	100.000000	0.038434	0.039357	0.038757	0.038513	0.038990	0.039573	0.038947	0.038529	0.039405	0.038971	0.038650	0.036896	0.037666	0.037119	0.036910	0.037411	0.037886	0.037350	0.036960	0.037940	0.037514	0.037190	1.041883	1.045132	1.044387	1.043610	1.042390	1.044753	1.042919	1.042608	1.038845	1.039054	1.039565	0.628799	0.569983	0.564757	0.576671	0.613313	0.600768	0.606712	0.636137	0.612224	0.603005	0.593735	0.823647	0.801566	0.799350	0.809190	0.818827	0.820517	0.826403	0.850935	0.774352	0.774558	0.772612	0.000000	11994.000000	11994.000000	11994.000000	0.000000	11212.000000	4.244272	4.244272	0.023113	0.790192	174.000000	11994.000000	11820.000000	11820.000000	1.450725	9.925465	11.000000	0.031281	0.022297	1.019041	0.777748	92.706885	94.891775	94.738211	94.581666	89.005280	91.474517	93.550589	88.454344	92.537581	94.138735	92.574257
34	1.070560	0.036630	0.025481	0.025142	1.878667	1.537812	0.008425	0.006896	0.001906	0.001593	99.990724	100.000000	100.000000	97.063684	0.038170	0.002742	0.528809	0.008444	0.034903	0.034561	74.440795	141.424304	1.590270	1.427737	1.404400	1.469482	1.566019	1.584142	1.564525	1.690514	1.436778	1.449345	1.458084	96.696490	97.832048	98.077913	98.053067	96.956960	97.346545	97.136842	96.625818	97.256016	97.563361	97.421957	99.544047	99.734362	99.785481	99.664025	99.520847	99.605340	99.528421	99.454423	99.547109	99.679858	99.622939	99.982794	100.000000	100.000000	99.991385	99.983188	100.000000	99.991579	99.983213	99.991120	99.982214	100.000000	100.000000	100.000000	100.000000	100.000000	100.000000	100.000000	100.000000	100.000000	100.000000	100.000000	100.000000	0.038035	0.038332	0.038553	0.038720	0.037206	0.038631	0.037994	0.037795	0.038343	0.038103	0.038413	0.036536	0.036747	0.036919	0.037111	0.035774	0.037010	0.036468	0.036280	0.036914	0.036651	0.036966	1.041177	1.043334	1.044442	1.043529	1.040187	1.044056	1.042009	1.041872	1.038927	1.039821	1.039411	0.610754	0.570903	0.561867	0.580166	0.610453	0.600214	0.600073	0.630268	0.602935	0.589946	0.596890	0.810937	0.796096	0.798391	0.804306	0.819243	0.819349	0.817659	0.842930	0.779430	0.780614	0.780953	0.000000	11994.000000	11994.000000	11994.000000	0.000000	11227.000000	4.202635	4.202635	0.025744	0.777347	166.000000	11994.000000	11828.000000	11828.000000	1.384025	9.943439	11.000000	0.033850	0.024816	0.989683	0.771657	92.750348	95.087780	94.402565	94.243478	89.913177	91.284755	93.476592	89.095699	92.993744	94.150842	93.314468
35	1.066499	0.033807	0.024940	0.024563	1.854345	1.517441	0.008315	0.006805	0.001877	0.001560	99.991975	100.000000	100.000000	97.063684	0.038642	0.002770	0.527455	0.008759	0.035001	0.034567	74.503157	141.476074	1.565109	1.413993	1.414193	1.451338	1.593011	1.565030	1.561760	1.654903	1.394337	1.371562	1.361645	96.791122	97.969152	97.992106	98.147829	97.041022	97.438912	97.330526	96.953164	97.300417	97.465540	97.544721	99.561253	99.751500	99.819804	99.689869	99.520847	99.622135	99.503158	99.446030	99.573750	99.715429	99.728166	99.982794	100.000000	100.000000	100.000000	100.000000	100.000000	99.991579	99.983213	99.991120	99.973321	100.000000	100.000000	100.000000	100.000000	100.000000	100.000000	100.000000	100.000000	100.000000	100.000000	100.000000	100.000000	0.038712	0.038504	0.038520	0.038330	0.038278	0.039006	0.038161	0.038175	0.039630	0.039300	0.038747	0.037180	0.036896	0.036890	0.036750	0.036756	0.037350	0.036626	0.036614	0.038197	0.037849	0.037311	1.041384	1.043780	1.044399	1.043192	1.041559	1.044532	1.042118	1.042802	1.037836	1.038602	1.038762	0.608404	0.562923	0.561613	0.571420	0.606826	0.596408	0.599635	0.629744	0.605428	0.599518	0.593624	0.808890	0.800351	0.799820	0.795652	0.821812	0.819861	0.813596	0.844393	0.759490	0.775274	0.765813	0.000000	11994.000000	11994.000000	11994.000000	0.000000	11244.000000	4.190242	4.190242	0.022976	0.777619	158.000000	11994.000000	11836.000000	11836.000000	1.317325	9.944745	11.000000	0.031322	0.022247	0.987553	0.766251	92.779564	94.648569	94.890890	94.457957	89.459804	91.650386	93.592911	89.231423	92.895442	94.208218	93.046475
36	1.067087	0.033156	0.024872	0.024497	1.831317	1.498589	0.008212	0.006720	0.001852	0.001544	99.991975	99.999242	100.000000	97.063684	0.038210	0.002701	0.528409	0.008277	0.035527	0.034875	74.442001	141.619127	1.564895	1.407141	1.366688	1.443957	1.528246	1.540542	1.555878	1.641671	1.367517	1.343721	1.375045	96.885754	97.986290	98.146559	98.156444	97.167115	97.464103	97.389474	96.810475	97.442501	97.634504	97.544721	99.569855	99.751500	99.794062	99.655410	99.571284	99.605340	99.477895	99.487997	99.644792	99.742108	99.675552	99.982794	100.000000	100.000000	100.000000	100.000000	100.000000	99.991579	99.983213	99.991120	99.973321	100.000000	100.000000	100.000000	100.000000	100.000000	100.000000	100.000000	100.000000	100.000000	99.991120	100.000000	100.000000	0.038146	0.038471	0.038496	0.038062	0.038261	0.038016	0.038224	0.037701	0.038245	0.038156	0.038790	0.036671	0.036886	0.036891	0.036516	0.036745	0.036460	0.036681	0.036184	0.036868	0.036763	0.037349	1.040356	1.043162	1.043705	1.042516	1.041415	1.042887	1.042248	1.042068	1.037533	1.038008	1.038822	0.611375	0.565015	0.557887	0.569169	0.598810	0.595553	0.600655	0.621335	0.604434	0.599582	0.593725	0.806382	0.795208	0.787751	0.793324	0.809420	0.818360	0.819820	0.837808	0.770806	0.778779	0.773324	0.000000	11994.000000	11994.000000	11994.000000	0.000000	11271.000000	4.156397	4.156397	0.023484	0.776003	171.000000	11994.000000	11823.000000	11823.000000	1.425713	9.969720	11.000000	0.030985	0.022550	0.986755	0.760120	93.113043	94.842506	95.036383	94.737758	89.619348	92.098996	93.397031	89.407464	93.355393	94.305158	93.306216
37	1.043297	0.031196	0.024148	0.023735	1.807885	1.470640	0.008107	0.006595	0.001829	0.001515	99.987564	99.998484	100.000000	97.063684	0.038954	0.002747	0.526042	0.008521	0.035087	0.034641	74.525207	141.843281	1.565316	1.368436	1.346782	1.423045	1.503000	1.533222	1.511775	1.604770	1.339947	1.325451	1.355931	96.756710	98.011997	98.275270	98.345968	97.452925	97.497691	97.440000	97.037099	97.469141	97.750111	97.702561	99.544047	99.777207	99.828385	99.672640	99.604909	99.563355	99.511579	99.513178	99.600391	99.697643	99.658015	99.974191	100.000000	100.000000	100.000000	99.991594	99.991603	99.991579	99.974820	99.991120	99.973321	99.991231	100.000000	100.000000	100.000000	100.000000	100.000000	100.000000	100.000000	100.000000	99.991120	99.991107	100.000000	0.038629	0.039073	0.038761	0.038733	0.038318	0.039094	0.039042	0.039159	0.039338	0.039212	0.039404	0.037100	0.037427	0.037145	0.037152	0.036826	0.037462	0.037471	0.037536	0.037913	0.037742	0.037896	1.041422	1.044210	1.043690	1.042730	1.040724	1.043775	1.042098	1.043457	1.037819	1.039173	1.040117	0.611498	0.556899	0.551648	0.567708	0.597348	0.593032	0.588601	0.617436	0.606667	0.596099	0.586712	0.809632	0.793045	0.794966	0.791967	0.803977	0.812471	0.804837	0.837688	0.759809	0.775496	0.769467	0.000000	11994.000000	11994.000000	11994.000000	0.000000	11283.000000	4.091796	4.091796	0.021468	0.753418	169.000000	11994.000000	11825.000000	11825.000000	1.409038	9.985032	11.000000	0.028550	0.020580	0.976649	0.745494	93.114840	95.103383	94.965338	94.530435	90.082574	91.677293	93.910967	89.998300	93.466214	94.472317	93.455960
38	1.051098	0.031174	0.024256	0.023847	1.798306	1.465306	0.008064	0.006571	0.001817	0.001513	99.989701	99.999242	100.000000	97.063684	0.038737	0.002705	0.527006	0.008377	0.035211	0.034718	74.628920	141.992442	1.580078	1.360380	1.330578	1.405027	1.512513	1.516481	1.509588	1.581211	1.325573	1.327527	1.353798	96.472815	97.926307	98.249528	98.277050	97.318426	97.556470	97.532632	97.146215	97.726667	97.803468	97.676254	99.544047	99.768638	99.811224	99.715713	99.604909	99.655723	99.536842	99.538358	99.644792	99.706536	99.622939	99.974191	100.000000	99.991419	100.000000	100.000000	100.000000	99.991579	99.983213	99.982240	99.973321	100.000000	100.000000	100.000000	100.000000	100.000000	100.000000	100.000000	100.000000	100.000000	99.991120	100.000000	100.000000	0.038977	0.038713	0.038778	0.038954	0.038546	0.038518	0.038319	0.038472	0.038849	0.039272	0.038953	0.037393	0.037106	0.037132	0.037343	0.037010	0.036919	0.036772	0.036900	0.037470	0.037841	0.037536	1.042594	1.043525	1.044523	1.043341	1.041718	1.043506	1.042278	1.042763	1.037000	1.038160	1.038088	0.613720	0.554106	0.546626	0.563411	0.597703	0.589882	0.591068	0.610812	0.611590	0.595130	0.595835	0.817036	0.789790	0.791827	0.789443	0.813350	0.817666	0.811828	0.831748	0.756473	0.762638	0.765713	0.000000	11994.000000	11994.000000	11994.000000	0.000000	11298.000000	7.008891	7.008891	0.021302	0.754601	160.000000	11994.000000	11834.000000	11834.000000	1.334000	9.990789	11.000000	0.028914	0.020759	0.963332	0.748659	93.277749	95.070910	95.133778	94.783969	89.850264	92.090731	93.787285	90.257369	93.608082	94.314112	93.441174
39	1.045785	0.033680	0.024517	0.024143	1.789695	1.464857	0.008026	0.006569	0.001810	0.001502	99.989208	99.999242	100.000000	97.063684	0.038796	0.002640	0.526421	0.007833	0.034945	0.034577	74.472164	141.775569	1.505760	1.353686	1.370943	1.395620	1.493607	1.525093	1.505416	1.581412	1.360441	1.338913	1.345410	97.118032	98.011997	98.215205	98.173673	97.452925	97.489294	97.566316	97.087460	97.424740	97.652290	97.825324	99.604267	99.742931	99.794062	99.707099	99.655346	99.596943	99.578947	99.513178	99.653672	99.724322	99.684321	99.974191	100.000000	100.000000	99.991385	99.991594	100.000000	99.991579	99.983213	99.982240	99.982214	99.991231	100.000000	100.000000	100.000000	100.000000	100.000000	100.000000	100.000000	100.000000	99.991120	100.000000	100.000000	0.038459	0.038866	0.039455	0.039017	0.038847	0.038749	0.038836	0.038534	0.039045	0.038445	0.038707	0.036948	0.037239	0.037752	0.037381	0.037274	0.037144	0.037256	0.036963	0.037662	0.037036	0.037245	1.041100	1.043895	1.045366	1.043951	1.042456	1.043400	1.042628	1.042698	1.036923	1.038195	1.039500	0.603996	0.556619	0.550737	0.563384	0.584765	0.587986	0.586556	0.611746	0.615716	0.589465	0.589751	0.807889	0.787580	0.791753	0.789777	0.807283	0.815461	0.806317	0.829951	0.759468	0.770286	0.774088	0.000000	11994.000000	11994.000000	11994.000000	0.000000	11302.000000	3.950594	3.950594	0.023164	0.760620	153.000000	11994.000000	11841.000000	11841.000000	1.275638	10.005067	11.000000	0.031279	0.022299	0.965006	0.748900	93.513373	95.003026	94.704508	94.996960	90.298444	92.043139	94.259433	90.252186	93.663986	94.531460	93.930559
40	1.080044	0.035412	0.025273	0.024943	1.846199	1.531728	0.008279	0.006869	0.001876	0.001557	99.991482	99.999242	100.000000	97.063684	0.039069	0.002689	0.525872	0.008238	0.035232	0.034688	74.909802	142.146383	1.534920	1.443840	1.406003	1.511951	1.500224	1.512567	1.523382	1.613527	1.384617	1.356958	1.383480	96.816930	97.883462	98.292432	97.553411	97.293208	97.564867	97.372632	96.802082	97.105053	97.501112	97.185198	99.604267	99.785775	99.819804	99.620951	99.621722	99.605340	99.604211	99.504784	99.609271	99.751000	99.544020	99.991397	100.000000	100.000000	99.991385	99.991594	100.000000	99.991579	99.983213	99.982240	99.982214	100.000000	100.000000	100.000000	100.000000	100.000000	100.000000	100.000000	100.000000	100.000000	99.991120	100.000000	100.000000	0.038859	0.038903	0.038738	0.039470	0.038602	0.038844	0.038953	0.039151	0.039523	0.039113	0.039851	0.037324	0.037291	0.037110	0.037816	0.037045	0.037224	0.037362	0.037512	0.038136	0.037732	0.038357	1.041329	1.043435	1.044106	1.043977	1.042279	1.043738	1.042797	1.043903	1.036582	1.036778	1.039263	0.607527	0.566793	0.561545	0.580669	0.593509	0.584204	0.589053	0.614871	0.621959	0.604354	0.593792	0.806992	0.796755	0.795430	0.807523	0.809035	0.818032	0.813126	0.834491	0.761215	0.762990	0.777723	0.000000	11994.000000	11994.000000	11994.000000	0.000000	11263.000000	4.133540	4.133540	0.025316	0.799591	150.000000	11994.000000	11844.000000	11844.000000	1.250625	9.971800	11.000000	0.034077	0.024127	1.012729	0.784584	92.966308	95.238507	94.738664	94.156464	89.851254	91.958903	94.233881	89.272681	93.184457	94.657718	93.561208
41	1.013520	0.031827	0.023618	0.023220	1.757901	1.431140	0.007883	0.006418	0.001778	0.001471	99.992408	99.999242	100.000000	97.063684	0.038387	0.002563	0.527645	0.007761	0.035038	0.034575	74.542169	141.623591	1.492965	1.350927	1.296207	1.354231	1.473433	1.506180	1.482660	1.580710	1.304877	1.293661	1.357837	97.057811	98.106255	98.489789	98.345968	97.410894	97.590058	97.633684	97.070673	97.593464	97.927968	97.772711	99.595664	99.760069	99.854127	99.698484	99.596503	99.613738	99.587368	99.571932	99.635912	99.768786	99.666784	99.974191	100.000000	100.000000	100.000000	100.000000	100.000000	99.991579	99.983213	99.991120	99.982214	100.000000	100.000000	100.000000	100.000000	100.000000	100.000000	100.000000	100.000000	100.000000	99.991120	100.000000	100.000000	0.038336	0.038461	0.038501	0.038638	0.038500	0.038225	0.038022	0.038174	0.038728	0.038826	0.038067	0.036817	0.036873	0.036895	0.037050	0.036966	0.036658	0.036510	0.036640	0.037328	0.037353	0.036600	1.041421	1.043273	1.043777	1.043079	1.041723	1.042978	1.041594	1.042025	1.037782	1.039652	1.040333	0.596312	0.553816	0.544863	0.555103	0.585895	0.582741	0.583703	0.610813	0.598591	0.581083	0.579706	0.801058	0.790047	0.781334	0.788814	0.805186	0.810271	0.807991	0.832960	0.758425	0.771222	0.773184	1.000000	11994.000000	11993.000000	11993.000000	0.008338	11308.000000	3.878455	3.878455	0.021906	0.743092	151.000000	11994.000000	11843.000000	11843.000000	1.258963	10.014017	11.000000	0.030171	0.021269	0.949838	0.728560	93.590968	95.332757	95.213364	94.924828	90.352741	92.146375	94.182283	90.045825	94.005182	94.702461	93.736196
42	1.009446	0.029685	0.023175	0.022760	1.737111	1.413840	0.007790	0.006340	0.001754	0.001460	99.990440	99.999242	100.000000	97.063684	0.038721	0.002594	0.526367	0.007853	0.035620	0.034902	74.645844	141.920492	1.473166	1.325060	1.295473	1.365497	1.466641	1.470966	1.468054	1.567436	1.290357	1.278098	1.285795	97.178252	98.217652	98.335336	98.371813	97.536987	97.590058	97.642105	97.070673	97.762188	97.990218	97.913013	99.681693	99.785775	99.811224	99.707099	99.596503	99.638929	99.570526	99.538358	99.671432	99.795465	99.693090	99.974191	100.000000	100.000000	100.000000	99.991594	100.000000	99.991579	99.974820	99.991120	99.982214	100.000000	100.000000	100.000000	100.000000	100.000000	100.000000	100.000000	100.000000	100.000000	99.991120	100.000000	100.000000	0.038159	0.038967	0.038910	0.038723	0.038787	0.039067	0.038222	0.038835	0.039097	0.038452	0.038869	0.036702	0.037325	0.037279	0.037144	0.037243	0.037452	0.036707	0.037238	0.037716	0.037071	0.037449	1.039881	1.044202	1.044038	1.042715	1.041705	1.043378	1.041464	1.043136	1.036810	1.037452	1.038230	0.592657	0.548833	0.543175	0.563956	0.587303	0.583112	0.584437	0.613522	0.603392	0.585395	0.582681	0.799542	0.784073	0.784618	0.786370	0.802617	0.811632	0.804247	0.828803	0.754989	0.766039	0.757542	1.000000	11994.000000	11993.000000	11993.000000	0.008338	11334.000000	3.823180	3.823180	0.020212	0.734793	145.000000	11994.000000	11849.000000	11849.000000	1.208938	10.030382	11.000000	0.027965	0.019730	0.940298	0.726515	93.656716	95.560546	95.025091	95.012599	90.390824	92.838961	94.288390	90.498006	94.185943	94.454383	94.044884
43	1.000053	0.030462	0.023112	0.022718	1.720622	1.401292	0.007716	0.006284	0.001741	0.001448	99.991975	99.999242	100.000000	97.063684	0.038982	0.002567	0.526063	0.007696	0.034424	0.034374	74.561986	141.622203	1.449631	1.304594	1.298621	1.371629	1.434905	1.465822	1.443499	1.529327	1.295220	1.291735	1.309826	97.135237	98.234790	98.275270	98.380427	97.679892	97.741204	97.583158	97.280510	97.779948	97.945754	97.983164	99.681693	99.811482	99.862708	99.689869	99.680565	99.689311	99.612632	99.555145	99.653672	99.759893	99.684321	99.991397	100.000000	100.000000	100.000000	100.000000	100.000000	99.991579	99.983213	99.982240	99.973321	100.000000	100.000000	100.000000	100.000000	100.000000	100.000000	100.000000	100.000000	100.000000	99.991120	100.000000	100.000000	0.038678	0.039319	0.039217	0.039116	0.038387	0.039226	0.038821	0.038615	0.039648	0.039186	0.038813	0.037163	0.037643	0.037540	0.037485	0.036862	0.037575	0.037254	0.037038	0.038172	0.037690	0.037325	1.040973	1.044757	1.044931	1.043780	1.041601	1.044216	1.042277	1.042777	1.038938	1.039918	1.040106	0.592116	0.543425	0.541683	0.557326	0.577000	0.574675	0.573785	0.598636	0.594391	0.577136	0.572031	0.794438	0.782549	0.785128	0.784524	0.799602	0.805589	0.805798	0.823141	0.758061	0.775245	0.763467	1.000000	11994.000000	11993.000000	11993.000000	0.008338	11354.000000	3.770964	3.770964	0.021638	0.732998	139.000000	11994.000000	11855.000000	11855.000000	1.158913	10.040405	11.000000	0.029020	0.021068	0.936744	0.721293	93.652996	95.656304	95.519419	94.911869	90.557867	92.671756	94.391967	90.637720	94.097687	94.734490	94.216846
44	1.006749	0.032208	0.023600	0.023206	1.727955	1.406554	0.007749	0.006307	0.001745	0.001452	99.991198	99.999242	100.000000	97.063684	0.038528	0.002523	0.527179	0.007790	0.034958	0.034622	74.457539	141.536447	1.464761	1.294222	1.284614	1.374278	1.478844	1.451950	1.462104	1.536736	1.292930	1.288593	1.282711	97.221266	98.303342	98.258109	98.466575	97.511769	97.749601	97.726316	97.297297	97.833230	97.892397	97.904244	99.587061	99.768638	99.836966	99.715713	99.613315	99.655723	99.621053	99.546752	99.653672	99.777679	99.719397	99.982794	100.000000	100.000000	100.000000	99.991594	100.000000	99.991579	99.974820	99.991120	99.982214	100.000000	100.000000	100.000000	100.000000	100.000000	100.000000	100.000000	100.000000	100.000000	99.991120	100.000000	100.000000	0.038510	0.038635	0.038744	0.038531	0.038317	0.038620	0.038042	0.037796	0.038927	0.038957	0.038954	0.037012	0.037027	0.037130	0.036952	0.036797	0.037018	0.036527	0.036275	0.037496	0.037508	0.037484	1.040664	1.043647	1.043733	1.042992	1.041550	1.043570	1.041669	1.042118	1.038425	1.038871	1.039531	0.593242	0.544916	0.539183	0.556716	0.586768	0.575848	0.582722	0.607606	0.592609	0.580854	0.579095	0.793957	0.780896	0.788764	0.785666	0.803960	0.804170	0.809100	0.827996	0.760621	0.767533	0.760118	0.000000	11994.000000	11994.000000	11994.000000	0.000000	11362.000000	7.305903	7.305903	0.022506	0.731291	149.000000	11994.000000	11845.000000	11845.000000	1.242288	10.053440	11.000000	0.030026	0.021636	0.928289	0.724848	93.614437	95.326538	95.284243	95.072136	90.872004	92.886248	94.566513	91.197691	94.070370	95.212956	94.131165
45	0.983603	0.029963	0.022750	0.022323	1.694860	1.378118	0.007600	0.006180	0.001710	0.001427	99.992240	100.000000	100.000000	97.063684	0.038891	0.002545	0.526210	0.007618	0.034855	0.034634	74.550527	141.696457	1.425003	1.294221	1.292606	1.331982	1.414370	1.436265	1.415694	1.511384	1.296243	1.274597	1.263430	97.333104	98.269066	98.361078	98.423501	97.595831	97.875556	97.793684	97.272117	97.877631	97.910182	98.027008	99.647281	99.794344	99.845547	99.689869	99.638534	99.655723	99.595789	99.529965	99.582630	99.795465	99.675552	99.991397	100.000000	100.000000	100.000000	99.991594	100.000000	99.991579	99.983213	99.982240	99.982214	100.000000	100.000000	100.000000	100.000000	100.000000	100.000000	100.000000	100.000000	100.000000	100.000000	100.000000	100.000000	0.038903	0.039253	0.039213	0.039167	0.039231	0.038796	0.038578	0.038539	0.038864	0.038640	0.038797	0.037380	0.037582	0.037542	0.037537	0.037644	0.037192	0.037026	0.036965	0.037434	0.037188	0.037367	1.040983	1.044691	1.044760	1.043699	1.042472	1.043389	1.042169	1.042805	1.038421	1.039244	1.038526	0.591508	0.540765	0.540098	0.551113	0.572775	0.575006	0.568605	0.597557	0.586655	0.576072	0.572653	0.793397	0.783697	0.781719	0.782596	0.797741	0.802914	0.799514	0.818503	0.753221	0.767624	0.755769	1.000000	11994.000000	11993.000000	11993.000000	0.008338	11356.000000	3.718382	3.718382	0.020945	0.716757	144.000000	11994.000000	11850.000000	11850.000000	1.200600	10.065570	11.000000	0.028369	0.020185	0.916779	0.702980	93.881802	95.655929	95.319259	95.250499	91.316170	92.985581	94.772689	90.888267	94.141288	94.854126	94.498410
46	0.989615	0.028786	0.022698	0.022268	1.687357	1.374378	0.007567	0.006163	0.001703	0.001413	99.990724	99.998484	100.000000	97.063684	0.039093	0.002514	0.525463	0.007584	0.034961	0.034617	74.639748	141.895259	1.442641	1.282729	1.275562	1.324620	1.415776	1.426710	1.421945	1.510981	1.262287	1.262125	1.269062	97.401927	98.389032	98.335336	98.389042	97.814391	97.808380	97.768421	97.465167	97.913152	97.919075	97.939320	99.638679	99.768638	99.854127	99.698484	99.646940	99.613738	99.621053	99.538358	99.671432	99.795465	99.701859	99.982794	100.000000	100.000000	99.991385	99.991594	100.000000	99.991579	99.983213	99.982240	99.982214	100.000000	100.000000	100.000000	100.000000	100.000000	100.000000	100.000000	100.000000	100.000000	99.991120	99.991107	100.000000	0.039144	0.038905	0.039286	0.039190	0.038957	0.038920	0.038747	0.038776	0.039542	0.039404	0.039385	0.037588	0.037276	0.037609	0.037583	0.037398	0.037286	0.037163	0.037181	0.038127	0.037939	0.037931	1.041670	1.043933	1.044859	1.043036	1.041961	1.044078	1.042850	1.043127	1.037354	1.038870	1.038625	0.588372	0.540804	0.538975	0.552398	0.574847	0.570460	0.570004	0.597948	0.597564	0.584665	0.576441	0.792286	0.780245	0.776742	0.784888	0.796872	0.801378	0.800446	0.818657	0.746584	0.760022	0.754363	0.000000	11994.000000	11994.000000	11994.000000	0.000000	11379.000000	3.810052	3.810052	0.020029	0.699743	139.000000	11994.000000	11855.000000	11855.000000	1.158913	10.059469	11.000000	0.026779	0.019264	0.906959	0.692723	93.980919	95.578584	95.252508	95.554398	90.964674	92.968021	94.596205	91.138060	94.185943	94.721303	94.129590
47	0.983235	0.028630	0.022521	0.022091	1.685649	1.373628	0.007559	0.006160	0.001700	0.001409	99.991482	99.998484	100.000000	97.063684	0.038521	0.002491	0.527297	0.007592	0.035434	0.034751	74.673486	141.866079	1.431273	1.284056	1.292008	1.318885	1.416623	1.416475	1.423967	1.502326	1.258792	1.246928	1.270031	97.487956	98.320480	98.472627	98.449345	97.621049	97.825174	97.827368	97.431593	97.842110	98.043575	97.991933	99.604267	99.794344	99.828385	99.698484	99.579691	99.706105	99.612632	99.563539	99.644792	99.751000	99.684321	99.974191	100.000000	100.000000	100.000000	99.991594	100.000000	99.991579	99.983213	99.991120	99.982214	100.000000	100.000000	100.000000	100.000000	100.000000	100.000000	100.000000	100.000000	100.000000	99.991120	99.991107	100.000000	0.038520	0.038753	0.038661	0.038813	0.038246	0.038485	0.038094	0.037963	0.038986	0.038912	0.038519	0.037023	0.037135	0.037037	0.037211	0.036736	0.036902	0.036585	0.036445	0.037600	0.037487	0.037105	1.040666	1.043796	1.044118	1.043285	1.041372	1.043146	1.041475	1.041812	1.037136	1.038219	1.038435	0.590758	0.540495	0.542519	0.550375	0.577572	0.568734	0.575177	0.599522	0.593062	0.586223	0.578244	0.787343	0.780572	0.780388	0.777475	0.790740	0.802215	0.799786	0.821234	0.751198	0.766252	0.762140	1.000000	11994.000000	11993.000000	11993.000000	0.008338	11367.000000	3.710975	3.710975	0.019792	0.715353	125.000000	11994.000000	11869.000000	11869.000000	1.042188	10.059230	11.000000	0.027124	0.019164	0.920504	0.703747	93.777624	95.455329	95.490281	95.245532	90.954603	93.332204	94.746685	91.155540	93.834761	95.056320	94.271845
48	0.972124	0.029614	0.022549	0.022106	1.659753	1.346427	0.007443	0.006038	0.001674	0.001385	99.992240	99.998484	100.000000	97.063684	0.038589	0.002472	0.526908	0.007437	0.035367	0.034738	74.550013	141.835205	1.424942	1.271883	1.247392	1.296513	1.400252	1.402286	1.396075	1.467638	1.239502	1.242858	1.251160	97.573985	98.303342	98.506950	98.630255	97.755548	97.993114	97.760000	97.439987	97.824350	98.221432	98.158541	99.673090	99.785775	99.836966	99.724328	99.646940	99.664120	99.646316	99.571932	99.724714	99.795465	99.754472	99.982794	100.000000	100.000000	100.000000	99.991594	100.000000	99.991579	99.983213	99.991120	99.982214	100.000000	100.000000	100.000000	100.000000	100.000000	100.000000	100.000000	100.000000	100.000000	99.991120	99.991107	100.000000	0.038106	0.038658	0.039004	0.038474	0.038417	0.038809	0.038657	0.038095	0.038711	0.038913	0.038828	0.036633	0.037051	0.037361	0.036925	0.036900	0.037192	0.037090	0.036560	0.037353	0.037457	0.037395	1.040421	1.043595	1.044244	1.042168	1.041360	1.043726	1.042495	1.042161	1.036546	1.039107	1.038573	0.589751	0.538027	0.532475	0.546172	0.573980	0.566015	0.568107	0.590685	0.593476	0.577829	0.577677	0.790849	0.781062	0.777509	0.779767	0.792503	0.801713	0.799399	0.816112	0.749425	0.759814	0.755389	0.000000	11994.000000	11994.000000	11994.000000	0.000000	11400.000000	3.723704	3.723704	0.020406	0.694588	139.000000	11994.000000	11855.000000	11855.000000	1.158913	10.084521	11.000000	0.027631	0.019538	0.895176	0.684773	93.778202	95.666811	95.469088	95.503082	91.538527	93.484900	94.749830	91.468792	94.393858	94.946333	94.638756
49	0.983918	0.028652	0.022604	0.022171	1.667721	1.358953	0.007479	0.006094	0.001681	0.001401	99.991975	100.000000	100.000000	97.063684	0.038582	0.002455	0.526859	0.007424	0.035617	0.034800	74.619706	141.874510	1.421528	1.263491	1.244732	1.336253	1.389036	1.411389	1.391751	1.487388	1.256445	1.225318	1.245797	97.479353	98.363325	98.369658	98.535493	97.772360	97.976320	97.785263	97.448380	97.850990	98.034682	98.088390	99.647281	99.794344	99.862708	99.724328	99.663753	99.630532	99.578947	99.571932	99.653672	99.759893	99.728166	99.991397	100.000000	100.000000	100.000000	100.000000	100.000000	99.983158	99.983213	99.982240	99.982214	100.000000	100.000000	100.000000	100.000000	100.000000	100.000000	100.000000	100.000000	100.000000	100.000000	100.000000	100.000000	0.038639	0.038646	0.038904	0.038616	0.038269	0.038627	0.038086	0.038206	0.038658	0.038928	0.039012	0.037117	0.037044	0.037276	0.037053	0.036755	0.037022	0.036581	0.036655	0.037327	0.037520	0.037572	1.041238	1.043492	1.043952	1.042431	1.041444	1.043617	1.041396	1.042502	1.035915	1.037816	1.038620	0.585818	0.539113	0.535513	0.553945	0.572526	0.569523	0.570381	0.596112	0.597335	0.579688	0.576565	0.793828	0.781591	0.774181	0.779350	0.789388	0.799277	0.796972	0.815564	0.751592	0.755356	0.754204	0.000000	11994.000000	11994.000000	11994.000000	0.000000	11387.000000	3.786030	3.786030	0.019784	0.708695	142.000000	11994.000000	11852.000000	11852.000000	1.183925	10.085724	11.000000	0.027072	0.018989	0.903942	0.694729	93.952278	95.898100	95.761246	95.362571	91.606491	93.246797	94.679040	91.330166	94.131309	95.426884	94.417947
50	0.950318	0.028431	0.021906	0.021465	1.650456	1.338713	0.007401	0.006003	0.001662	0.001374	99.992998	99.999242	100.000000	97.063684	0.039177	0.002492	0.525194	0.007581	0.035046	0.034694	74.694206	141.898622	1.396210	1.276251	1.250072	1.316377	1.375835	1.401024	1.388034	1.456916	1.238257	1.215010	1.231487	97.548176	98.354756	98.524112	98.561337	97.974109	97.833571	97.852632	97.624643	97.975313	98.159182	98.062083	99.630076	99.811482	99.836966	99.758787	99.638534	99.655723	99.637895	99.588719	99.689193	99.786572	99.719397	99.991397	100.000000	100.000000	100.000000	99.991594	100.000000	99.991579	99.983213	99.991120	99.982214	100.000000	100.000000	100.000000	100.000000	100.000000	100.000000	100.000000	100.000000	100.000000	99.991120	100.000000	100.000000	0.039131	0.039214	0.039213	0.039104	0.039196	0.038972	0.038828	0.038676	0.039802	0.039643	0.039399	0.037591	0.037557	0.037540	0.037487	0.037620	0.037347	0.037259	0.037094	0.038369	0.038189	0.037950	1.041241	1.044360	1.044867	1.043377	1.042202	1.043775	1.042379	1.042902	1.037682	1.038361	1.038548	0.582922	0.538305	0.535091	0.552422	0.569237	0.566168	0.568141	0.588967	0.595098	0.578606	0.575237	0.787713	0.783223	0.777386	0.780089	0.793540	0.798403	0.798956	0.810352	0.747299	0.746935	0.748843	1.000000	11994.000000	11993.000000	11993.000000	0.008338	11389.000000	3.643567	3.643567	0.019782	0.689845	138.000000	11994.000000	11856.000000	11856.000000	1.150575	10.089406	11.000000	0.026788	0.019269	0.879662	0.676749	94.204407	95.657054	95.495418	95.571379	91.498938	92.867441	94.818785	91.564222	94.677621	95.350501	94.471430
51	0.969765	0.028312	0.022262	0.021820	1.649527	1.334223	0.007397	0.005983	0.001662	0.001379	99.992998	99.998484	100.000000	97.063684	0.038748	0.002466	0.526349	0.007436	0.035317	0.034717	74.618973	141.796992	1.397461	1.263266	1.231656	1.292780	1.386063	1.387678	1.374933	1.464767	1.249582	1.224920	1.252531	97.582588	98.337618	98.558435	98.526878	97.805985	97.892350	97.894737	97.641430	98.028594	98.248110	97.948088	99.664487	99.802913	99.854127	99.715713	99.705783	99.697708	99.621053	99.571932	99.715833	99.813250	99.719397	99.991397	100.000000	100.000000	100.000000	99.991594	100.000000	99.991579	99.983213	99.991120	99.982214	100.000000	100.000000	100.000000	100.000000	100.000000	100.000000	100.000000	100.000000	100.000000	99.991120	99.991107	100.000000	0.038737	0.038764	0.039038	0.039006	0.038536	0.038242	0.038362	0.038398	0.039198	0.039051	0.039133	0.037220	0.037157	0.037395	0.037406	0.037008	0.036674	0.036822	0.036838	0.037766	0.037604	0.037731	1.040993	1.043478	1.044232	1.042985	1.041556	1.042984	1.042058	1.042567	1.038111	1.038747	1.037477	0.583754	0.539014	0.530457	0.545222	0.569703	0.566280	0.564135	0.586120	0.585855	0.573829	0.576515	0.785861	0.782403	0.776980	0.777557	0.792051	0.799348	0.797953	0.815286	0.753403	0.753604	0.746449	0.000000	11994.000000	11994.000000	11994.000000	0.000000	11393.000000	3.683767	3.683767	0.019717	0.692970	148.000000	11994.000000	11846.000000	11846.000000	1.233950	10.097332	11.000000	0.026419	0.018749	0.884420	0.683330	94.027259	95.844492	95.632244	95.457309	91.898325	93.244505	95.205654	91.496945	94.389852	95.160569	94.353627
52	0.973041	0.028605	0.022480	0.022033	1.643649	1.341459	0.007371	0.006016	0.001657	0.001377	99.993166	99.999242	100.000000	97.063684	0.038532	0.002423	0.526924	0.007281	0.035519	0.034808	74.647552	141.784020	1.417761	1.263014	1.231292	1.291691	1.366830	1.390819	1.363724	1.448106	1.238501	1.221500	1.236186	97.505162	98.354756	98.541273	98.535493	97.864829	97.993114	97.920000	97.649824	97.842110	98.248110	98.018239	99.673090	99.802913	99.862708	99.732943	99.697377	99.706105	99.637895	99.571932	99.627031	99.804357	99.710628	99.982794	100.000000	100.000000	100.000000	100.000000	100.000000	99.991579	99.983213	99.991120	99.982214	100.000000	100.000000	100.000000	100.000000	100.000000	100.000000	100.000000	100.000000	100.000000	99.991120	100.000000	100.000000	0.038230	0.038819	0.038792	0.038758	0.038525	0.038123	0.038096	0.038362	0.038883	0.038693	0.038751	0.036743	0.037210	0.037183	0.037191	0.036982	0.036561	0.036595	0.036816	0.037496	0.037275	0.037319	1.040691	1.043516	1.043552	1.042392	1.041996	1.042959	1.041239	1.042185	1.037234	1.038276	1.038654	0.589349	0.537881	0.532857	0.545393	0.565131	0.565548	0.563405	0.586204	0.589575	0.577018	0.572435	0.791776	0.782980	0.776429	0.778286	0.790528	0.797089	0.797809	0.807653	0.749550	0.757944	0.751917	0.000000	11994.000000	11994.000000	11994.000000	0.000000	11403.000000	3.681748	3.681748	0.019294	0.704407	137.000000	11994.000000	11857.000000	11857.000000	1.142238	10.097326	11.000000	0.026679	0.018629	0.898854	0.690605	94.109993	95.915724	95.623973	95.668403	91.508873	93.426633	95.183799	91.478718	94.543181	95.260240	94.364953
53	0.941545	0.027925	0.021700	0.021246	1.629282	1.313898	0.007306	0.005892	0.001639	0.001356	99.992240	99.999242	100.000000	97.063684	0.038754	0.002437	0.526449	0.007407	0.035157	0.034672	74.602177	141.775758	1.389970	1.242474	1.217069	1.285751	1.358681	1.380420	1.367159	1.447436	1.214941	1.208906	1.228841	97.651411	98.431877	98.592758	98.587181	97.906859	97.976320	97.903158	97.616250	97.975313	98.283682	98.114697	99.647281	99.802913	99.854127	99.724328	99.646940	99.655723	99.646316	99.571932	99.706953	99.813250	99.684321	99.982794	100.000000	100.000000	100.000000	99.991594	100.000000	99.991579	99.983213	99.991120	99.982214	100.000000	100.000000	100.000000	100.000000	100.000000	100.000000	100.000000	100.000000	100.000000	99.991120	100.000000	100.000000	0.038588	0.038901	0.039221	0.038701	0.038736	0.038448	0.038570	0.038371	0.038943	0.039029	0.038965	0.037084	0.037274	0.037546	0.037138	0.037180	0.036867	0.037016	0.036819	0.037572	0.037588	0.037499	1.040812	1.043948	1.044896	1.042327	1.042122	1.043122	1.042237	1.042394	1.036756	1.038590	1.039390	0.582279	0.533589	0.529258	0.542917	0.564630	0.561562	0.561362	0.584470	0.591997	0.573559	0.567663	0.790709	0.778935	0.774289	0.778335	0.790540	0.795607	0.795126	0.810614	0.744849	0.754117	0.754613	1.000000	11994.000000	11993.000000	11993.000000	0.008338	11405.000000	3.595264	3.595264	0.019319	0.678741	140.000000	11994.000000	11854.000000	11854.000000	1.167250	10.099544	11.000000	0.026457	0.018693	0.872818	0.667251	94.274809	95.691962	95.475387	95.649909	91.728238	93.487110	94.918716	91.468792	94.375502	95.544023	94.499868
54	0.932244	0.027729	0.021465	0.021009	1.615664	1.301284	0.007245	0.005835	0.001623	0.001342	99.991482	99.999242	100.000000	97.063684	0.038598	0.002390	0.526700	0.007130	0.035263	0.034653	74.594754	141.781204	1.368844	1.234121	1.210540	1.266725	1.343214	1.363583	1.353095	1.432610	1.236763	1.198512	1.215966	97.556779	98.466153	98.592758	98.561337	97.923672	98.018305	97.936842	97.574282	97.904271	98.310360	98.176079	99.647281	99.802913	99.862708	99.741558	99.714190	99.672517	99.646316	99.555145	99.706953	99.804357	99.693090	99.974191	100.000000	100.000000	100.000000	99.991594	100.000000	99.991579	99.983213	99.991120	99.982214	100.000000	100.000000	100.000000	100.000000	100.000000	100.000000	100.000000	100.000000	100.000000	99.991120	100.000000	100.000000	0.038559	0.038596	0.038722	0.038602	0.038598	0.038535	0.038342	0.038498	0.038820	0.038673	0.038798	0.037064	0.036997	0.037098	0.037053	0.037065	0.036955	0.036819	0.036943	0.037387	0.037266	0.037350	1.040587	1.043455	1.044053	1.042062	1.041642	1.043024	1.041624	1.042339	1.038562	1.037945	1.039023	0.582027	0.532858	0.532129	0.541469	0.562636	0.560222	0.561924	0.584262	0.582663	0.567755	0.564011	0.786581	0.778588	0.773498	0.772221	0.784844	0.794933	0.797068	0.811643	0.754343	0.753330	0.749818	1.000000	11994.000000	11993.000000	11993.000000	0.008338	11423.000000	3.557545	3.557545	0.019166	0.671003	130.000000	11994.000000	11864.000000	11864.000000	1.083875	10.112104	11.000000	0.026137	0.018288	0.867388	0.660025	93.983528	95.805644	95.766007	95.696312	91.887305	93.601153	95.008079	91.634884	94.751874	95.645176	94.888320
55	0.945723	0.027779	0.021786	0.021332	1.620255	1.307114	0.007266	0.005861	0.001629	0.001346	99.993166	99.999242	100.000000	97.063684	0.038674	0.002397	0.526483	0.007183	0.035629	0.034836	74.645637	141.844692	1.366779	1.240058	1.213713	1.273544	1.355885	1.369506	1.349538	1.432308	1.217316	1.216523	1.221470	97.703028	98.517566	98.549854	98.518263	97.923672	97.951129	97.903158	97.540708	97.939792	98.176968	98.132234	99.681693	99.837189	99.845547	99.724328	99.688971	99.680914	99.646316	99.563539	99.671432	99.795465	99.684321	99.982794	100.000000	100.000000	100.000000	100.000000	100.000000	99.991579	99.983213	99.991120	99.982214	100.000000	100.000000	100.000000	100.000000	100.000000	100.000000	100.000000	100.000000	100.000000	99.991120	100.000000	100.000000	0.038493	0.038623	0.038775	0.038616	0.038598	0.038679	0.038565	0.038621	0.038792	0.039033	0.038794	0.037018	0.037020	0.037146	0.037056	0.037070	0.037079	0.037023	0.037068	0.037429	0.037610	0.037357	1.040096	1.043573	1.044130	1.042340	1.041513	1.043451	1.041889	1.042134	1.036646	1.038073	1.038742	0.582205	0.534067	0.529277	0.543517	0.567281	0.561970	0.561563	0.585002	0.586249	0.569908	0.568154	0.780981	0.776460	0.773923	0.778659	0.783669	0.797379	0.797438	0.808369	0.746491	0.748120	0.751918	0.000000	11994.000000	11994.000000	11994.000000	0.000000	11413.000000	3.622393	3.622393	0.018911	0.675075	132.000000	11994.000000	11862.000000	11862.000000	1.100550	10.106474	11.000000	0.026065	0.018293	0.872998	0.666295	94.157420	95.840525	95.765275	95.607639	91.665252	93.650390	95.066769	91.651127	94.546591	95.324095	94.695030
56	0.923007	0.027375	0.021263	0.020804	1.601546	1.291263	0.007182	0.005790	0.001610	0.001328	99.993166	99.999242	100.000000	97.063684	0.038975	0.002422	0.525706	0.007316	0.034999	0.034543	74.582113	141.766044	1.369317	1.222687	1.199725	1.254612	1.341506	1.357301	1.342716	1.417415	1.203309	1.194144	1.209471	97.720234	98.414739	98.687146	98.621640	97.948890	98.001511	97.953684	97.775726	98.019714	98.310360	98.263767	99.664487	99.820051	99.854127	99.741558	99.722596	99.706105	99.629474	99.580326	99.724714	99.813250	99.745703	99.982794	100.000000	100.000000	100.000000	100.000000	100.000000	99.991579	99.983213	99.991120	99.982214	100.000000	100.000000	100.000000	100.000000	100.000000	100.000000	100.000000	100.000000	100.000000	99.991120	100.000000	100.000000	0.038675	0.038958	0.039213	0.038893	0.038780	0.038756	0.038745	0.038676	0.039604	0.039585	0.039082	0.037171	0.037332	0.037553	0.037307	0.037236	0.037146	0.037185	0.037103	0.038160	0.038105	0.037621	1.040697	1.043783	1.044496	1.042762	1.041742	1.043622	1.042204	1.042644	1.038074	1.039098	1.039123	0.576504	0.531256	0.528523	0.541706	0.562298	0.561490	0.560003	0.580484	0.582511	0.564371	0.562596	0.783970	0.777197	0.771185	0.770125	0.786599	0.794240	0.796000	0.804725	0.745464	0.755008	0.749523	1.000000	11994.000000	11993.000000	11993.000000	0.008338	11437.000000	3.530584	3.530584	0.018966	0.666021	138.000000	11994.000000	11856.000000	11856.000000	1.150575	10.122723	11.000000	0.025871	0.018311	0.850289	0.653675	94.396739	95.882962	95.780007	95.709944	92.026155	93.698049	95.131086	92.181140	94.741071	95.357782	94.693157
57	0.949153	0.028153	0.021957	0.021515	1.605198	1.303269	0.007198	0.005844	0.001616	0.001337	99.992998	99.999242	100.000000	97.063684	0.038650	0.002360	0.526470	0.007109	0.035630	0.034835	74.691737	141.911901	1.367651	1.228489	1.203856	1.273084	1.336173	1.357662	1.344236	1.427056	1.207465	1.193948	1.198622	97.711631	98.431877	98.635662	98.544108	97.940484	98.001511	98.029474	97.599463	98.064115	98.381503	98.167310	99.638679	99.837189	99.862708	99.698484	99.688971	99.672517	99.654737	99.555145	99.689193	99.822143	99.693090	99.991397	100.000000	100.000000	100.000000	99.991594	100.000000	99.991579	99.983213	99.991120	99.982214	100.000000	100.000000	100.000000	100.000000	100.000000	100.000000	100.000000	100.000000	100.000000	99.991120	100.000000	100.000000	0.038559	0.038794	0.038682	0.038679	0.038627	0.038823	0.038330	0.038309	0.038991	0.038690	0.038814	0.037067	0.037180	0.037060	0.037114	0.037098	0.037212	0.036812	0.036763	0.037618	0.037300	0.037409	1.040493	1.043708	1.044060	1.042406	1.041496	1.043587	1.041504	1.042298	1.036770	1.037527	1.037860	0.581597	0.530889	0.527719	0.545277	0.564133	0.558511	0.560101	0.582708	0.586232	0.569318	0.565005	0.783387	0.781428	0.771304	0.773940	0.786209	0.792809	0.797401	0.806181	0.743294	0.749693	0.748565	0.000000	11994.000000	11994.000000	11994.000000	0.000000	11416.000000	3.613463	3.613463	0.019162	0.673969	140.000000	11994.000000	11854.000000	11854.000000	1.167250	10.125359	11.000000	0.026013	0.018334	0.865849	0.659811	94.317196	96.037296	95.789383	95.677459	92.083581	93.698049	95.037876	92.196777	94.678571	95.339893	94.852097
58	0.939163	0.028262	0.021746	0.021284	1.597713	1.291165	0.007165	0.005790	0.001608	0.001330	99.992240	99.999242	100.000000	97.063684	0.038699	0.002366	0.526377	0.007090	0.035203	0.034562	74.583484	141.884807	1.355788	1.215784	1.197070	1.251916	1.337944	1.354016	1.342868	1.414832	1.206995	1.193811	1.202911	97.711631	98.440446	98.678565	98.630255	97.974109	98.043497	97.852632	97.784120	97.975313	98.328146	98.272536	99.673090	99.811482	99.854127	99.732943	99.688971	99.680914	99.671579	99.597113	99.671432	99.831036	99.736934	99.982794	100.000000	100.000000	100.000000	99.991594	100.000000	99.991579	99.983213	99.991120	99.982214	100.000000	100.000000	100.000000	100.000000	100.000000	100.000000	100.000000	100.000000	100.000000	99.991120	100.000000	100.000000	0.038491	0.038858	0.038936	0.038898	0.038646	0.038589	0.038472	0.038415	0.039049	0.038827	0.038678	0.037001	0.037240	0.037298	0.037322	0.037111	0.036992	0.036936	0.036859	0.037642	0.037394	0.037270	1.040539	1.043708	1.044207	1.042507	1.041658	1.043467	1.041818	1.042457	1.037638	1.038549	1.038061	0.577863	0.529251	0.527067	0.538367	0.560857	0.559065	0.556236	0.583647	0.583256	0.569543	0.562919	0.786756	0.777062	0.772067	0.769540	0.788331	0.792857	0.789927	0.806640	0.746413	0.751661	0.743825	0.000000	11994.000000	11994.000000	11994.000000	0.000000	11415.000000	3.835436	3.835436	0.019504	0.666840	132.000000	11994.000000	11862.000000	11862.000000	1.100550	10.122745	11.000000	0.026130	0.018586	0.855991	0.657093	94.589908	95.969969	95.731075	95.774770	91.970803	93.836894	95.109713	92.076271	94.555030	95.215525	94.740094
59	0.927348	0.027448	0.021335	0.020879	1.596421	1.291527	0.007159	0.005792	0.001605	0.001332	99.992998	99.999242	100.000000	97.063684	0.038560	0.002363	0.526748	0.007013	0.035479	0.034758	74.621386	141.767291	1.361922	1.208499	1.197882	1.255881	1.333719	1.361899	1.345611	1.407319	1.198370	1.190792	1.201188	97.660014	98.449015	98.618500	98.638870	97.965703	98.018305	97.962105	97.742152	98.001954	98.363717	98.237461	99.681693	99.820051	99.862708	99.724328	99.680565	99.680914	99.629474	99.546752	99.698073	99.804357	99.701859	99.991397	100.000000	100.000000	100.000000	99.991594	100.000000	99.991579	99.983213	99.991120	99.982214	100.000000	100.000000	100.000000	100.000000	100.000000	100.000000	100.000000	100.000000	100.000000	99.991120	100.000000	100.000000	0.038412	0.038764	0.038961	0.038500	0.038469	0.038663	0.038214	0.038324	0.038712	0.038703	0.038593	0.036923	0.037158	0.037313	0.036956	0.036943	0.037057	0.036685	0.036777	0.037334	0.037292	0.037180	1.040566	1.043496	1.044443	1.042015	1.041593	1.043587	1.041939	1.042290	1.037119	1.038080	1.038290	0.574718	0.529555	0.526822	0.540987	0.562342	0.560920	0.559456	0.580300	0.582519	0.567570	0.563059	0.785568	0.774944	0.771424	0.770053	0.787217	0.793983	0.794506	0.808997	0.746982	0.749589	0.745836	1.000000	11994.000000	11993.000000	11993.000000	0.008338	11431.000000	3.504707	3.504707	0.019144	0.669247	127.000000	11994.000000	11867.000000	11867.000000	1.058863	10.124800	11.000000	0.025998	0.018501	0.865893	0.659707	94.219102	96.118347	95.818213	95.842736	92.185644	93.450263	95.170479	92.280969	94.779116	95.370453	94.731733
60	0.919451	0.027954	0.021284	0.020819	1.587030	1.277392	0.007117	0.005728	0.001595	0.001317	99.992240	99.998484	100.000000	97.063684	0.038772	0.002368	0.526127	0.007105	0.035191	0.034582	74.553045	141.773980	1.350087	1.204916	1.192758	1.253063	1.328674	1.339135	1.328081	1.403280	1.208622	1.192017	1.194516	97.616999	98.449015	98.635662	98.664714	97.974109	98.068688	97.894737	97.733759	98.001954	98.310360	98.290074	99.707502	99.820051	99.862708	99.750172	99.714190	99.697708	99.637895	99.555145	99.698073	99.831036	99.710628	99.982794	100.000000	100.000000	100.000000	99.991594	100.000000	99.991579	99.983213	99.991120	99.982214	100.000000	100.000000	100.000000	100.000000	100.000000	100.000000	100.000000	100.000000	100.000000	99.991120	99.991107	100.000000	0.038450	0.038831	0.038989	0.038720	0.038594	0.038573	0.038555	0.038505	0.039244	0.039188	0.039038	0.036956	0.037224	0.037348	0.037156	0.037054	0.036989	0.037021	0.036949	0.037799	0.037739	0.037588	1.040691	1.043447	1.044235	1.042346	1.041833	1.043128	1.041713	1.042333	1.038467	1.038626	1.038870	0.578782	0.530432	0.524691	0.539088	0.559713	0.556078	0.560273	0.581638	0.578502	0.570605	0.564256	0.785854	0.773311	0.768344	0.773975	0.782565	0.792786	0.793148	0.805460	0.748112	0.750912	0.745901	1.000000	11994.000000	11993.000000	11993.000000	0.008338	11442.000000	3.476550	3.476550	0.019593	0.661047	135.000000	11994.000000	11859.000000	11859.000000	1.125563	10.136436	11.000000	0.026419	0.018916	0.852543	0.648595	94.658342	95.804920	96.040118	95.789931	92.223449	93.972022	95.099124	92.301823	94.589286	95.571659	94.995145
61	0.918392	0.027059	0.021128	0.020666	1.593981	1.288093	0.007148	0.005776	0.001602	0.001329	99.992240	99.999242	100.000000	97.063684	0.038688	0.002360	0.526285	0.006936	0.035409	0.034756	74.647772	141.780627	1.350811	1.205806	1.184076	1.262074	1.337338	1.345374	1.329310	1.434625	1.202023	1.188636	1.200277	97.703028	98.457584	98.652823	98.604411	97.948890	98.026702	97.970526	97.498741	98.037474	98.345932	98.272536	99.681693	99.845758	99.862708	99.715713	99.705783	99.706105	99.663158	99.563539	99.706953	99.813250	99.710628	99.982794	100.000000	100.000000	100.000000	99.991594	100.000000	99.991579	99.983213	99.991120	99.982214	100.000000	100.000000	100.000000	100.000000	100.000000	100.000000	100.000000	100.000000	100.000000	99.991120	100.000000	100.000000	0.038494	0.038918	0.038990	0.038804	0.038544	0.038559	0.038569	0.038404	0.038819	0.038771	0.038860	0.036996	0.037309	0.037350	0.037234	0.037016	0.036973	0.037030	0.036850	0.037431	0.037344	0.037418	1.040720	1.043417	1.044215	1.042434	1.041550	1.043178	1.041822	1.042393	1.037320	1.038406	1.038815	0.578623	0.529279	0.523266	0.542626	0.564345	0.558733	0.560322	0.585824	0.580982	0.564926	0.565080	0.780160	0.777157	0.773106	0.771532	0.783577	0.793732	0.791516	0.810314	0.747958	0.747154	0.749903	1.000000	11994.000000	11993.000000	11993.000000	0.008338	11437.000000	3.495988	3.495988	0.018842	0.663624	128.000000	11994.000000	11866.000000	11866.000000	1.067200	10.124979	11.000000	0.025638	0.018037	0.865923	0.653535	94.208427	95.825067	95.766373	95.904911	91.987778	94.051352	95.187484	91.874947	94.904061	95.270451	95.012799
62	0.928942	0.027234	0.021329	0.020866	1.589158	1.282342	0.007126	0.005750	0.001595	0.001316	99.992998	99.999242	100.000000	97.063684	0.038727	0.002346	0.526203	0.006959	0.035425	0.034742	74.640351	141.790014	1.352633	1.206191	1.188687	1.249527	1.324074	1.340431	1.320153	1.411279	1.195238	1.190126	1.191908	97.608396	98.389032	98.635662	98.595796	98.074983	98.060291	98.021053	97.700185	98.019714	98.372610	98.246229	99.673090	99.845758	99.854127	99.732943	99.739408	99.706105	99.646316	99.571932	99.706953	99.804357	99.719397	99.991397	100.000000	100.000000	100.000000	99.991594	100.000000	99.991579	99.983213	99.991120	99.982214	100.000000	100.000000	100.000000	100.000000	100.000000	100.000000	100.000000	100.000000	100.000000	99.991120	100.000000	100.000000	0.038567	0.038833	0.038922	0.038916	0.038613	0.038803	0.038496	0.038520	0.038948	0.038851	0.038683	0.037065	0.037227	0.037279	0.037334	0.037085	0.037193	0.036966	0.036964	0.037561	0.037431	0.037257	1.040766	1.043409	1.044378	1.042636	1.041504	1.043583	1.041635	1.042337	1.037191	1.038186	1.038547	0.575340	0.526445	0.523998	0.535826	0.561476	0.554856	0.556323	0.581910	0.580601	0.570410	0.564005	0.781818	0.779472	0.774520	0.773071	0.784149	0.790913	0.790300	0.807877	0.744484	0.750727	0.746889	1.000000	11994.000000	11993.000000	11993.000000	0.008338	11454.000000	3.483094	3.483094	0.018868	0.669584	131.000000	11994.000000	11863.000000	11863.000000	1.092213	10.133609	11.000000	0.025714	0.018139	0.855183	0.658068	94.486824	96.057626	95.746888	95.798611	92.268522	93.847458	95.313430	92.033223	94.724627	95.484217	95.047669
63	0.933059	0.027316	0.021490	0.021024	1.581047	1.274941	0.007090	0.005717	0.001589	0.001312	99.992998	99.999242	100.000000	97.063684	0.038676	0.002342	0.526291	0.006973	0.035516	0.034791	74.653784	141.824203	1.340736	1.209191	1.183785	1.254165	1.320360	1.341046	1.324256	1.403007	1.188369	1.177168	1.186419	97.642808	98.500428	98.618500	98.630255	98.049765	98.077085	97.928421	97.742152	98.072995	98.345932	98.351456	99.681693	99.854327	99.854127	99.732943	99.714190	99.672517	99.663158	99.597113	99.733594	99.822143	99.719397	99.991397	100.000000	100.000000	100.000000	99.991594	100.000000	99.991579	99.983213	99.991120	99.982214	100.000000	100.000000	100.000000	100.000000	100.000000	100.000000	100.000000	100.000000	100.000000	99.991120	100.000000	100.000000	0.038497	0.038783	0.038796	0.038667	0.038489	0.038753	0.038530	0.038512	0.038936	0.038806	0.038815	0.037002	0.037180	0.037165	0.037103	0.036969	0.037148	0.036996	0.036955	0.037559	0.037400	0.037383	1.040653	1.043407	1.044169	1.042394	1.041392	1.043455	1.041743	1.042390	1.036902	1.037841	1.038552	0.575187	0.527976	0.523936	0.539303	0.560385	0.554599	0.556805	0.578993	0.581939	0.565270	0.562320	0.778388	0.777295	0.773078	0.769377	0.781708	0.794844	0.792278	0.804449	0.745571	0.747403	0.747352	0.000000	11994.000000	11994.000000	11994.000000	0.000000	11454.000000	3.582029	3.582029	0.018615	0.666372	130.000000	11994.000000	11864.000000	11864.000000	1.083875	10.137306	11.000000	0.025443	0.018045	0.854229	0.654264	94.571156	96.056605	95.731075	95.756682	92.234575	94.210883	95.304925	92.060668	94.662620	95.529328	95.118722
64	0.924370	0.026926	0.021205	0.020735	1.580357	1.280307	0.007087	0.005741	0.001588	0.001312	99.992998	99.999242	100.000000	97.063684	0.038660	0.002329	0.526323	0.006878	0.035542	0.034780	74.657429	141.863361	1.345407	1.202304	1.187826	1.246672	1.314802	1.335284	1.323797	1.394840	1.187832	1.182628	1.188726	97.694425	98.431877	98.635662	98.681943	98.058171	98.060291	97.978947	97.758939	98.028594	98.408181	98.333918	99.690296	99.837189	99.862708	99.732943	99.714190	99.689311	99.646316	99.597113	99.724714	99.822143	99.719397	99.991397	100.000000	100.000000	100.000000	99.991594	100.000000	99.991579	99.983213	99.991120	99.982214	100.000000	100.000000	100.000000	100.000000	100.000000	100.000000	100.000000	100.000000	100.000000	99.991120	100.000000	100.000000	0.038586	0.038790	0.038916	0.038719	0.038444	0.038638	0.038438	0.038526	0.038865	0.038797	0.038686	0.037086	0.037187	0.037277	0.037152	0.036939	0.037044	0.036912	0.036965	0.037480	0.037391	0.037250	1.040716	1.043382	1.044248	1.042429	1.041007	1.043289	1.041615	1.042481	1.037194	1.037849	1.038860	0.576851	0.527473	0.524370	0.537041	0.559342	0.558434	0.558716	0.580826	0.582255	0.566934	0.562074	0.781871	0.776280	0.772476	0.771584	0.783337	0.795443	0.793338	0.804621	0.743359	0.748987	0.745283	1.000000	11994.000000	11993.000000	11993.000000	0.008338	11450.000000	3.466705	3.466705	0.018545	0.665140	131.000000	11994.000000	11863.000000	11863.000000	1.092213	10.141870	11.000000	0.025407	0.018051	0.859295	0.654898	94.477198	96.118012	95.911488	95.963892	92.277009	93.939651	95.355168	92.380064	94.822353	95.492353	94.993820
65	0.915660	0.026811	0.021038	0.020570	1.578297	1.275208	0.007078	0.005718	0.001585	0.001309	99.992240	99.998484	100.000000	97.063684	0.038760	0.002339	0.526106	0.006971	0.035426	0.034785	74.673078	141.906455	1.340675	1.195606	1.188881	1.241697	1.315232	1.332513	1.318861	1.397752	1.187730	1.183991	1.186924	97.694425	98.508997	98.635662	98.681943	98.058171	98.161055	98.004211	97.784120	98.081875	98.390396	98.333918	99.673090	99.854327	99.862708	99.732943	99.722596	99.680914	99.629474	99.597113	99.724714	99.822143	99.719397	99.982794	100.000000	100.000000	100.000000	99.991594	100.000000	99.991579	99.983213	99.991120	99.982214	100.000000	100.000000	100.000000	100.000000	100.000000	100.000000	100.000000	100.000000	100.000000	99.991120	99.991107	100.000000	0.038598	0.038734	0.038885	0.038797	0.038675	0.038822	0.038601	0.038713	0.038945	0.038835	0.038903	0.037097	0.037140	0.037252	0.037227	0.037142	0.037216	0.037061	0.037140	0.037557	0.037419	0.037456	1.040724	1.043209	1.044161	1.042448	1.041560	1.043433	1.041828	1.042618	1.037193	1.038076	1.038920	0.578826	0.526903	0.525003	0.536789	0.559756	0.555117	0.555305	0.579263	0.580462	0.571357	0.562577	0.786133	0.774074	0.773313	0.769878	0.781687	0.795659	0.791782	0.803795	0.745297	0.751711	0.743874	1.000000	11994.000000	11993.000000	11993.000000	0.008338	11446.000000	3.461952	3.461952	0.018469	0.662221	130.000000	11994.000000	11864.000000	11864.000000	1.083875	10.138570	11.000000	0.025523	0.017920	0.853249	0.650213	94.599046	95.953059	95.678105	95.826102	92.175832	94.074765	95.313829	92.161681	94.938856	95.635843	95.039280
66	0.920166	0.027384	0.021263	0.020782	1.568395	1.264953	0.007033	0.005672	0.001574	0.001300	99.992998	99.999242	100.000000	97.063684	0.038746	0.002335	0.526101	0.006881	0.035388	0.034760	74.602616	141.805747	1.329591	1.191822	1.175719	1.231736	1.312299	1.323641	1.314010	1.392997	1.185450	1.177067	1.182168	97.746043	98.500428	98.644242	98.699173	98.041358	98.144261	97.978947	97.767333	98.099636	98.417074	98.368993	99.673090	99.820051	99.854127	99.741558	99.697377	99.722899	99.637895	99.597113	99.715833	99.813250	99.719397	99.991397	100.000000	100.000000	100.000000	99.991594	100.000000	99.991579	99.983213	99.991120	99.982214	100.000000	100.000000	100.000000	100.000000	100.000000	100.000000	100.000000	100.000000	100.000000	99.991120	100.000000	100.000000	0.038592	0.038939	0.039101	0.038751	0.038549	0.038804	0.038521	0.038432	0.038985	0.038893	0.038799	0.037093	0.037320	0.037451	0.037183	0.037027	0.037200	0.036989	0.036879	0.037585	0.037464	0.037359	1.040652	1.043659	1.044379	1.042412	1.041391	1.043378	1.041705	1.042351	1.037505	1.038384	1.038811	0.574897	0.525624	0.522501	0.535043	0.558756	0.553639	0.554494	0.581321	0.579825	0.564285	0.559246	0.781909	0.775675	0.771899	0.768505	0.785376	0.790853	0.794005	0.803404	0.743217	0.747000	0.742542	0.000000	11994.000000	11994.000000	11994.000000	0.000000	11445.000000	11109.853420	11109.853420	0.018927	0.655167	128.000000	11994.000000	11866.000000	11866.000000	1.067200	10.141750	11.000000	0.025860	0.018323	0.845896	0.644562	94.547503	96.083168	95.808849	95.912877	92.142554	94.050847	95.390765	92.332458	95.055337	95.467954	94.942184
67	0.920233	0.026957	0.021170	0.020688	1.563231	1.258406	0.007010	0.005643	0.001569	0.001296	99.992998	99.999242	100.000000	97.063684	0.038777	0.002337	0.526028	0.006966	0.035418	0.034755	74.610822	141.811394	1.327808	1.191826	1.171313	1.235007	1.307452	1.318428	1.309564	1.385888	1.181414	1.170145	1.183265	97.746043	98.483290	98.661404	98.664714	98.074983	98.093879	98.021053	97.792513	98.046355	98.417074	98.298843	99.681693	99.837189	99.862708	99.724328	99.705783	99.697708	99.637895	99.597113	99.724714	99.831036	99.719397	99.991397	100.000000	100.000000	100.000000	99.991594	100.000000	99.991579	99.983213	99.991120	99.982214	100.000000	100.000000	100.000000	100.000000	100.000000	100.000000	100.000000	100.000000	100.000000	99.991120	100.000000	100.000000	0.038653	0.038885	0.038941	0.038798	0.038520	0.038714	0.038514	0.038386	0.039236	0.039074	0.039013	0.037154	0.037274	0.037308	0.037229	0.037004	0.037114	0.036978	0.036838	0.037823	0.037651	0.037549	1.040598	1.043496	1.044073	1.042380	1.041259	1.043398	1.041826	1.042253	1.037623	1.038031	1.039282	0.574575	0.525535	0.522534	0.534393	0.558553	0.553490	0.554063	0.579779	0.577264	0.565249	0.557251	0.780622	0.776122	0.770175	0.770051	0.782990	0.788909	0.791050	0.800309	0.745977	0.743588	0.745377	0.000000	11994.000000	11994.000000	11994.000000	0.000000	11463.000000	3.637063	3.637063	0.018592	0.649243	137.000000	11994.000000	11857.000000	11857.000000	1.142238	10.147255	11.000000	0.025143	0.017745	0.832868	0.641192	94.535993	95.987228	95.996541	95.893384	92.307039	94.242835	95.344681	92.428353	94.812963	95.339893	95.177956
68	0.908071	0.026579	0.020836	0.020355	1.563026	1.259583	0.007009	0.005648	0.001570	0.001300	99.992240	99.999242	100.000000	97.063684	0.038850	0.002333	0.525792	0.006911	0.035450	0.034789	74.636882	141.873264	1.332477	1.188192	1.176102	1.229641	1.305179	1.319808	1.308224	1.386114	1.179314	1.172094	1.173271	97.737440	98.560411	98.618500	98.690558	98.117014	98.169452	98.046316	97.809300	98.108516	98.417074	98.351456	99.681693	99.837189	99.862708	99.741558	99.705783	99.706105	99.646316	99.597113	99.724714	99.831036	99.719397	99.982794	100.000000	100.000000	100.000000	99.991594	100.000000	99.991579	99.983213	99.991120	99.982214	100.000000	100.000000	100.000000	100.000000	100.000000	100.000000	100.000000	100.000000	100.000000	99.991120	100.000000	100.000000	0.038741	0.038944	0.038996	0.039028	0.038758	0.038825	0.038615	0.038602	0.039044	0.038943	0.039008	0.037230	0.037325	0.037357	0.037446	0.037219	0.037215	0.037073	0.037035	0.037653	0.037523	0.037576	1.040848	1.043659	1.044198	1.042502	1.041660	1.043554	1.041886	1.042553	1.037182	1.038096	1.038417	0.574627	0.524923	0.523751	0.535004	0.556868	0.553786	0.552706	0.580066	0.578621	0.567405	0.559928	0.781900	0.775112	0.769628	0.768177	0.782494	0.791326	0.793589	0.800968	0.743914	0.748320	0.742807	1.000000	11994.000000	11993.000000	11993.000000	0.008338	11452.000000	3.434495	3.434495	0.018429	0.652024	123.000000	11994.000000	11871.000000	11871.000000	1.025513	10.143206	11.000000	0.025197	0.017850	0.840131	0.643268	94.409776	95.964474	95.965443	95.992366	92.476037	93.951203	95.307718	92.376758	94.879115	95.530127	95.146916
69	0.918770	0.027018	0.021161	0.020683	1.557666	1.254234	0.006985	0.005624	0.001564	0.001292	99.992240	99.999242	100.000000	97.063684	0.038785	0.002333	0.525979	0.006888	0.035363	0.034763	74.608996	141.822187	1.323957	1.187660	1.171429	1.224329	1.304038	1.316593	1.305146	1.382063	1.178112	1.170513	1.171632	97.840674	98.483290	98.695727	98.707788	98.108608	98.102276	98.012632	97.868054	98.081875	98.434860	98.307611	99.690296	99.837189	99.854127	99.750172	99.731002	99.706105	99.663158	99.605506	99.724714	99.831036	99.736934	99.982794	100.000000	100.000000	100.000000	99.991594	100.000000	99.991579	99.983213	99.991120	99.982214	100.000000	100.000000	100.000000	100.000000	100.000000	100.000000	100.000000	100.000000	100.000000	99.991120	100.000000	100.000000	0.038645	0.038941	0.039047	0.038894	0.038591	0.038705	0.038532	0.038576	0.039032	0.038997	0.038836	0.037145	0.037324	0.037400	0.037318	0.037067	0.037107	0.036995	0.037009	0.037628	0.037557	0.037404	1.040645	1.043587	1.044344	1.042482	1.041413	1.043358	1.041810	1.042555	1.037560	1.038571	1.038587	0.573509	0.524944	0.522856	0.535305	0.557491	0.552718	0.554041	0.578430	0.578676	0.561905	0.559234	0.780977	0.776150	0.768282	0.766797	0.783840	0.789589	0.790760	0.802226	0.743658	0.748857	0.741731	0.000000	11994.000000	11994.000000	11994.000000	0.000000	11464.000000	3.514773	3.514773	0.018634	0.647691	125.000000	11994.000000	11869.000000	11869.000000	1.042188	10.147780	11.000000	0.025406	0.017938	0.839724	0.634938	94.557116	95.980680	95.922246	95.940319	92.321398	94.238753	95.239310	92.478401	94.958508	95.647900	95.075457
70	0.921763	0.026721	0.021155	0.020678	1.561283	1.261046	0.007001	0.005655	0.001567	0.001296	99.992240	99.999242	100.000000	97.063684	0.038828	0.002333	0.525797	0.006886	0.035389	0.034749	74.642574	141.848452	1.329246	1.188926	1.170419	1.230687	1.305913	1.316883	1.305895	1.385196	1.180468	1.167817	1.172763	97.694425	98.491859	98.695727	98.647484	98.066577	98.135864	98.029474	97.792513	98.055235	98.461538	98.351456	99.664487	99.828620	99.871289	99.741558	99.714190	99.697708	99.663158	99.597113	99.715833	99.839929	99.719397	99.982794	100.000000	100.000000	100.000000	99.991594	100.000000	99.991579	99.983213	99.991120	99.982214	100.000000	100.000000	100.000000	100.000000	100.000000	100.000000	100.000000	100.000000	100.000000	99.991120	100.000000	100.000000	0.038683	0.039032	0.039040	0.038945	0.038757	0.038798	0.038590	0.038538	0.039010	0.038929	0.038945	0.037177	0.037407	0.037391	0.037366	0.037216	0.037188	0.037047	0.036976	0.037608	0.037514	0.037509	1.040768	1.043734	1.044412	1.042518	1.041693	1.043561	1.041945	1.042462	1.037509	1.037954	1.038575	0.574408	0.526144	0.522723	0.536024	0.558118	0.552829	0.555878	0.581095	0.577936	0.563421	0.559845	0.780287	0.773147	0.768537	0.768403	0.782310	0.790772	0.789546	0.801434	0.745520	0.748185	0.741564	0.000000	11994.000000	11994.000000	11994.000000	0.000000	11456.000000	3.536495	3.536495	0.018416	0.651987	131.000000	11994.000000	11863.000000	11863.000000	1.092213	10.149962	11.000000	0.025321	0.017804	0.843417	0.639654	94.606313	96.117343	95.782195	95.843818	92.309651	94.168009	95.219462	92.602322	95.028117	95.654506	95.146059
71	0.906673	0.026584	0.020825	0.020342	1.559437	1.258751	0.006993	0.005645	0.001566	0.001295	99.992240	99.999242	100.000000	97.063684	0.038843	0.002326	0.525744	0.006841	0.035390	0.034779	74.626938	141.840353	1.326435	1.185928	1.171226	1.227424	1.303536	1.316841	1.306099	1.383864	1.177783	1.168283	1.172979	97.754646	98.517566	98.644242	98.673329	98.100202	98.127467	98.021053	97.842874	98.126277	98.425967	98.342687	99.681693	99.845758	99.862708	99.741558	99.731002	99.706105	99.663158	99.597113	99.733594	99.839929	99.728166	99.982794	100.000000	100.000000	100.000000	99.991594	100.000000	99.991579	99.983213	99.991120	99.982214	100.000000	100.000000	100.000000	100.000000	100.000000	100.000000	100.000000	100.000000	100.000000	99.991120	100.000000	100.000000	0.038682	0.038943	0.039050	0.038974	0.038670	0.038772	0.038595	0.038636	0.039061	0.038981	0.039071	0.037177	0.037329	0.037404	0.037395	0.037138	0.037166	0.037052	0.037066	0.037660	0.037552	0.037622	1.040749	1.043518	1.044286	1.042501	1.041529	1.043485	1.041927	1.042609	1.037436	1.038289	1.038813	0.574815	0.525172	0.523239	0.534850	0.557399	0.552803	0.554681	0.579387	0.577810	0.562732	0.560384	0.779140	0.774573	0.768805	0.768068	0.782150	0.789181	0.791547	0.802622	0.744764	0.747568	0.743158	1.000000	11994.000000	11993.000000	11993.000000	0.008338	11455.000000	3.428877	3.428877	0.018448	0.649926	125.000000	11994.000000	11869.000000	11869.000000	1.042188	10.149549	11.000000	0.025111	0.017839	0.839936	0.640011	94.617785	96.032088	95.912548	95.991671	92.372953	94.306050	95.332426	92.520752	94.904970	95.637404	94.979264
72	0.904178	0.026571	0.020776	0.020293	1.556203	1.256266	0.006978	0.005633	0.001562	0.001291	99.992240	99.999242	100.000000	97.063684	0.038742	0.002324	0.526101	0.006898	0.035540	0.034792	74.628385	141.846486	1.322876	1.184947	1.168168	1.224870	1.302895	1.314963	1.304456	1.381743	1.176640	1.164614	1.171195	97.763248	98.508997	98.695727	98.690558	98.100202	98.144261	97.936842	97.817693	98.081875	98.452646	98.351456	99.690296	99.828620	99.862708	99.741558	99.714190	99.706105	99.646316	99.597113	99.733594	99.831036	99.728166	99.982794	100.000000	100.000000	100.000000	99.991594	100.000000	99.991579	99.983213	99.991120	99.982214	100.000000	100.000000	100.000000	100.000000	100.000000	100.000000	100.000000	100.000000	100.000000	99.991120	100.000000	100.000000	0.038560	0.038854	0.038890	0.038855	0.038630	0.038786	0.038535	0.038492	0.038975	0.038919	0.038815	0.037066	0.037245	0.037255	0.037286	0.037101	0.037177	0.037000	0.036936	0.037581	0.037509	0.037387	1.040536	1.043488	1.044169	1.042341	1.041525	1.043550	1.041779	1.042339	1.037326	1.037837	1.038487	0.573634	0.525319	0.523246	0.535381	0.555706	0.552091	0.553533	0.579426	0.578552	0.564037	0.559378	0.780321	0.773839	0.767705	0.767417	0.784150	0.789058	0.792131	0.801515	0.743318	0.746160	0.741827	1.000000	11994.000000	11993.000000	11993.000000	0.008338	11463.000000	3.424157	3.424157	0.018389	0.651883	128.000000	11994.000000	11866.000000	11866.000000	1.067200	10.147143	11.000000	0.025104	0.017680	0.835939	0.639485	94.564840	96.014493	95.843415	96.008330	92.193466	94.161512	95.255505	92.468017	94.779116	95.780440	95.180936
73	0.905853	0.026583	0.020812	0.020326	1.557865	1.256108	0.006986	0.005633	0.001564	0.001294	99.992240	99.999242	100.000000	97.063684	0.038818	0.002324	0.525831	0.006847	0.035416	0.034762	74.626131	141.836082	1.324695	1.184681	1.169765	1.225510	1.302513	1.314589	1.302719	1.383447	1.177581	1.167811	1.172769	97.763248	98.500428	98.669985	98.699173	98.100202	98.110673	97.995789	97.842874	98.090756	98.452646	98.298843	99.673090	99.820051	99.862708	99.732943	99.731002	99.714502	99.663158	99.597113	99.733594	99.831036	99.719397	99.982794	100.000000	100.000000	100.000000	99.991594	100.000000	99.991579	99.983213	99.991120	99.982214	100.000000	100.000000	100.000000	100.000000	100.000000	100.000000	100.000000	100.000000	100.000000	99.991120	100.000000	100.000000	0.038704	0.038915	0.039018	0.038905	0.038696	0.038778	0.038602	0.038612	0.039026	0.038924	0.038965	0.037199	0.037303	0.037374	0.037329	0.037163	0.037171	0.037061	0.037047	0.037624	0.037504	0.037521	1.040720	1.043485	1.044284	1.042458	1.041570	1.043528	1.041862	1.042484	1.037499	1.038097	1.038795	0.574045	0.525801	0.522654	0.534737	0.556543	0.552728	0.552735	0.579719	0.577279	0.563099	0.559142	0.781355	0.773437	0.768693	0.768584	0.783033	0.787261	0.792488	0.800711	0.744736	0.745996	0.742946	1.000000	11994.000000	11993.000000	11993.000000	0.008338	11470.000000	3.428085	3.428085	0.018412	0.650337	124.000000	11994.000000	11870.000000	11870.000000	1.033850	10.146504	11.000000	0.025212	0.017717	0.838956	0.639928	94.591784	96.058986	95.913960	95.983343	92.246352	94.290071	95.120707	92.462099	94.941113	95.549200	95.101933
74	0.909319	0.026759	0.020905	0.020420	1.560840	1.259582	0.006999	0.005648	0.001567	0.001294	99.992240	99.999242	100.000000	97.063684	0.038738	0.002320	0.526129	0.006885	0.035427	0.034722	74.620532	141.824491	1.327857	1.187437	1.169958	1.227481	1.304264	1.317447	1.307101	1.385751	1.181047	1.169254	1.174552	97.720234	98.517566	98.652823	98.681943	98.125420	98.102276	97.962105	97.826087	98.046355	98.443753	98.325149	99.673090	99.820051	99.871289	99.732943	99.705783	99.714502	99.654737	99.597113	99.724714	99.822143	99.719397	99.982794	100.000000	100.000000	100.000000	99.991594	100.000000	99.991579	99.983213	99.991120	99.982214	100.000000	100.000000	100.000000	100.000000	100.000000	100.000000	100.000000	100.000000	100.000000	99.991120	100.000000	100.000000	0.038519	0.038801	0.038975	0.038799	0.038572	0.038810	0.038508	0.038493	0.038945	0.038896	0.038948	0.037028	0.037196	0.037334	0.037230	0.037046	0.037199	0.036972	0.036939	0.037549	0.037475	0.037507	1.040545	1.043413	1.044261	1.042379	1.041499	1.043597	1.041815	1.042302	1.037437	1.038179	1.038695	0.574447	0.525326	0.522452	0.534273	0.557751	0.551677	0.553185	0.579831	0.578297	0.563565	0.558916	0.782214	0.772849	0.768316	0.768928	0.784294	0.789545	0.792764	0.800956	0.744593	0.747147	0.741965	1.000000	11994.000000	11993.000000	11993.000000	0.008338	11463.000000	3.424648	3.424648	0.018458	0.653885	131.000000	11994.000000	11863.000000	11863.000000	1.092213	10.149203	11.000000	0.025292	0.017844	0.843149	0.642732	94.615451	95.961688	95.980290	95.981949	92.098116	94.235823	95.245386	92.475214	94.930382	95.617957	95.304087
75	0.920856	0.026861	0.021165	0.020684	1.559729	1.258080	0.006994	0.005642	0.001566	0.001293	99.992240	99.999242	100.000000	97.063684	0.038750	0.002320	0.526061	0.006878	0.035488	0.034793	74.612837	141.793672	1.325898	1.185158	1.169359	1.227156	1.303531	1.315929	1.305648	1.385643	1.181585	1.170245	1.174134	97.711631	98.508997	98.652823	98.690558	98.108608	98.093879	98.012632	97.775726	98.090756	98.417074	98.325149	99.698899	99.837189	99.871289	99.732943	99.722596	99.706105	99.663158	99.597113	99.724714	99.831036	99.719397	99.982794	100.000000	100.000000	100.000000	99.991594	100.000000	99.991579	99.983213	99.991120	99.982214	100.000000	100.000000	100.000000	100.000000	100.000000	100.000000	100.000000	100.000000	100.000000	99.991120	100.000000	100.000000	0.038575	0.038910	0.038921	0.038808	0.038635	0.038784	0.038581	0.038412	0.038944	0.038867	0.038960	0.037081	0.037297	0.037288	0.037239	0.037105	0.037179	0.037041	0.036862	0.037549	0.037453	0.037522	1.040549	1.043538	1.044108	1.042384	1.041559	1.043434	1.041864	1.042286	1.037389	1.038014	1.038603	0.574037	0.523751	0.521828	0.534750	0.557638	0.552159	0.553189	0.578731	0.577679	0.563859	0.559306	0.780286	0.773454	0.770080	0.767522	0.782898	0.787548	0.792754	0.803012	0.744358	0.746434	0.742336	0.000000	11994.000000	11994.000000	11994.000000	0.000000	11458.000000	3.509896	3.509896	0.018459	0.649936	128.000000	11994.000000	11866.000000	11866.000000	1.067200	10.147733	11.000000	0.025308	0.017822	0.840761	0.639870	94.486824	96.118347	95.912194	95.930233	92.243720	94.381356	95.127137	92.475852	94.922816	95.610192	95.127979
