x,y,z,q1,q2,q3,q4
-8.945318679845112,-7.073315242031306,16.130757785161855,-0.021834919833245356,-0.2223733137337597,-0.8377798393126631,-0.4981950285341985
-4.873611494905664,8.417677056620338,13.695517017006294,-0.03067300143639945,-0.6609961990082618,-0.40278139700298676,-0.6323846441113476
-11.297149620684714,-0.33592883445656874,12.833586503391114,0.9545505254895222,0.16504592030355733,-0.16504592030355733,0.18534557634316595
-0.21076776517785767,8.72189093769447,17.249471840416398,0.44471776290773884,-0.4748822528650595,-0.4389162957217408,0.6197301369290085
14.826713087038314,1.7974522685262642,17.055709301469953,0.0,-0.5712682150947922,0.0,0.8207634412072764
-2.722975429082604,8.607831280352261,15.379084848789724,0.1012396208753846,-0.589256151370412,-0.8009888422831261,-0.030734374486507454
-1.063917692665214,8.888751975589576,16.110643770808828,0.7348333578839413,0.07978007525839542,-0.34915749136711915,0.5759723274212016
-9.861972575632548,-6.99728592040516,15.926302492076365,-0.38462855440865,-0.5314913034250434,-0.5836057652504166,-0.47852082533943735
-7.884842357387464,0.7763780190914726,15.480401329894937,0.45337801449878873,0.519889599648436,-0.2904302012946833,0.6631843471633317
12.822147891440377,-1.5463984340475267,17.89032998812042,0.5322003238666592,0.2391304617086237,0.4364252330001611,0.6849178443871927
-0.23902645587320492,8.167208048601177,13.587417987969083,-0.26890173339144396,-0.5550233713668526,-0.3004330123264038,-0.7275856788860897
-4.042838300911291,-5.039772978961011,13.386922455189072,0.011235163906243184,-0.6781031255348553,-0.7302175873602286,-0.08265710702454426
6.682132616312002,-8.75295205737859,14.881534835036415,0.49843149687886934,-0.2906711596954745,-0.6066649579342148,0.5468399662196013
8.568809641513425,-1.6902261720330145,16.211829104176914,0.9481640333165472,-0.2613215467752651,-0.17090731610468754,0.059048322734629996
6.652532845527672,-5.079279279003503,12.875692436845192,0.3136670580050697,-0.6985403554390033,-0.25333991757890145,0.5911626127443365
-12.68011919432092,-6.065355513181234,16.88785555612604,0.6122358690642535,0.021999614628192776,-0.7825722877658808,0.11074236771996995
-2.8359769186976607,-8.836628112200668,18.32414913519237,0.4693609536534001,-0.6673747695501865,-0.43341008930268654,0.38270995106482825
-8.332019529240169,-5.060193836371349,17.05005300748732,0.7642131677689421,0.2604051084476122,-0.38370194220824944,0.44826357564335256
11.570933752848514,-7.377172564921594,16.557296690148306,0.511982430988519,-0.6408085995936503,-0.45997625925922336,0.3400884737297091
-1.4057592849521132,7.488158673790595,16.59033497414022,-0.6369397545549713,-0.1419286020008846,-0.14192860200088453,-0.7443253945255405
-1.0843721439624971,-11.364722894915252,17.29709002364258,0.6178271794197954,-0.25119040931184844,-0.42963084235337495,0.6087777048633232
-10.539651369516868,2.3546643404960808,14.78036799423528,-0.6922828460558763,-0.21342598188906536,-0.20980153892423958,-0.6566407888461429
4.156514183441809,6.700678878937406,12.089104423486438,0.204312352282572,0.37641824688569436,0.8949706637733303,0.12487304393417786
4.981480331038753,-9.021468026893203,15.969552277792323,0.17808850041777094,-0.6664242686700601,-0.7022041545786278,0.1762739499728742
3.500157336621923,-6.150073661339127,12.537893583681042,0.001812221482412904,-0.689058824547537,-0.0715138485901515,0.7211660153018102
7.590269314923296,2.527103154166289,13.468188282440885,0.04455393732616476,-0.8931981948209154,-0.09082937874107107,0.4381346315858913
4.312573513912762,1.4495170835801474,13.755508031617463,-0.11960970503087276,-0.26185741039806854,-0.8070825895216808,0.5155016088946994
8.308916995755455,3.080618034782141,15.23097696811185,0.7097230604005628,-0.24998671957000093,-0.17215438226734936,0.6357379068770688
-7.56202806185169,6.43863574941555,16.572787297597383,0.8691440319726427,-0.4263355014054412,0.22503698131678104,0.11038590927985181
-9.27173490083467,-3.4403677891169178,14.409686327280866,0.49063912604729293,0.014324978583640582,0.8523949981526565,0.18025207378684716
-1.910634313288698,5.498594749546264,16.39973503570687,0.47006842190830833,0.10695457654271215,-0.5875677502640385,0.6498927112461397
10.388910914584493,8.585578424310288,14.155793559608435,-0.1893019077852258,-0.2493664071900918,-0.5671305497605774,-0.7618032043790866
12.840947982338474,2.5975920678635607,16.98052578145817,0.0,-0.72479278722912,0.0,0.6889669190756866
-4.997532465191359,11.345259253303809,17.29795976230615,0.2231938197214468,-0.4551227462566412,-0.010543871357693996,0.8619377190115046
-9.638988130723423,-6.981035462534091,13.456351599873589,0.7225269364377283,-0.3051628702556761,0.424625304244562,0.4522430759386388
-4.471086551853954,5.692420148437305,14.729817396418767,0.047850238572522144,-0.5362943972516278,-0.20620255664451342,0.8170551877188784
-7.577963911157767,4.907606359266659,14.745304151857669,0.5768651769273172,0.2650529443064734,0.01225756126793981,0.7725433687210361
9.44132797284445,7.998675659605571,12.934644784277125,0.7938559448146527,0.46736077164419343,0.03940913228397255,0.38705757750392067
-6.627500662324616,0.4949113211506777,17.402586195431326,0.5154110251614361,0.3155432263863736,-0.046165810277649794,0.7953946601437067
-3.3483408054161004,-6.649852036227558,13.14785315653255,0.5740036902340544,-0.2746405672606966,-0.7415516333635058,0.21258762303654322
0.32200305096502824,7.321965176447868,14.644465880963223,-0.09864738564576889,-0.7723745884113008,-0.5503924294264365,0.30128783930287156
-10.45566281722018,-1.1214924633456826,12.838121938670938,0.5743571869938456,-0.003984318088660219,0.7983844979911844,0.18077649273411941
9.855429133083824,-4.865197096124986,15.421587342099938,0.20691174924469846,-0.9561950617738293,-0.18693795295652893,0.08906589475363101
-4.0250071749467065,-2.5909518889838026,18.04345119160371,0.8859988061140978,-0.12729517952022462,0.12729517952022462,0.4273148606194519
9.772934540981257,8.426319596395416,15.205956227143526,0.39538786846884916,0.8060529912738311,0.39538786846884916,0.19394700872616855
14.045046619822067,-6.356938249152007,16.271935903324277,0.8215906030019394,-0.07562136416986152,-0.20168914140455182,0.5278179426464141
-12.843141276191275,-8.210723723685327,16.679623669348302,0.19499690064663405,-0.22714420119071627,0.6215000563040346,0.7239609109735968
-0.22695039134578643,8.487475014579374,14.918284441155196,0.060261353623656526,-0.19206682027182445,0.2932351422592566,0.9346079697682387
-7.215317988744631,5.650999864016713,12.466088607061456,0.6095780996803919,0.7460823581637973,0.1372441025538103,0.23008631324133402
4.6975173420853,-2.5902653084453053,14.122732861717125,0.6397946832271207,-0.3311202821592548,-0.22497297856064458,0.6560558520237707
9.591217045102882,7.346512569668249,12.966495516873923,-0.41903500978450814,-0.5139058194339646,-0.3928252965594403,-0.6371803164801861
-1.2411129748883312,1.7992719312931449,13.599036865328902,0.48901556430477466,-0.5892447957530789,-0.6423178954042069,-0.03289482921532122
-0.8041285379176788,-1.1647454735779519,16.893846426044703,0.5275431276415289,-0.49649213202902737,-0.5869063626996052,-0.3615725829403883
-3.450313098294801,7.8862484802322985,17.199286647103747,0.2471630013521897,-0.24856983499152357,0.12910740100263754,0.9276070110241774
-9.922908786985598,-1.1490176684145084,15.542399526805227,0.29674801750413904,-0.22351769196322002,-0.28325221196494577,0.8841655048144346
-13.399872349203292,8.937903100618527,15.488018486632281,0.9682343196590665,0.19897721084176648,0.03048218751198623,0.14832804200305405
-10.631521458648727,5.729196014597306,17.448087164664514,0.2324199172127945,-0.16987279652949894,-0.8643951233362496,0.41224420655062594
12.22636196598921,10.41083396721551,17.63292398184889,0.10169289316349772,-0.6041318547243542,-0.7825722877658808,0.11074236771996995
2.7879152275373045,8.35539366973621,17.98107795879549,0.7849765261746086,-0.2906711596954744,0.01697591296741352,0.5468399662196013
2.009886947530651,-7.378413152081846,13.170439760800464,-0.3674344797838947,-0.34920495183770717,-0.42751906485851027,-0.7485153664825245
-1.9383194375868218,-1.1211967642352594,14.80036299899891,-0.37284257655292297,-0.3767241660903003,-0.6605405652825089,0.5317456886606693
-6.1536846993742245,3.0608597847078602,15.768098089737443,0.46580455682102256,-0.5534422639471748,0.19994576806426168,0.6608702332190406
-1.8143651531725684,-0.24776338144606047,12.15066083070226,0.37250829779020495,-0.7307525155834448,-0.5190198246707307,0.24053430242831308
-3.8728740722014123,-1.5218825313431186,15.299003544405908,0.48467908094229845,-0.8732243985327465,0.024580141037995485,0.044284929384664315
2.909885245436243,4.59514643675811,17.14596365762849,-0.4331729445476906,-0.5218345311303415,-0.5002179607254922,-0.5383603941594237
8.998808255526813,-1.338122683333573,15.4660541210311,0.25486894011978545,0.1338566706599715,-0.010559836899334159,0.9576078032925094
-10.347418945902772,0.6347606878306102,13.220212692387099,0.2937594979184117,-0.6310340939712381,-0.6382457882114158,0.3288520084460639
10.277033083329853,2.280440699813191,13.465205516553826,0.8310773420415355,-0.26587605120211244,-0.3714776486825692,0.3172140184033764
-4.328944763997107,-10.154545815258867,15.860934129291476,0.21778363111249324,-0.7907793377254785,-0.5568146574779785,0.13113262852392135
-6.501858328377835,3.975992737727992,15.983288656923879,0.5521165218370454,-0.1137892528586058,0.3781573503842807,0.7343135369845661
-11.460325565210264,6.767471190805598,14.672656662452258,-0.035733862865904006,-0.2856551696760198,-0.6157470102831343,0.7334710862804527
-5.078474937575723,7.266993004762149,13.603233986824566,0.8426576250627472,-0.0749516886081044,0.5071805514880567,0.16455473098842982
9.832209589041312,4.080597958964811,17.549584126549114,0.6915027058084973,0.16018381127435227,0.12440392536578465,0.6933172562533939
3.7012861963405665,3.3007727698351292,15.667562471029036,0.316112344203837,-0.36822680602921026,0.5695253261178701,0.6634175970486575
0.7812514833491502,4.367745217747505,13.230677412104518,0.6708774873964949,-0.3952432269158288,-0.1537126072499828,0.6083408771849388
9.362128189905198,-2.4866715933848997,15.383466931184056,0.7235335557728565,0.4383934561239282,0.23016253984899215,0.4809735715698578
0.4689260792952865,9.547517208591568,16.805621185189256,0.4371862389083297,-0.06622280693633217,-0.20315460917239153,0.8736194463968138
-7.0238944953482925,1.068632879003525,12.186544414254257,0.9053423952923435,-0.28652918485070966,-0.2865291848507098,0.12711097412850886
-6.304143196018671,0.7114617273070696,16.325575971557445,0.12710430952406612,-0.49071039302469144,-0.5694427600217311,-0.6471342578915108
14.94081202292519,10.008312038525544,17.32596148248347,0.7211742865690428,0.026327579585057964,0.5819995851622363,0.374821277165278
4.982100262521644,-7.473972638812584,18.102139454985096,-0.054172746978723096,-0.6861264331067569,-0.7077430035116064,-0.1593601965904562
13.660685190650232,1.3668086572950067,15.997357514311418,0.35328326988566033,-0.3951248099347217,-0.6033557262096578,0.595843254088659
-12.138344105647445,1.7594836989655374,14.101255029516498,0.6521815659723859,-0.7361814924934784,0.02225273026572755,0.17944590023625934
0.6381522908698116,-5.49497131594652,17.631194631050846,0.6257843481734219,0.18501332000598852,0.23712778183136177,0.7196766191042091
-4.132504196233654,-7.996364081155332,13.198235853584038,-0.7122315814442347,-0.45652579674651467,-0.3304580195118245,-0.4184589210887093
-10.089016018337187,8.735384227609261,16.98892612269623,0.3342779979864604,0.07757072566647444,-0.4424134400874631,0.8285598050905667
-12.957972785172224,7.183222821906481,17.386354918213137,-0.9722220486081713,-0.10911350208057925,-0.20502788383075327,-0.02901893719152131
-6.414256172004882,-2.873877594100203,12.118782818500796,0.0883117407136022,-0.6610658679830683,-0.6970318251263871,0.2633241147348717
-3.8326513212725484,-4.507411961944484,18.08878182678811,-0.9722220486081711,-0.2050278838307532,-0.10911350208057978,-0.02901893719152121
5.775558997924653,3.187759378395228,13.379338013097325,0.7055703186429337,-0.5150684993051252,-0.26165551739109194,0.4103795276234864
-14.239978606552262,-9.956336411813998,16.700123497056886,0.6084049932065985,-0.23050034050546825,-0.6411654633104503,0.4069641334639178
6.672427460015692,-6.351084247683899,14.809647131912588,0.4993614161885145,0.39439301922040987,-0.13571286939253702,0.7593907686386863
-13.457763788855702,1.125987838935247,15.817992335459511,-0.68969250867547,-0.4849583796046478,-0.4849583796046478,-0.23228212066236298
1.405653203254774,2.4960247693382804,12.95652635905933,0.0,0.0,0.72479278722912,0.6889669190756866
-5.1686900357684085,-6.671513480815916,12.29779422149829,0.27510208036739503,0.11805560034955215,0.3762704023548272,0.876813723042343
6.585606099595651,8.32238657508371,13.2870585563355,0.02572320093305233,-0.5062514318555499,-0.4275190648585102,-0.7485153664825245
-7.166169187779431,6.389973416716684,12.479141206734676,0.26851888713109645,-0.612970833391748,-0.7093821484420342,0.22122687932678403
-2.4847043457819584,0.28088695599152835,14.02970105708514,0.8312724596881002,0.17083083311543315,0.10647967245898024,0.5181360859602534
-9.417132603364987,5.649222317761145,14.916258370950004,0.8087549091912187,0.5504879335600933,-0.13666443507069648,0.1555678760240998
2.1588365391775532,-3.0203328106675675,13.15157970068753,-0.7142501427161961,-0.23674229883061543,-0.6465841618869919,-0.12541427020552992
1.9037382999791745,-5.832077729914312,13.382245333565884,0.6487290607840386,0.1304124756867453,0.6860844812639236,0.3023760513802742
13.548788861645154,-5.869864362176918,17.605597488221093,0.4140510818739589,-0.5948834222083859,0.39358490211972563,0.5654788593785357
11.769500515639027,-8.704951642757573,15.028650048199788,0.5380296420509831,-0.02062595766079768,-0.805562515138125,0.247321063295069
11.645883042565245,0.19893231412976675,13.662923737405952,0.4553672334935943,-0.271244109369115,-0.3973118866038054,0.7491398938491197
2.473380666686033,5.091797463400745,13.888263129692506,0.08885495020157891,-0.7077430035116061,-0.6825019901419311,-0.15936019659045614
-12.178945565383522,-8.585183119623219,18.068092629200812,0.032175580328226906,-0.13865525278720697,-0.8453723207747799,-0.5148641492402823
1.785800171886848,-4.591432903202368,12.05114254031265,0.4844848395044836,-0.6067434859578698,-0.6067434859578699,-0.17029129392220743
4.217321437315256,-4.392991775106728,12.994754178462722,-0.2756613511936633,-0.5517536670345032,-0.5517536670345031,0.5613791956298712
3.3329175324840588,-7.585718858043352,14.387311014791816,0.4263355014054412,0.8691440319726427,0.22503698131678104,0.11038590927985181
-11.070265428310899,-4.96637273228229,13.685726828886493,0.32765148589615645,-0.7179173586765593,-0.3654811360520731,-0.49362203059729737
4.000508151026125,-1.9095884989735286,15.222596109567858,0.5452759685022187,-0.36482358566423145,-0.7425008216583926,-0.13516804116976905
-11.416239398090045,7.235175359621978,16.09819244742967,0.6400698201719108,0.36583752657600965,0.187397093534483,0.649119294728383
2.6857121445050716,1.3474453118234955,17.857806834048123,0.7420092348510668,-0.25670727231998586,-0.4118487236529347,0.46249789249164736
8.439395500641826,1.044056447873725,18.1863336891337,-0.3316705359958174,-0.6829862785087997,-0.6506447643303068,-0.013630464794245789
-8.444271883263742,10.242056092055748,16.72675624748692,0.6463079334337175,-0.44435977140309324,0.324897337414207,0.5284620789426497
0.23264721064463956,-3.591584408680535,13.429452950478773,0.5103287339572219,0.2692364452618582,0.1431686680271678,0.8041013943127472
-10.220491653883215,11.882418536634214,18.37564130040068,0.5079334501343106,-0.34252058718755396,-0.4589011486919614,0.6435005775572764
9.406340045073303,-7.76408966910472,16.455959317451025,0.8199401191620806,0.16845198340281048,-0.29845908269999855,0.4585240519645696
2.682239731947398,0.09498241194243029,14.375344878779206,0.47006842190830833,0.5875677502640386,-0.10695457654271212,0.6498927112461397
-10.165649786183556,-11.121576778965917,17.60461996394592,0.7238625208842389,-0.6880826349756712,0.03671015225344908,0.03489560180855236
0.15026599520821193,0.8875279375154808,13.300469558540907,0.014324978583641068,-0.49063912604729293,-0.8672643534277513,-0.08319004900630009
-4.382542112898737,2.9519023039341317,12.19015981051436,-0.9556033850882772,-0.12266423757980832,-0.12266423757980871,-0.2381787984807934
-5.335093686179901,7.574348784284998,17.005203954517498,0.5846878194774322,-0.3833892993887721,-0.6150912367556075,0.364438704496887
-7.779765128255068,-8.786502471003242,18.434482623513723,-0.17621811131224305,-0.2161144314399765,-0.1373820644429367,-0.9504566787278199
10.127572885266144,-7.400433961454891,14.161634781631543,0.9663504542451212,0.06762884814499617,-0.18295022400742433,0.16769720932222398
-6.7092951668001914,6.688316642017828,12.501825854554077,0.4618206588971946,0.2334555330514045,-0.23345553305140448,0.8232367260947057
-1.6297395884830905,-2.5539317649140534,12.683390902688124,0.2599920828769686,-0.8565057291145154,-0.4416632303588037,-0.061119913157121036
-11.081941893343501,1.8861323349181607,13.824955252909017,0.693777783779151,0.08671555722923868,0.056312139951063434,0.712728378671036
-3.3040578607209987,-3.079900129402782,17.51832431551188,0.08449701400706616,-0.5105291975200285,-0.6909116622226522,0.5048378631879518
-3.2870545239170674,-1.585349677324965,15.860498144390919,-0.35573507951302114,-0.734262446983678,-0.404170606376563,0.41346986963333493
-1.550844422186037,0.9932401808125402,13.520628756127685,0.5170877587260098,-0.020001416756480372,-0.603639454145148,0.6064978173932639
3.35967422602652,-8.358924999990688,17.185510084972485,0.5533250006578401,-0.3142278174105386,-0.48719391846897697,0.5981090270337461
-11.11445778631346,0.20714030822406748,13.757790097499026,0.776379659256884,0.32877805760724643,-0.059400641498522755,0.5344260260482588
-5.6219443942067,9.231208728921706,16.04163238426137,0.40537290956900046,0.32164049975728737,-0.06296034992941416,0.8533792752582002
-4.2221588846371425,2.655917632609798,12.592036017463077,0.7723745884113008,-0.09864738564576869,0.09864738564576872,0.6196570678907674
1.5975067788535782,-2.146247639298398,13.665376054015677,0.2858262793877052,-0.27169813851688096,0.6660539936301995,0.6331315322325254
-2.0224394536985404,-3.6504521290298992,13.671379981868714,0.028934260278526337,-0.819709997216225,-0.5705349964373126,0.04157098611035043
11.828566301537098,9.916680956623605,18.019130490362137,-0.6111724399735974,-0.6617013771554157,-0.42885519316918275,-0.0685766678919977
10.183506419513442,2.023336152763216,12.353690856676542,0.19498948189266202,-0.10911350208057925,-0.9742849926480533,-0.029018937191521318
-4.147767794640783,5.308654850720455,16.17917372773993,0.30380952356223107,-0.07562136416986152,0.7895501263976125,0.5278179426464141
-6.662732396263345,10.277740472174035,15.918105095765595,0.3051808939449273,0.31997170128046143,-0.5312074588930635,0.7227042050293029
-8.451007051904792,3.915813330684614,16.97536746512378,0.33466783185134985,-0.20860005461665954,0.7798682697114517,0.4860956093559264
2.533431613377651,-7.18165602592589,13.249905532446808,0.708961433823974,-0.3861116240662302,0.12174352654055495,0.5774686249976374
2.2678641751758093,-11.374986268342761,17.636787121155912,0.5103287339572219,-0.1431686680271678,-0.26923644526185825,0.8041013943127473
7.174080454820579,-7.2956213624835184,18.391369309680975,-0.5707757350613503,-0.49041629723762853,-0.5263822543809471,-0.3957633610400808
1.786604395563396,8.341629363409819,15.805126115914174,0.22344139037497845,-0.8659457336518855,-0.0007742430844116938,0.4474498094591614
-1.589011938805955,4.735704090132449,13.20239850222276,-0.4962591054713338,-0.6476231065082421,-0.4791280831784614,0.32364717218467864
-7.763799735772778,-1.6440113215454417,13.917617985668686,0.6610658679830683,0.2276820575251382,-0.0883117407136022,0.7094743373238004
11.311582125692198,5.863874761189438,16.46341767894018,0.0288712942743527,-0.5629805468384144,-0.6685821443188713,-0.4849920293638064
-15.18752136909039,-4.4310715554335145,17.313622233230802,0.4691958059782181,-0.5141536404848543,-0.5105291975200286,0.5048378631879517
0.18657278574162106,-9.83060958247086,18.14296698923271,0.04909718520647715,-0.08845617999073685,0.48281203510405535,0.8698606264137534
9.37502057506592,-2.461115341665476,15.299507479025866,-0.05298061618192943,-0.6103358065209954,-0.1502368666166927,0.7759588529661529
8.343361455548786,-7.134473458228364,14.603635816855096,0.5139058194339648,0.25652068492427693,0.4190350097845079,0.7032123488198867
1.713719346841815,-0.6450167579591106,13.108739037981591,0.6880534016829791,0.22328175274904255,0.19994576806426168,0.6608702332190406
8.807204387951227,-8.448285481190283,16.89211838802033,0.046038017090109115,-0.8931229308135675,-0.134688708054362,-0.42669764864601784
12.410322990970933,1.3010778913548542,18.177361454270503,0.13385667065997148,-0.25486894011978556,-0.08637391679000539,0.9537629483159843
5.023523234507179,2.4902141719023945,13.424967064323802,0.9654477003911758,-0.15821569437179211,-0.0794833273747521,0.19120913297559883
5.7078802378038365,-4.380697559463735,13.036549330787004,0.4781484528648129,-0.6870603516044671,-0.53363831455145,0.12063282935759925
1.281952110005527,-6.453979077752601,12.270142564510243,0.9306362355065715,-0.18883861799708063,0.18883861799708063,0.25019222583458356
-4.068697893917259,-9.87187167943764,17.0429221840843,0.3883620083481087,-0.3634525963264592,0.11112442243097825,0.8394811036793867
13.336356285578919,-5.285658040238892,17.638080802885888,0.0577942467258956,-0.0830352600955706,0.5683372226266514,0.8165523694186865
-2.919304252328704,5.627699090647516,18.10252622084868,0.7393936976013082,0.5044748825384249,-0.13963216811743676,0.42344410547571876
2.0723855947275744,-10.404273641739643,17.153491332336948,0.6077234852164362,0.27473480099263425,0.14523625171473786,0.7308210354305489
7.429992280100699,-5.30287846719691,16.870152318587323,0.27473480099263425,-0.6077234852164362,-0.48165570798174584,0.5685074613481597
-5.62131735127147,-2.3196746026731034,16.820580314613032,0.8738076065738356,-0.13307912606615124,-0.43997924363526825,0.15864576284701623
14.365047178540925,-2.1091613760783776,15.962183728726995,0.41088206243225434,-0.2685291190751764,0.5966423714922976,0.6348904815164375
-4.472785656605973,1.518312710602677,14.363595790781654,-0.6172988394798989,-0.31579567546875026,-0.7003965251554515,-0.16929247379069906
8.150902841711662,5.523909456485054,13.371541790765049,0.6617013771554154,-0.0028452752263032066,0.6111724399735976,0.43429418657890506
-4.864118699255917,5.0589371504922696,12.466995233522706,0.610825934494701,-0.2262250848079997,0.7115270473390809,0.263520681649881
-1.239680861624091,5.2585065141524385,15.1958399722192,-0.03915705651040157,-0.48928384598851654,-0.13684762336403053,-0.8604305730038554
10.849013991831884,4.362310071091379,15.18754514874346,0.2003036696675256,0.06846590111802969,-0.40970875802781975,0.8873159493084297
10.765966985172476,9.112661287343082,14.48234606753603,0.5634020989688391,-0.11171449288083067,-0.8184315608684042,0.016362369400330284
7.216240046088817,-5.572598690812531,16.434885756604068,0.23041922351668256,-0.6825575868576111,-0.6825575868576113,0.12303358354611349
-3.868711895127241,-1.5814275841177325,12.617334837855775,0.07503612483815095,0.28980658958283767,0.9236803823329022,0.23915742074412494
-12.52303627449491,9.631179891601736,16.84060085654069,0.2975141387448156,-0.345641669556647,-0.5260241342592709,0.717854987925701
-2.425907482937353,6.685855511577907,12.433354842186587,-0.1079337391090087,-0.8668767741082194,-0.11716812597190107,0.4723839505422559
-2.911777590682295,-6.315197367321318,16.164981784107045,0.2964685768829051,-0.6916642735114454,-0.6523052787271857,-0.09058001442679287
-8.063449011912404,-5.078509296339577,15.603043234415743,-0.44169756565431195,-0.4803532444915175,-0.5416992473643164,-0.5298357730528019
-2.602175713060534,-3.266949520900547,13.38245308276969,0.1564589819652999,-0.6814453669176055,-0.5553775896829151,0.45023164232082524
-11.37017304890783,7.244076978718711,14.607207547162918,0.1476563402068897,-0.6753185474310445,-0.20800791328656362,0.6920080727148358
-1.220516916476118,1.1134384468766019,18.261101680315218,0.15652712075616076,0.02961962608820532,-0.8594325418519541,0.48579588740958957
7.8593582199378,1.0075282029065757,18.213857036124832,0.462907999949812,-0.13460975559469307,-0.8291320824014435,0.28308371061198045
8.273254868080643,6.66742115159683,14.334097587555725,-0.19553144687554413,-0.6400024129781486,-0.6823505688556333,-0.29421431958233635
1.9387678479847725,1.9922898100609618,12.769114057645263,0.1953742019523386,-0.7329081432798012,-0.6322070304354213,0.1580786051104573
6.856807677900221,-2.591046183778614,18.25643543947674,0.5123414190024413,-0.5049297686598015,-0.012983165416914993,0.6945384341499617
8.757188559198868,8.239290882602992,15.716204167398622,-0.5249990041407784,-0.4027813970029871,-0.4027813970029871,-0.6323846441113475
-3.3058813340418602,-0.35502740537507016,12.258288724850024,0.05103417584091077,-0.40071086793975813,-0.7747636609690933,-0.4863821366507751
-14.008158161969588,1.7505479826141865,17.414420181161603,0.18501332000598858,-0.625784348173422,-0.35824322538856473,-0.6677018889180445
0.4637024599295483,7.078449516069194,13.120541697185889,0.18553612708918568,-0.4830695109829433,-0.5751455451631615,0.6335832975879453
6.933774679896102,-4.3494263608569845,12.387143515338007,0.19608284992503458,-0.5285188395098445,-0.7831091985502937,-0.262601095569611
-12.156762620451548,2.3101898471991067,16.752395379190332,0.4359405998274423,-0.6578119970942887,0.22558313421433582,0.5712717562237346
-0.6611338899376111,-3.885237153109144,14.597425430964432,0.25833112452236373,-0.7131552813920471,-0.609197700441735,0.2314146419355174
10.224348075217192,5.12965240317436,13.125280493050674,0.31181223262084384,-0.41298055460827604,-0.8419181212337906,0.1529512021581043
6.274926167298462,2.595386951800675,14.806006277738344,0.0883790108688993,-0.19234939598557588,-0.36084441931535643,0.9082852885249116
13.635060024539385,3.401260313682309,18.025066621713677,0.41622415635816257,-0.5660475072384161,-0.5519193663675919,0.4491466177558367
-0.6414264058455643,-2.9756836238693616,13.834772254252018,0.6411654633104502,-0.45174815983982397,-0.6084049932065985,-0.12113551494300567
-7.3811849981719675,10.564498319636508,18.178363436790985,0.5906698356858286,-0.24341971065357093,0.10586634545635701,0.7620028258319802
-5.227982791884143,-4.647797416239476,12.416529371062957,0.07382003015340083,-0.7556627582640307,-0.6345822353895064,-0.14432527654227714
-8.796558919958809,8.750624827311242,14.040168796259884,-0.5414520917523656,-0.2953826703869498,-0.7735573295327992,0.1455601878885388
11.713649375571954,-11.308484613150283,18.400594479961775,0.5589834368030038,0.014165113645232041,-0.41477245298028265,0.7178444672657432
-1.4503889233034322,7.571765855839391,12.870232618849219,0.6989085074945428,0.29665215190657696,-0.019341646332163454,0.6505000381538107
2.403280220341749,-2.4278323205215635,17.193719100249428,0.15482600987645342,0.5156842372233909,0.03750957807754137,0.8418382895173577
-9.207525845644717,-9.860906591315684,15.296055138014395,-0.16776640554878972,-0.7581013458840657,-0.6286027966061694,-0.04466885533467696
1.0591103633870063,-5.511515656432373,12.307708550546886,0.38865824965048773,-0.7812326081496285,-0.25730397449194486,0.41522890271872537
9.457833564545629,7.701666352209898,15.068277713692396,0.6319906203446992,-0.24604457637684723,-0.17609652546050297,0.713470346932932
6.115128133001008,-1.5568839590097703,12.45357799838388,0.4976073662666374,-0.44406525916497325,-0.3573564767145426,0.6538266614249489
12.343504919515944,-6.071398161408844,17.210170940351908,-0.330198306726015,-0.11634641448936785,-0.9209183168834414,0.17129519461826861
12.821064105117372,-6.841004456634179,14.3657706816575,0.011667992342390576,-0.4604420849342008,-0.693288268920434,0.5542637644239898
10.79074951499473,-3.305068875879936,13.67537866630205,-0.2906711596954744,-0.7849765261746086,-0.49843149687886934,0.2255840712355851
-11.942435436047353,4.935540709558037,14.016383141807406,0.12616408694774048,-0.2865334893004021,0.06590273332408395,0.9474376034411942
3.1920238872937787,11.716369318082744,18.050882965962494,-0.2305003405054682,-0.7496926999028567,-0.6084049932065985,-0.12113551494300559
4.259967503767109,-4.743356556739181,12.514022003743799,0.6203353071415887,-0.07486995398228423,-0.7189770046381462,0.3043857150159994
10.795920293839227,-2.2594256657372593,16.203741499402838,0.84537232077478,0.03217558032822646,-0.03217558032822645,0.5322359470469331
-3.424668632230196,-8.5453306203791,16.222114854056443,0.2289356324382231,-0.21355864189053902,0.43418939786685723,0.8446660579507118
5.592793160592997,-5.2024104791229595,16.232729251390992,0.6785769328138298,0.5501439627763807,-0.3389082051637786,0.3493081661604005
2.1006666036069888,0.7197928698942402,13.322304576344546,0.5925225597959022,-0.3908348265799272,-0.41680115741375706,0.5678397217910194
10.147167190362648,-4.595383316784688,18.44487611767866,0.6034953752366087,-0.1270921596809803,0.39146025720665567,0.682934683585003
-0.6158587194217606,2.6640775249731607,14.093546410555318,0.5750657503341114,-0.6204748274460948,-0.4405741384616228,-0.3003411390688975
4.016984052275889,8.975009046805,15.013999996841193,0.4275190648585102,-0.36743447978389465,-0.02572320093305233,0.8255650605386599
-8.37502765231624,3.0507297246295515,13.140655299841324,-0.0126205066848376,-0.8201234015470523,-0.0704147534107335,0.5676971829664268
10.836725292689657,-9.904299441968565,16.693476541926916,0.7236789458605671,0.03309036123517713,0.6808384009925738,0.1079485203480785
-0.13670990241302938,8.9171369612254,16.433076151991855,0.7040908158336794,0.08994981152572823,0.19390739247604027,0.677174333246833
-9.504974575066127,-5.794877722619356,13.03971863959902,0.24001923525308666,-0.08637391679000503,-0.15895455836961161,0.9537629483159843
-4.138723225502101,-4.216369468190825,12.965289119755198,0.7584317937036149,-0.03545159204562409,0.1762810988670901,0.6264577983417229
2.8873148980667516,-8.397204977241337,13.265597683667808,0.7300830223956382,0.10249512649782447,0.3142278174105386,0.5981090270337461
-0.6281693326544993,-3.604330329369627,12.019514795932297,0.8834737245176648,-0.2493796390987021,-0.14377804161824503,0.36961040087950564
-10.661938454963597,-7.006141363138328,13.12157824184492,0.0045009244234019835,-0.7843145369939961,-0.6167665938645448,0.06655386864755541
4.093955391188629,7.431955337643599,12.429520378739413,0.5930283871598319,0.5921732473740136,0.3051628702556762,0.4522430759386389
11.166687007137915,5.834120691958107,13.014237212266316,0.5976194923300511,-0.6357912907903223,-0.47874481077247943,0.09707617164253529
12.246622145461199,9.987445849637849,16.14837556733614,0.20836147195418198,0.7888436377709339,0.03734483502798873,0.5769892333918704
-9.66733759740891,10.172317546199617,15.999219158281834,0.48467908094229845,-0.024580141037995485,0.8732243985327465,0.044284929384664315
7.443596720109772,2.7550740104892295,14.584553751365998,0.6918494923532906,0.35243084058079693,0.20080377952969533,0.5973396225470038
-3.084106061992909,-7.8028822735291845,14.016886802309806,0.31343518957247163,0.7189770046381462,0.5405365715966195,0.3043857150159994
11.94313472307688,11.56646559990095,18.390929706251953,0.8988637354129914,-0.3167335944745166,-0.05851879246924126,0.2971520927380433
-7.670566091869207,-0.6335255033286149,16.59503246908697,-0.20292057834453175,-0.6901239307462075,-0.3484126518953653,-0.6009665740246815
-11.133950077116175,9.15270291301425,17.01591813871758,0.6247270349037198,-0.011727538367664575,-0.6844939741135706,0.37556170745491707
-2.6979431819195945,1.1191752219076818,13.03028210043745,0.4671188709326164,0.4606756895057269,0.5613768023501067,0.5044144677744977
11.42178186828363,-1.0815107322440127,14.47416790954988,0.16033424917566255,-0.5759906260557872,-0.799988572660804,0.050458010754174776
9.638602217842994,3.0227681896594643,17.78741380935835,0.5218345311303415,0.10301243334955842,0.4331729445476906,0.7276251513020031
-0.6591542087879212,10.519315739395555,17.46970824766931,0.40019944631971316,-0.8434770612402307,0.049076881337706546,0.3549342334082519
3.141435350809333,1.592437976024014,12.251970112160139,0.5575485343377298,-0.04245897929212655,-0.485267509859328,0.6721996063746589
2.9692891926452862,0.7959169289505166,15.526989030751285,0.31129474915995736,-0.8383815645086936,-0.2562493244125328,-0.3668081449143601
-7.184536922179248,0.04589672990416638,14.935122018617607,-0.5416423351915759,-0.4371753093435119,-0.6984793252695758,-0.16621661108198238
2.2157725783467654,5.693176768413139,17.371213868657925,-0.7593427059652419,-0.47242642121285916,-0.29204395651023574,-0.33900185678435635
-6.66501404668917,-4.563671804146238,15.516446393254782,-0.11024644221780505,-0.7384404174134656,-0.5055942334272323,0.43234932986379426
13.068138252113833,-0.36382149866697056,15.53946291555979,-0.10442276947212376,-0.4542647416721926,-0.45426474167219266,-0.7591989028988144
-3.5343902392434794,6.40676798555652,12.069231386013673,0.5814113208309242,-0.45640530263885404,-0.34915749136711915,0.5759723274212016
10.398889230865588,0.22627553636719533,16.48127635902013,-0.4962591054713338,-0.4791280831784617,-0.6476231065082417,0.3236471721846787
-3.0097863737811164,2.1888376392458806,14.357173454321812,-0.3685945779283829,-0.7515423519973211,-0.5186961680110879,0.17400119415321644
9.276675267418236,-6.656372258028043,13.587113035855307,0.15116885304127048,-0.7371845509784354,-0.6207189284966093,-0.22003392346392997
10.633205260452154,-9.92637837777099,16.64678927916063,0.8151892131840975,-0.42211677651854235,-0.21523692336613906,0.33310214726081444
-1.8592548923647598,4.533925477130866,14.45475935598281,0.35517482667602923,-0.4836831404804813,-0.7913302131433693,0.11703826672102197
13.021278974273985,0.41266416234813086,14.973195867147798,0.8215906030019395,0.20168914140455182,0.07562136416986152,0.527817942646414
1.7122031777759315,1.1995862811538949,12.224942263717974,-0.4551227462566412,-0.22319381972144686,-0.1838348249371871,-0.8421713375663392
0.598686730301706,3.3333397184667994,13.364192181833563,-0.21325157782870022,-0.4082484784753345,-0.8751595445781437,0.14816448936881094
6.257270891337063,3.1680522112357075,13.50634294813721,0.687920058744433,0.15963496993149634,0.12495276670864008,0.6968999033174581
11.264883725169765,-1.0972839099701606,15.218884427071313,-0.20080377952969536,-0.6918494923532905,-0.6305034894804915,-0.28894198692818523
-2.974583034335879,3.51016411286564,13.801857237775625,0.3472611634033753,-0.5194526808935468,-0.5899121446689161,0.5114511299003669
-12.204023869397288,7.800258878241797,14.754885936834619,0.5171339599328744,0.30441912780499336,0.6810443551854521,0.41961893234293357
9.827110103264296,1.942232034851413,13.49548571803376,0.11587137108819781,-0.35297786031894807,-0.7375787100056498,0.5638777367773974
9.752904662811542,6.142973220512362,18.45302406366831,-0.0756213641698611,-0.30380952356223134,-0.8215906030019394,-0.4764137526697655
-3.399105286635171,1.7930504486653511,13.763324338657407,0.6662617168727821,-0.4558550488022917,0.06269736808534426,0.5868224085243879
0.4979529650344432,4.0242483682136925,14.740739999801987,0.10561787880630111,0.0954222760753475,0.9879762186532849,0.06035266589484007
-9.276306542443027,-3.377939861426352,18.089862696575068,0.16813976690229532,0.5492094972122722,0.7983844979911844,0.18077649273411941
4.063195525643881,4.23839427472277,18.051223354634082,0.2955601010757439,-0.655814019030069,-0.6558140190300692,-0.22904185543116806
-7.678849782549522,-10.590726164869118,16.57563667526079,0.9329556166291566,0.26076939797698934,-0.14544802211456115,0.20109204693818875
0.4761641895208282,1.9692893509949734,12.020079146545278,0.20615566829812984,-0.23562397533903917,0.34650826475712204,0.8842585623724473
-7.428646244583258,-1.777758914024007,12.248567774751162,0.11716812597190107,0.8594325418519541,0.1079337391090087,0.48579588740958957
-5.471809364708305,0.6140788887592805,16.82346173778425,0.2257788740518839,-0.6854264315643499,-0.5536209649161822,-0.4155939534570982
-10.296617184024022,0.4495638743803152,17.49871959130369,0.5055942334272323,0.5391840088433197,0.11024644221780508,0.6644552638899718
-11.565513830747845,-6.471843346144361,16.214024853937747,0.051535217660502314,-0.6227082178969885,-0.7639959245932467,0.16090004322296494
-14.69086756042669,2.544404570112043,17.103356464984895,-0.1034399265762016,-0.415613300405133,-0.25895646703835834,-0.8657409048296575
-12.512736240262873,6.2338528600444665,16.72298535433987,0.8312724596881002,-0.10647967245898024,-0.17083083311543315,0.5181360859602534
7.323678624397791,3.8162511876786134,13.591652481684864,-0.02562538435682135,-0.5062563925508516,-0.349599559184077,-0.7879263626102774
5.573919317373157,-7.310097630440815,14.094600166935214,-0.15382353633144402,-0.5375885533892708,-0.7988925693153349,0.2216021877781493
-6.922587690769648,3.2153651228854017,13.814633336583167,-0.7772778272462045,-0.24804831609590405,-0.5781401567030184,-0.008072878099848094
12.999237217166039,8.729446271111811,15.430432505643658,0.7849425103047432,-0.2907630052815457,-0.36907711830234874,0.40386162360611333
-6.879749713384678,8.06747564016282,15.098121882255706,-0.7251853748503665,-0.3934919081291697,-0.3934919081291698,-0.40550512768257785
-15.900167023781352,1.1325210586338148,18.107540926389532,0.13065200796303206,-0.8568122076189848,-0.38223518886154734,-0.3204670873682459
-14.280131555230554,2.075782517227143,17.733655146945097,0.2568725524212072,-0.5985838312720495,0.29922070829869196,0.6972667039788416
-6.071569219797741,7.556081574185352,14.344293271196372,-0.24341971065357093,-0.5906698356858286,-0.5906698356858286,-0.492914936766055
-10.308938974627758,8.884499454294119,14.716474720678079,-0.5128840423417509,-0.6691863309893696,-0.5322545287533107,-0.07645083485326701
7.266914374506955,7.292255265063439,12.01209286893938,0.4140510818739589,-0.39358490211972563,0.5948834222083859,0.5654788593785357
-8.167954110267077,-10.363753630070143,18.027869470372085,0.08225669394837998,-0.8913090280398684,-0.42031901002027006,-0.14877493959295654
-9.736713114387875,1.1949316220999062,14.691540974220882,-0.010808285202424259,-0.1419286020008846,-0.6524715779016399,-0.7443253945255404
4.591119827479382,-4.943921498809593,16.79467203766096,0.016170757089246462,-0.5297840983100711,-0.06968515840576829,0.8451102262373288
6.780334093542438,4.717631968126231,13.854414532601812,0.7656255572431129,0.12915387550579258,0.01277331400138515,0.6300584298201471
3.6413154591082275,-0.19624288865952533,12.676919867397451,0.4285871352694844,0.5790431291574171,0.4377554224611587,0.537951960831947
14.981645707742711,-2.406037253929128,18.13088763526605,0.6348876710689131,-0.5591129347692535,-0.4686987040986763,-0.2542280395130041
3.983341350965169,2.571946496319102,15.21750135257325,-0.5825484265050914,-0.6995159202634318,-0.3694240796563172,0.1866565226412648
13.52575106333174,-6.880006637133366,15.430457116988952,0.4992402680721897,0.11585096868341768,0.6344033855710536,0.5786795764205839
-6.963229816995102,4.209500240559498,14.313951741637013,-0.702178970971865,-0.34944848545338514,-0.33137276621183853,-0.5244259133112538
-6.810008031423445,2.725611170129536,12.922116008183686,0.7020205795549563,-0.6813872423354295,-0.17446870939949916,0.11153116741214258
1.817407245393575,6.247613900941479,12.198453422225965,0.2959109645311055,-0.9431364319494265,0.04533189237868495,0.14448318702652907
-7.72237488887818,-0.053701677885982235,12.9594159036076,-0.509610693128074,-0.626202465458719,-0.5536218238791125,0.2041330199348236
-6.13380148344393,-8.924631191732844,13.927777935308454,0.7448091698195269,-0.4011844080399222,0.40118440803992217,0.35122847555980025
-1.2236880832096855,5.57241201117124,15.776974983418032,0.026327579585058325,-0.7211742865690428,-0.6907708692908675,0.04527817447694349
-6.840903100881595,-2.858509598583111,12.602286331743965,-0.297916389284745,-0.27168725055103454,-0.4785671037034374,-0.7800034552080282
9.83390505268103,7.745982581578792,12.616011893466347,0.998716507171053,0.0,0.0,0.05064916883871299
11.12557161629685,9.76322741960983,15.553853083721979,0.6915532510509115,0.21697623229347393,0.20625128851983035,0.6573703838511084
-8.522569405058452,-3.4287197213066323,13.779383542075802,0.3359861095731318,0.6015967769257458,-0.2874553910144134,0.6652548762265608
11.095078092810576,-8.756465665119547,15.703926941407708,0.48848616605841844,0.45740234029204924,0.5646501515637842,0.4830471726486958
0.8407275584310181,-7.254868373805792,13.031483275908768,-0.08708749088095996,-0.4741512117994185,-0.8623299109051878,0.15486614232766532
7.853664188332788,-1.9851477151141168,12.288218356968194,0.41358947072686036,0.21495190163059194,0.8488256943806561,0.24946817482088662
3.645406540432612,-0.7625114772130077,12.431696257901931,-0.48445151073090825,-0.32515734066955515,-0.35039835403923014,-0.7326666575229434
-7.22321676103601,1.2766316248336818,18.195847065299336,0.42166954240571547,0.4501289666698778,-0.33480759080744965,0.7123781211616298
-1.3581863376382355,2.7818508747586357,15.06795165535785,-0.1726016034372837,-0.39197311180056216,-0.6465634708410112,-0.6312855489319295
-14.059784655129688,5.3553166920771,16.695892276339706,0.36279560796534116,-0.44866805881484473,-0.44866805881484473,0.6824758551331297
-5.409987010143759,1.171165970925955,18.20694920515671,-0.38773567846573515,-0.5722923893888373,-0.6448730309684435,0.32600803459716254
-4.992006502620146,-10.445773227514417,18.41289554181556,0.3569643811138755,-0.29106612004808063,-0.8626642338065541,0.2089673756525049
10.945674498172773,2.6958741679555445,12.71247275859659,0.4089095802836939,-0.6961505163750633,-0.5536218238791129,0.20413301993482375
0.32522325836344734,3.454443541867949,15.261323321942953,-0.24998671957000093,-0.4949525956558758,-0.7097230604005628,0.43453624201877616
3.59124454496094,-9.297854114416095,15.339250701337578,0.10186073873399462,-0.12248449569796041,-0.5287019157895109,0.8337243084249625
-11.256820654410504,-9.882544721508916,17.45105686093985,-0.24360149143571977,-0.6208585658025241,-0.7372391273069314,-0.1080343640127541
-3.0152178326971226,-6.767534301233269,12.00155328829219,0.7011320530239955,0.1655044475694639,0.2566366542678862,0.6443289142536359
0.9580319050057504,8.493245218103546,17.911161599550432,0.8404960379686368,-0.5299231596250626,-0.0962083097274844,0.059091591545620284
-0.16682095921447626,6.304509627187365,12.19216965097074,0.5864023968921674,-0.38702009987339137,-0.4206158841202936,0.5739598846947541
-8.844585569231933,-6.932168374987864,13.823089059610943,0.3015775048231092,0.17868273752605002,0.8125565302761142,0.4656988007290832
-8.968452618034583,-2.338802041542815,16.130566383450372,0.24759237993380173,-0.7148003965527583,-0.6075525852810234,0.2421533865240792
1.275349808873317,1.3971575286973756,13.464261910339829,-0.03700705662290392,-0.28549301686392237,-0.8943312724739092,0.3424847298161538
5.857914482263352,4.99676512607309,13.969360689339808,-0.07221169682595138,-0.5124112388873524,-0.8103557789503851,0.27485215048305484
4.252076246434928,-3.7835008470868416,17.815925828934148,0.62472703490372,0.6844939741135706,0.011727538367664575,0.37556170745491707
0.9381378611347344,7.075333210825779,17.42859054294304,0.0552566232944383,-0.2165025634193597,-0.6502174133169377,-0.7261478231285785
7.534607269037021,5.984822359635048,16.001807038983507,0.2765969076504664,0.07981187628513833,-0.20310871004577527,0.9358798357618283
-11.196000182221775,11.378316245381665,17.913928874814385,0.5982057953055419,-0.13216114737514584,-0.15023686661669247,0.7759588529661529
3.8129697394157347,3.8605943620140426,18.354105352961597,0.40824847847533446,-0.21325157782870036,-0.8029406227955018,0.3783428347952633
-12.871807364191941,5.975070178247549,17.786400959295626,0.6372657889528496,-0.3359615933008094,-0.4654601425787058,0.5141682387387368
-6.448825476616959,0.6431075698864905,15.191932369296868,0.6166874202399709,-0.6476763808263936,-0.38013525804153625,-0.23602778868406232
-10.383724063486007,10.127924335702083,17.482459526906673,-0.28202826042730733,-0.4279279758674642,-0.32232637838700723,-0.7958915840654663
2.7400814301572147,3.8005629347333585,16.533525754407076,0.6790488465547277,0.08648305052921917,-0.08648305052921923,0.723832872930634
2.316626563334454,-10.274980313214034,15.970495833139811,0.06303388861734521,-0.27163394323400475,-0.8356904640886194,-0.47314181594979476
9.189787137617554,8.777616156663093,17.586603851551043,0.33260024816377987,-0.7550541600318439,-0.49683935802656887,-0.26911139451116806
11.236848489950315,-5.663570364056563,18.325600865253403,0.3155432263863738,-0.4830695109829433,-0.5154110251614361,0.6335832975879453
-11.66179906473204,-3.8597014848050675,14.333120198980591,-0.17464302805496398,-0.6103493330779584,-0.7654907844109071,0.10486831430445553
-13.010699845259607,-8.56371133860694,16.743854407400264,0.01432497858364086,-0.8672643534277514,-0.49063912604729293,-0.08319004900629987
8.000247879295717,-1.6340045430750223,17.85693738249107,0.2978271876009893,0.030286064816131938,0.09652866751232926,0.9492438764363625
-10.57446494267116,6.336168630372368,16.592810830449878,0.6611764909168909,-0.05035055642218994,0.19118006324365597,0.7237131011284472
-3.287026521303016,5.3917565932090525,16.141967421779405,0.6719269981159443,0.3474992125403456,-0.4628205884027736,0.462120665451401
8.475433680477584,2.6839972825914824,12.364517163076165,0.3725002099327507,-0.44907032415960535,0.21137130241306157,0.7841566234340238
0.0920722047437188,-4.47018782064382,14.292141811837954,-0.31422781741053885,-0.7300830223956382,-0.5533250006578398,0.24914072895064893
1.243691833648084,1.9038174305178899,14.040122475223598,0.22140426528360063,-0.6117738095457235,-0.647739766689042,0.3964166393048703
13.729026655917721,-7.370540996991016,17.25927902400363,0.5128871968245792,-0.2515831808985151,0.7368851434295961,0.36145941932000275
0.9938695186073563,4.657436938146008,13.49154779402844,-0.24604457637684718,-0.6319906203446992,-0.4431864864338426,-0.586204452792953
-6.8173031400223785,2.035088550186911,15.201149435118623,-0.02117407793874232,-0.27804663035994964,-0.6557238663541105,-0.7016180876107303
-2.7199496845794275,-7.530189923697724,12.995606430451847,-0.8659457336518854,-0.22344139037497868,-0.1771659489600726,-0.4108821704168613
-8.744553269061631,-8.288849996554864,17.654879760438412,0.415613300405133,-0.1034399265762016,0.1034399265762016,0.8977003663284161
-10.04010957445935,4.821927946654473,15.86473029863047,0.016082313531107673,-0.6346399410913268,-0.6989911017477797,0.3292186872589545
-9.542638425956017,1.607876427964337,16.550721693153406,-0.005432012500684272,-0.07133027356647953,-0.7584826421972696,0.6477550206664344
-7.723474950635689,0.6596206211617552,16.347548843595888,0.9524531056019486,-0.17674824794145672,-0.17674824794145633,0.1742216844381143
-1.483634549094985,1.9700422937371211,12.521398134394923,0.629483935058306,-0.7489135087843377,-0.18485698792972274,0.09330823049116616
-0.5861888047023243,2.980390752141984,15.241354000024613,0.2031087100457753,-0.2765969076504665,-0.20401626607086026,0.9168524231086731
4.185188154619835,-6.373563161252685,12.337637228289172,-0.12729517952022473,-0.3186768499423409,-0.8859988061140979,0.3118447019690002
-6.342987071718677,3.636120987949708,14.391842830458945,0.4279356063647169,-0.36694926700678754,-0.8121497048668894,0.15044005162544993
2.3666673925022597,-2.521737186908325,15.54766395201835,0.2533399175789014,-0.3136670580050697,-0.747381907902648,-0.5280645288441151
10.941979424579502,-4.811804593876014,15.068673432353858,-0.15888207128524295,-0.9130018379836341,-0.3041635823736472,0.2206097151538154
-8.842631906031874,-2.409487751649431,14.996399824216505,0.9685354953149116,-0.018597199688944487,0.13805963367783056,0.2062345170614556
8.136627573081906,-6.316523854875551,16.737823911789135,0.3811581879995366,-0.46064162695502286,-0.7784057695255092,-0.19134310859432369
-9.826729657023817,3.3354341281127553,16.373640559617975,0.09131158210030271,-0.3934919081291697,-0.81999506378657,-0.4055051276825779
0.9190231043622177,-0.980031941215671,14.350444849330247,0.46608233529637266,-0.8009888422831261,-0.37448568662572523,-0.03073437448650787
8.590243140346484,-7.91195089787698,18.22383492059828,0.3582432253885647,0.18501332000598852,0.5652410342484826,0.7196766191042091
-3.795218056964911,-2.160976332051386,14.383303114291852,0.4002121448767535,0.1525269581971848,0.5977273960572866,0.6777076996160204
-9.40401115728411,-6.372697119652381,14.280946404240753,0.04795719087508727,-0.053081282296557675,-0.053081282296558,0.9960245292074276
-10.546531453057266,2.5630304953201435,16.790190618544862,-0.04096106404503741,-0.2517774374828327,-0.3476918192330067,0.9022420473716128
-3.6915872924918833,-5.692439357948146,14.844580572801021,0.747381907902648,0.2533399175789014,0.16663113512847072,0.5911626127443365
5.224741688899368,-8.224306510760417,17.37010297428401,-0.22229704343286422,-0.4672941593659842,-0.8554728584717535,0.019656589775760902
-8.490068199638795,-9.122612940162881,16.54351306791186,0.5108001858549088,0.38370194220824944,0.6252325618740954,0.4482635756433526
-7.824973077321958,-2.2994834516179923,15.234347374033993,0.7505117933566531,-0.46688524835703005,-0.46688524835703005,-0.027719627807181096
9.619499845448313,2.3602426311394176,13.24868168154235,-0.5694729654337631,-0.25714187705590574,-0.7771260428098432,-0.07519115832965692
10.623024055036922,3.8578805127386815,17.198751559621293,0.5787226122764725,0.23558765106782298,-0.48091612622743996,0.6150595712925986
1.4347644172314364,3.903472428158331,12.061579016825217,0.5322545287533107,-0.5128840423417509,-0.4056362310700161,0.5376935221630332
-13.712504380892977,8.365149050885249,18.01362414602771,-0.1824137267132415,-0.6122656634422503,-0.6375066768119253,-0.43062887350527657
8.831389288564964,2.8677601420278673,16.010262222388107,-0.34124336895281954,-0.4987674966575255,-0.7967120367205581,0.005820478356186765
2.4547500009513463,-4.724267177403973,16.02300341741746,0.3756403577202965,0.5312074588930634,0.2332629188300307,0.7227042050293029
11.388804211970527,-6.9934782134118,14.905681609500908,-0.5088186223001832,-0.8355986343554551,-0.14844626572466538,0.14436841086693572
5.516608587698295,-1.2758111064775424,14.204984316778567,0.632827719608914,0.0875961621212587,0.3291267817871045,0.6953643298204701
-0.011176114408113946,4.0971831484703465,13.517221355785892,-0.34252058718755396,-0.5079334501343106,-0.5079334501343106,0.6055467511447862
5.093622437338231,-5.616273083416395,12.643327691490974,0.6845212296263221,0.1583761818511756,0.1262115547889603,0.700298732435569
-2.638698311301283,0.24202199503327293,18.100899421075663,-0.563054122093501,-0.33673756261583926,-0.3476015876172083,-0.6698888010730266
-3.771149211652821,-2.001878174197593,13.429022411885741,0.46593713391417335,-0.012773314001385094,0.6211004787486792,0.6300584298201471
9.92277309814051,3.1447448498615316,12.994387161289753,-0.44273571700358894,-0.53363831455145,-0.7103963362892477,0.12063282935759892
6.464944396606006,2.9334156611360207,14.231540951443499,0.6972793958678344,-0.05146499032619872,-0.3609401229628275,0.6171507324021346
-3.4839700922552943,-3.5156708892584607,18.067277532987333,0.2618574103980685,0.7637167556867346,0.1196097050308727,0.5778070025236576
-6.866071211511097,8.24418556255896,14.280502226662213,-0.34450270175387543,-0.4344989302543097,-0.7826664901029712,0.28277505788530366
-16.456314354563123,2.467342846372885,18.069001150967317,0.3376877081217219,0.22030694246877258,0.6351494412244844,0.6587997041558113
-7.414886410066401,3.0364365844410575,13.310575692895153,0.9770696282000242,-0.14968156148667922,0.14968156148667922,0.022930371799975653
-1.7774164124462324,5.639699255699808,14.960491584411994,0.7415516333635058,-0.2746405672606966,0.5740036902340544,0.21258762303654322
10.723605548121085,-11.303575365936704,18.152917349478667,0.9569135675060629,-0.2477620885503754,0.14659376656294348,0.03795575588583233
12.988951319506338,-12.212963081453818,18.323959392767105,0.5826602730424286,-0.3291544341995398,-0.7093821484420341,0.2212268793267841
5.270411147949956,-3.3118611748591515,13.167146615045695,0.1061933266412736,-0.2675794504344728,-0.6157470102831343,0.7334710862804528
0.41303598930211827,-3.2400014505590136,15.142985322881472,-0.2796258182021568,-0.3602668847975765,-0.7664843048891269,0.452237751488811
9.24951463418233,-6.482504995899905,16.80122570251477,0.8459278761513161,0.2139758196801104,-0.2139758196801104,0.4391295088405843
-0.023584558561125846,-11.499061166005358,17.561885722538598,-0.02369762856192975,-0.45543523017825127,-0.37075324262067155,0.8090483339079817
8.90367173604413,-7.418494605674264,15.88775761738032,-0.31696279901127516,-0.610932690863699,-0.4898521679891745,-0.5351081057069531
2.825100034230518,5.914848584576088,14.524340014552635,-0.058530683173236314,-0.6909116622226523,-0.5141536404848542,0.5048378631879513
5.7475783177791,1.7963206066843647,14.030236985487313,0.4573650999683773,-0.556592349277128,-0.4654601425787058,0.5141682387387368
1.5675098825805058,8.888507134442484,18.144224696003786,0.35199297461597356,0.8221246951549408,0.3793161645877394,0.23734190257904428
0.28020177407701574,1.7442621171784172,13.520553394184228,-0.6816557671500212,-0.4324973017255984,-0.46483881590409115,-0.3636156959484495
-5.693991255239111,-2.321070883235598,12.800136792979208,0.6843142116243442,0.0173411016114281,-0.15926829111860596,0.7113697754389161
1.3747272063175497,7.645436333665382,15.739119775456874,0.9185562909114311,0.1887681164111929,0.06991203341668023,0.3401958939157696
-3.209660646911379,11.95932411615547,18.071752047076373,0.5740036902340544,0.7415516333635058,0.2746405672606966,0.21258762303654322
4.48300096632736,-2.8998445019951946,16.336558747053054,0.6400698201719108,-0.18739709353448306,-0.36583752657600965,0.649119294728383
9.678123366205687,4.230214831881611,12.632032638170124,0.4517489028720802,0.354718172350934,0.5520129436424714,0.6044664233926137
-5.299010198281358,-8.393931606392115,15.690087650013988,0.7189770046381461,-0.6203353071415887,-0.31343518957247174,0.0038151609113264984
6.981295014373641,4.227323638671503,13.324691721333156,0.8182541368710212,-0.2484131915564951,-0.28777218634075474,0.4312055455613231
10.319873274409066,-10.75779870238759,17.732988298425592,0.5006468772710612,-0.23837813697273985,-0.174026976316287,0.8137832509989081
2.118367135674653,10.128376891661977,18.495207535301276,0.8119458756888767,-0.05133139963600894,-0.3492759396990416,0.46488202837987036
-6.889454308157891,-7.556096297668503,18.214473195725652,0.5948834222083859,0.4140510818739589,0.39358490211972563,0.5654788593785357
9.386508415792873,3.434738457210985,15.853931653918792,0.6022407212110137,-0.4623653477438487,-0.21319034696493644,0.6148774470428378
-5.882873722463066,6.447403940822493,14.459987773767295,0.4334543984393861,0.37210839556658715,0.5346227204268181,0.622760927825308
-5.784993835096393,-7.247522947487356,13.014251610860754,0.39233254275221946,0.03989632012773337,0.09296941977886153,0.9142429362723152
12.314356705734289,-3.6346241564901822,14.887728943372878,0.4199003055279502,-0.6244068512142107,-0.5722923893888373,0.32600803459716277
-10.123611280536904,1.7548388213695958,14.991145573038207,0.5094126732557133,0.4628205884027736,0.5592319034530598,0.462120665451401
-12.885971890882933,-3.268857279623174,14.816179458557253,0.181671147481835,-0.6669731100129161,-0.7016553132357725,0.17269130290880988
-10.515366417189735,9.29676773633788,14.59362914908769,0.4513900294996678,0.3220535253279308,-0.3220535253279308,0.7673396216252572
-0.7672728204337673,5.215547486943141,15.635948357978712,0.010559836899334311,-0.15895455836961117,-0.25486894011978545,0.9537629483159845
-13.682437445594433,-9.822058255889882,15.379042961004632,0.19657884035847387,-0.07852324000892155,-0.8888430409520407,0.4063851730230167
-2.8893276040687645,2.201321866954949,16.59433686134815,0.6498949240485663,0.5291393111258925,0.2578445051324462,0.48079557848437837
-5.7051535475406085,5.570349281175659,14.657287653931496,0.15744664528280783,-0.7202340067195832,-0.6700109869339543,-0.08694139889393165
13.175909604136653,-4.895284184068737,18.338129819265188,0.2834786428606343,0.05015619562773681,-0.7013426071152086,0.6521064042983228
-0.49137981128327546,-5.566502145350726,14.094420126604343,0.6867918505262567,0.07857791902556302,0.0644497781547388,0.7197143119239309
10.861774545542984,-2.9641092840596706,15.555527046813104,-0.5630050364030729,-0.4992249106469804,-0.6436414182062855,0.13973382676965102
1.1852332835545063,-2.1474163602585037,15.568937235783142,0.508096100312101,0.23345553305140446,-0.09807221698416874,0.8232367260947057
-5.133227916098049,-1.284119286414458,12.564130726027678,-0.05675567732335701,-0.2161144314399765,-0.2161144314399764,-0.9504566787278199
-14.51669385956796,-10.367718063499543,17.799497820768213,0.06991203341668023,-0.9185562909114311,-0.1887681164111929,0.3401958939157696
-3.8752379869581457,-8.50986794946593,16.418873645674115,0.7798682697114517,0.33466783185134985,0.20860005461665954,0.4860956093559264
3.3214702531905065,-0.010603900912768083,13.277096156353934,0.3665122328984448,-0.5060535410720438,-0.6844939741135706,0.37556170745491707
1.6232289089829628,-3.6306649156021757,16.772891998830687,0.47488225286505936,-0.08300872624371536,-0.44471776290773884,0.7548658878473302
-8.137762259338196,-7.84372669897167,12.77193895746117,0.3798797516517157,-0.4858502436650426,-0.7855386669939822,-0.050694355434967
6.761099432176541,9.576379113357556,15.703895012792795,0.8165084710338637,-0.18885375191617987,0.42655277366272376,0.3401483623329109
-2.850956168326441,7.563280992194503,14.974739460978611,0.27788398018215904,0.7135307596821083,0.5459828165526569,0.3399369244063124
11.219214448296976,2.9282749835923667,15.262442904874234,0.37373013850067055,-0.9097415943334616,-0.1513073715742558,-0.09900552723545625
-6.176608692758005,7.5094310945232525,15.024129526521389,0.6463079334337175,-0.324897337414207,0.44435977140309335,0.5284620789426498
-6.590304167903306,-1.8307496814795226,12.768262851469624,0.5633755948433518,0.41369403335667254,0.5048262400550947,0.5065724560729922
-8.135345290182713,-1.5917540397728658,14.795852570794654,-0.8796369596571173,-0.1939569104668269,-0.31281299346133984,-0.3012765626614558
10.147160738459446,9.067687569255186,15.457020725057664,0.33260024816377953,-0.49683935802656876,-0.7550541600318441,-0.2691113945111683
-9.834499940002036,-9.964753556235333,16.631392759239123,0.6700109869339543,0.15744664528280783,0.2646944565545428,0.675449980343677
-10.237692495347982,-10.69877218278451,16.34069034817165,0.12435763039604855,-0.9017873206515123,-0.40984071740862577,-0.057839384751471754
-6.509740723563176,-3.135506731253523,18.366176511833324,0.6167665938645448,0.004500924423401942,-0.7469978783195432,0.24813883242685614
-7.978015066537385,6.523517164632006,16.60559802230976,0.30210241765823403,0.21622597845368102,-0.4456853768074336,0.8144599440038864
-11.227736683652934,7.491346466913432,16.079688319508357,0.5771755423627813,-0.32361273370916055,0.32361273370916055,0.6763268370106257
10.289753558057393,-3.255450967135215,13.648156232683096,0.34915749136711915,-0.7348333578839413,-0.5814113208309243,-0.00835813214009451
9.421358358247488,7.2684078897473,13.276903702422588,0.4672941593659841,-0.2222970434328643,-0.7938951571913376,0.31929715390461344
-12.822307224422921,-0.17286283590291873,18.419741061612893,0.654475739017055,0.13963216811743678,0.6106221861370351,0.42344410547571876
12.088250776743243,4.361269100247807,14.962519362365239,-0.4654621962604679,-0.43388088393010715,-0.7711844187773995,0.019155016245752388
-0.6684504074407371,4.813896944489382,15.70109049573132,0.42031901002027006,0.08225669394838002,0.8515138027656802,0.3024731555292024
-13.827234681444306,7.0903433119361665,17.699223791530326,-0.6178420489678756,-0.6789604029965891,-0.30508449708353136,0.25339183753462824
-5.7300222358209245,-0.6244326286389938,13.562207412840907,0.6753690926734582,-0.19372381745236855,-0.22950370336093617,0.6735545422285616
-5.263523524352857,0.6863804803723799,14.85996244663244,0.7162056678070714,-0.3859280490425584,-0.021100595616075357,0.5810884160159089
-10.60650487270316,-7.9237763718541325,12.998794749692326,-0.3781573503842806,-0.5521165218370454,-0.5629805468384144,-0.4849920293638063
-12.32767798715744,-6.890677656909782,14.309554421878737,0.6710872881183578,-0.5194602270672563,0.41829190507982417,0.3237820352735374
-8.287771825204022,-8.903388383803192,14.398009777163551,0.5843154618115679,-0.43808605876714135,-0.4804342146446261,0.4856325891047757
-1.1709835629067413,4.72110207933672,12.34392819589509,0.6030132202898406,-0.3941483655916797,-0.2901907846413677,0.629929702876687
-6.182341047112496,1.3713696935032953,13.07725774151316,0.2295037033609358,-0.6753690926734581,-0.7006101060431332,-0.01871144343109915
10.204911621825694,3.1224365355414516,18.410145263495657,0.6969347183091816,-0.05307365179930512,0.053073651799305066,0.7131958871058315
-5.932338558259939,-5.305261964140321,15.656971766644114,0.460675689505727,-0.46711887093261645,-0.7000926595682166,-0.2818654599906871
-10.548707030487535,-8.515743720822956,14.993645320944204,0.2687695707855549,-0.8566305557786156,0.13183776854949572,0.4201973482901316
9.871617387815173,3.2538911363811724,14.91131266524993,0.1876261934718793,-0.0980079140755173,-0.9253959807888624,0.31437738315858244
11.442356839851827,-4.526551414650452,13.355453194740317,0.48197589167125526,0.010141132407014003,-0.7063626448882486,0.5183128506873813
-16.185097213353504,-8.154541976603241,17.81498772381995,0.10971408630841262,-0.5877372644544252,-0.5877372644544254,-0.5450620471182783
10.271867092971238,-7.588884657061172,15.8469691891153,0.3421695751165238,-0.026057230912686635,-0.6701642815685487,0.6581191672421132
-1.7643113327556161,10.32828368107848,17.780746731548838,-0.8555015317147847,-0.2819531754499516,-0.34168769545167743,-0.26808404440448913
14.133536391049422,5.805566105881235,16.90707968461039,0.889622030632905,0.38176688002611986,0.09884629369520644,0.2303391025215431
10.084084502477959,1.4444906739086356,15.934100844760042,0.530996396694757,0.031075166963424605,0.6850108999182964,0.49783252976126907
1.0927165752570396,-5.828792194907395,15.91041285974924,-0.37921711137960284,-0.4650730268746171,-0.3116509898216001,-0.7367327348868165
-5.1970515403787445,3.9179388534739594,14.884222443729373,0.036356248108307315,-0.6607079773576023,-0.4646921492065682,-0.5883913649479348
-7.8974469098994975,-3.882166317467804,12.728054155841694,0.7798351217743368,0.08382561725378035,0.5907441501897107,0.18934570963152303
-2.9719898874302633,3.3860259222169553,15.491351496963915,0.6539778343905043,-0.4344989302543097,-0.5509645527361358,0.2827750578853037
5.922590386602433,-5.213798826142692,17.552632817537713,0.11499544627227203,-0.5595743211712192,0.16521846605790072,0.8039623653479586
-13.506435154929488,-7.332729328892361,15.468452937599082,-0.060862309566926925,-0.3452133997679053,-0.4239457667649447,-0.8351008769825039
-9.958853383406787,0.08470173755896226,17.06068969773001,0.3845795832664247,-0.2534592664679651,-0.8370973038566328,0.29516952459917045
2.6239533560027297,-7.516955046549992,15.032165674858442,0.6476763808263936,-0.2549783835759474,-0.6166874202399709,0.3676927458441228
0.7010609939255676,7.957071413846688,14.914046533464123,0.5177038908892633,0.4699254009831836,0.19863059498973717,0.6868032364534513
6.313063787000917,-6.799519849333846,12.830416442288412,0.7469978783195431,-0.23908935787038388,-0.6167665938645448,0.06655386864755533
-6.3261616134609095,-7.828069065095264,17.658496037368245,0.5215157841647489,0.40728134623072765,0.5112389271810398,0.5484322667515953
-3.223302344863047,-7.777052168869401,16.395038699643116,0.47536780284779007,0.09769056685362897,0.17600467987443214,0.8564486895464198
5.760750585011987,-3.5508988848963323,16.149484456583288,0.5722923893888372,0.41990030552795027,0.38773567846573487,0.5880698921980841
7.635497314243647,-8.093290749286986,17.265268011829725,0.0233754612203049,-0.9209163587439192,-0.22221665598643886,-0.3193531052186338
-14.27990833422422,3.163383034449783,17.869818876461636,0.4871504344434981,-0.21355864189053902,-0.060136604837522034,0.8446660579507118
-11.301156722121885,-0.5678012514709749,13.984100259353857,-0.012090370055623995,-0.40301607916850957,-0.22311539018403762,-0.8874972594586328
-11.750677808463376,-2.1141209791672715,18.321983423242948,0.38499121314072765,-0.14167909965870842,-0.6953719196439929,0.5900565158482342
-9.555184291438882,1.265769925228259,12.989568041386539,-0.7481952341687232,-0.32541155390336673,-0.5759906260557869,0.050458010754174346
-5.266619620649525,5.434671023075319,13.580425447869414,-0.1530803996292416,-0.7307632443827542,-0.6343519293324681,-0.2003724074335539
-1.1458537402406836,5.95466686810081,15.343633876773081,0.09863588738626451,-0.7500083701084866,-0.6438610665098764,0.11489705618291444
-9.066086320458458,7.738197323206869,15.100086373260602,0.19003179955526672,-0.8162350997357701,-0.11753539697828996,0.5327603659942055
-8.001600740152927,1.4742442180172564,12.031160396967378,0.6057165886221418,0.3560333454254584,0.33006701459162846,0.6303994266270245
6.110001151096242,-6.26182279911275,12.982528543231359,-0.9879762186532848,-0.10561787880630112,-0.10561787880630166,-0.03990888032094504
-0.0028493053726279527,-1.6769315834518412,15.119948531058066,0.4334100893026868,-0.7513377125025169,-0.4693609536533999,0.1653711929197254
-11.181241782717471,1.759908452436406,17.86621076317214,0.1590917604435188,-0.6986312371296521,-0.6592722423453925,-0.22795683086617916
-4.50217009454755,5.208246248427651,17.204418334550475,0.23908732957292492,-0.9134541907367965,-0.3255932057437356,-0.04927225016771082
4.577651627597197,-5.18199572837087,15.694988551335506,0.16845198340281053,-0.8199401191620808,-0.5379633603129638,-0.09958691298015096
-12.249599829157006,-5.28392325598115,15.492210797186406,0.5527835169523125,-0.3445526006773766,0.6439157236507348,0.4013557394477361
-11.383470608718746,2.853065028334278,15.193730339973797,0.799915119006435,-0.40166372695279995,-0.3485906273016718,0.278004725486339
10.629301625233705,4.402188232742089,12.933892137148606,-0.3746525899865464,-0.8667160703213597,-0.26003511936534385,0.20204065669989235
7.006558008434661,-5.570451110482193,14.570171514943702,0.25352892679596317,0.9186943278300086,-0.028156172872223086,0.30154774948562685
-4.594413525109651,-7.289653738869917,14.728847964158613,0.5357079867329984,-0.19840445188570602,0.7696726669804983,0.28505545447427794
-1.8050073542954017,2.2197107004382843,12.379852570932266,0.44786141467262675,-0.6211004787486792,-0.12915387550579258,0.6300584298201471
-8.071530812544335,-7.066279663928547,12.202617131073348,0.21161376040665247,0.005362471886821804,-0.656548883374293,0.7239712867523047
4.194856975081791,-7.364318883181199,17.686118582067134,0.4987674966575255,-0.34124336895281954,-0.6572371671915599,0.45035902731679356
-8.347707071282045,-0.10203260867820951,13.403813461262876,0.6433108126733141,-0.757234008246847,-0.10948596848945055,0.027580387160825698
-4.36498250783718,-1.338584558547213,14.782741196548837,-0.5128840423417508,-0.5322545287533107,-0.6691863309893697,-0.0764508348532669
0.47603170056043,-2.6909581485093437,16.829082527026134,0.5299231596250626,0.8404960379686368,-0.010683122204888061,0.11239984854068737
3.8913218438466917,7.1049294714834055,14.841395060290573,0.15916652033404166,-0.7787338182137039,-0.3118227521108947,0.5205825875315528
-4.219453378935438,1.9166298225627223,13.530166214394823,-0.9422784870190665,-0.22476235098928413,-0.2247623509892842,-0.10523794019553216
13.037058928095508,2.9809970765848046,16.288917883540975,-0.5520129436424717,-0.45174890287208,-0.46913526699632097,-0.5206887170520752
-5.112974585890228,-6.137910495992567,17.021807724420142,0.4206158841202936,-0.6526449995883647,-0.5864023968921674,-0.23080080471507977
-2.4148284498058796,-9.24097010819026,16.61458714634777,0.2858262793877052,-0.6660539936301995,0.27169813851688096,0.6331315322325254
-4.071495805969143,4.226796003426429,17.77870391949513,0.14544802211456123,-0.31893790142925615,-0.9329556166291566,-0.08195916846194964
7.474962464573785,-7.861164705347223,18.036762412919792,0.0,0.0,0.5712682150947922,0.8207634412072764
5.269248233394688,9.68748034323996,17.30936883883386,0.48480349022947156,-0.6965361811421857,0.302180326028867,0.43415432139075893
-3.9441644306550234,4.297927220223897,12.298470659246735,0.41990030552795,-0.5722923893888374,-0.6244068512142106,0.32600803459716254
-5.242895182854952,-7.550828430492642,13.741206948783399,0.11099107949243209,-0.46913173308986783,-0.3247152255305625,0.813729942665156
-10.520173996501097,7.446258989817634,12.54871992604947,0.4654601425787057,-0.6372657889528495,-0.45736509996837726,-0.4099467468243032
-9.543466730324456,-3.4100519405927656,13.148137691106959,0.6523052787271857,-0.2610558410216812,-0.2964685768829053,0.6468802471355393
7.327532096287831,5.2812278657341505,13.363080614632164,0.7203445148249952,-0.06615137670332931,-0.07687632047697289,0.686161647625192
-7.371361569473473,3.9424841762504546,12.578596589273456,0.7798351217743369,-0.5907441501897108,-0.08382561725378035,0.18934570963152303
-2.8446121828413595,7.218032114522437,14.183513093874852,0.40515990047155964,-0.5517536670345031,-0.46504488458407256,0.5613791956298713
10.273686102748192,1.810679469127578,13.022377128725413,0.515684237223391,-0.15482600987645295,-0.12248449569796041,0.8337243084249627
7.054347022182551,5.866007469780531,12.117588682864168,0.4082134095036713,0.632109163615826,-0.04065727213007991,0.657378736952474
-7.03609704608216,3.6794958373790276,13.447982891295986,0.19346712530864804,-0.21318127577900153,-0.9296850530742642,0.22980408432477395
5.08156057155392,-8.113742803894764,15.63277436363704,0.6880867061755009,-0.2646944565545428,-0.015519455775630464,0.675449980343677
-3.395099708709182,2.750480104926158,16.207642627068566,0.3744856866257251,0.4660823352963727,0.7152573360752851,0.36184896079390116
-13.914088507652128,-0.24209395240472809,16.61201633571092,0.5383837724756717,-0.006651269788422523,-0.1327190470231129,0.8321564328311971
-9.927441379917955,-8.198416352043756,13.604006393811783,-0.3257090783971156,-0.6930073936864647,-0.6225479299110954,-0.16151911190012405
-0.1735788699317773,-7.9587458554751205,13.784912417130016,0.26101970219459625,-0.5959494590970799,-0.37396730011221585,0.6609549271432369
-12.058133084191427,8.143850769544033,15.333405486381723,0.46580455682102256,-0.19994576806426165,0.5534422639471748,0.6608702332190405
-8.265371074660262,6.883535616385894,18.397889269838327,0.0005997969572116568,-0.45605094751637776,-0.8667160703213598,0.20204065669989216
-2.8194580037836676,7.176187431519191,15.812600538263844,0.629277469204505,-0.32839718678213936,-0.22769607393775954,0.6665730660463863
3.9585797612364146,-10.129186322577404,16.603519486688338,0.7166182869011414,-0.6882662099993428,-0.10613396990318155,0.03851539282682379
-8.476560869059766,3.4631192992360216,15.944662418650143,0.15552249332344806,-0.0345081997831948,-0.9813587004854261,0.10750367063378416
9.245613366825914,-8.535709737353173,17.812884664548243,0.3603224177108603,-0.5882215357741294,-0.6115575204589103,0.38750558617479886
-3.950729594198812,-5.797009515208993,15.967128885434187,0.44057413846162286,-0.5429011232718961,-0.5750657503341114,0.4247966356523759
6.606230530425224,-4.239652549134595,12.75615410928998,0.24736167718717922,-0.5650075134784343,-0.6945060627563308,0.3704592274012919
10.77212177471189,6.192349428698419,14.214775244835746,-0.4604145791808898,-0.27914107747269706,-0.8243662565963091,0.17469673474468222
0.1898900134253001,-7.52408691456841,12.881542905579412,0.6611764909168909,-0.1911800632436559,0.050350556422189885,0.7237131011284472
-0.9221979285979653,1.401754970452819,15.432204976683225,0.433202905793197,-0.4880278899927783,0.37714360057469565,0.6572113248773802
1.541110066633209,-3.3740232698380908,17.835959266439232,0.3159211824626951,0.42558958008676245,-0.42558958008676245,0.7334444935470706
1.6565699614740996,-6.208648833455783,12.50642984032152,0.08650587617081099,-0.8112986633999307,-0.5646805353166603,0.12428638375902636
9.150602365027652,1.318072307429345,14.655561096027162,0.45689927429340005,0.44288907272335565,-0.05819028075220373,0.7692244234541636
-8.384122710650454,-7.243002963257821,17.116988481182837,-0.22228943744947352,-0.33728488372174614,-0.2710422810255485,-0.8737061262848468
15.902860159667267,2.259242950342321,18.400343776880582,0.9444878841467598,-0.2550766646248439,-0.0984198312580692,0.1821869058933036
1.0168232545079015,1.6229727825804243,14.771468920550468,0.03629032078980337,-0.252492969031014,-0.06164841688031901,0.9649506650098897
-11.064362230575304,-4.171287871291658,14.75003775666863,0.07348819760469105,-0.8642639345423894,-0.4797056176962415,0.1324003648514215
12.11308344010048,0.24700831568850212,15.682655338686718,0.5024223566474604,0.7683018949937098,-0.16883263827787084,0.3588586266791148
11.435198415859414,-10.227301588760422,16.937810066227897,0.7862900468030621,-0.18324996206136765,-0.23347298184699633,0.5419020026263224
-10.162990200649512,6.849372662927584,13.831213673604726,0.710947364301361,-0.40904219360236765,-0.2665135011064172,0.5061708039524909
-0.10158717950558938,10.244305928253862,16.950624212156253,-0.5541718589521399,-0.45862986345178786,-0.46225430641661375,-0.5185298017424064
-15.316977025718282,-10.807726059470395,18.1185083659285,0.08318184093254141,-0.7168446654570627,-0.4586298634517879,-0.5185298017424067
-10.740852850816772,-6.662109000169634,16.62967147118318,0.14677712527913936,-0.5862358979720337,-0.6505870586284865,0.4599134990069862
-0.07178189744484698,7.91451445299778,17.880152461695737,0.5055697438625739,-0.7250165661497376,-0.41811644858062047,-0.20959209986424532
8.881983529536763,1.2118667441878124,13.301929760988994,0.8934866897545639,0.05366080875391595,0.21070728877175898,0.3929433690670481
2.2397318904382075,-4.345751978925974,12.10868974030155,0.6439026293019946,-0.43388088393010715,-0.6298967120811414,0.01915501624575236
6.212825987529339,-2.7250847961068025,16.636696994694404,-0.7456514799600105,-0.5617980242992201,-0.27525299500348127,-0.2293962490289507
7.051388327516781,1.4916397676854807,12.15740996929214,-0.4249147028505976,-0.8235674617411564,-0.35625682759667576,0.11943702965734873
11.140067087036797,6.699005579357529,15.00901573397679,0.6790477291575324,-0.4020634422887574,-0.5819641312732291,-0.19635916024547645
-5.87733751013589,6.475522981188519,13.078004164075608,0.71310110925111,0.016797892123451175,-0.016797892123451175,0.7006585970536967
-1.072590431608953,-5.036469860898744,17.846635627169398,0.24307260490177757,-0.4804342146446258,-0.688665130919562,0.485632589104776
-10.097965556302213,2.9697724912397074,13.841805785195826,0.6770432031107134,-0.5421855446795525,-0.2345384720166645,0.4389066431557062
-2.2308611475380893,2.395967653695232,15.937066508224278,0.21523692336613937,-0.38625164655858285,-0.8151892131840975,0.37409795382887884
-11.508010522663454,-0.6358828787879123,15.395970209440893,-0.1762181113122429,-0.1373820644429372,-0.21611443143997652,-0.9504566787278198
-1.3006193546582434,8.573683900716754,17.047214826619992,0.1386552527872067,-0.8345443964080709,-0.03217558032822645,0.5322359470469331
-8.138152772805487,-4.67812785270093,12.791918787554332,0.9920576160375202,-0.055442144709041664,-0.05544214470904136,0.09835661463305718
-8.161411083829105,-5.555629064650143,13.798800778759393,0.31554322638637355,-0.5154110251614362,-0.4830695109829434,0.6335832975879452
-3.4398374376398095,9.07080147580909,14.802600716504251,0.691807464284723,-0.046767491144340756,-0.5768733797572877,0.43177811183455117
-4.550633970359403,-6.45971911181533,12.716550407077793,0.11431798597880453,-0.33137276621183875,-0.7759516411107859,-0.5244259133112537
-4.754694679770299,0.3692469216334757,17.782440513215477,0.4517450437806681,-0.34967669209884733,0.6490398150722055,0.5023942126193808
5.944744256256804,-4.251786630667892,16.22136990583948,-0.2820282604273073,-0.3223263783870073,-0.4279279758674643,-0.7958915840654662
-12.299375729158537,0.044019309426101216,16.107432345208327,0.612970833391748,-0.6833613858868084,-0.2685188871310964,0.29185883735765855
3.363513321961534,5.762585271007135,14.505811725391082,0.13963216811743678,-0.654475739017055,-0.7393936976013082,0.07390077545174198
-4.719156607583404,8.042662245414249,16.1848361089507,0.38376501705782706,-0.2970562346073964,0.6914120897207151,0.5351927945624035
13.609759030861724,7.209244153793293,17.8118676219292,0.1285629928210938,-0.6032353160291767,-0.7548623770802783,0.22307286262738057
-0.9722924566517293,-1.1045036971307116,18.143033742317833,0.451748159839824,-0.468199362252012,-0.6411654633104503,0.4069641334639178
-11.819937713086025,-8.008421013727927,14.267648864110079,0.8643951233362497,-0.28549301686392237,-0.23241991721279404,0.3424847298161538
-5.569271462810732,7.989731603385843,13.857506641539107,0.8816677569509559,0.3618537702752504,-0.255691205682135,0.16231396313155863
3.2722041189109294,3.840312873068365,15.56197232438949,-0.3850546266675946,-0.4297169005769983,-0.8143177502636997,0.06295173902160517
1.2012010909780066,-6.2760580841269995,18.06804464520545,0.423105442920557,0.4786708623833202,0.7026688089883372,0.31322920449906944
0.7897274600922888,-1.792325642375495,13.044386778675264,0.05766068793121441,0.1485035583719055,-0.042340993778790054,0.9863210321513002
-2.0447751854916465,-5.649791139197846,15.845223303324133,0.4993582535855265,0.5253245844193564,0.4993582535855265,0.47467541558064374
-4.497875088930098,-2.5222852606497037,12.266614700676687,0.32242764726095263,0.5257962551309244,-0.18455339822113423,0.765191971715003
3.254972849078399,7.399831166079538,17.346762088473646,0.2355876510678229,-0.5787226122764725,-0.6807909639582934,0.38223325352064774
14.751881049850947,-8.930895606187743,16.60396477885923,-0.238754341810855,-0.5252809195336223,-0.7581271035198556,0.30384143027074434
11.12988999079925,-6.880960619454279,17.708875472273252,0.11805560034955215,-0.27510208036739503,0.3762704023548272,0.876813723042343
6.4995171825445155,-6.517106923896355,16.1715834889591,-0.8697089208820357,-0.2938067719578951,-0.3897211537080692,0.0734941905346143
2.7968820573524944,4.09952339755767,14.075394314952941,-0.12863183097803826,-0.3821282365589826,-0.7969707353146941,-0.449743827012128
5.1769042036255755,4.339107959008448,14.393669319331485,-0.16083092357794668,-0.4918467453563349,-0.7783917746520739,0.3554243073531129
-2.291896274485465,-7.410057906621466,17.056728659238104,0.13684762336403053,-0.03915705651040158,0.4713859193903543,0.8703647326871462
3.3198727274345146,-4.449537290900845,13.46573846687517,-0.6078990907599197,-0.45022248829498435,-0.6187175116247645,0.21200718689609277
9.194621194689057,1.982247695771921,13.498608453544293,0.229966834887509,-0.80589520269989,-0.3613163278009429,-0.40877706440254885
11.524414047422402,-8.530174599399963,14.166131637259038,0.0,0.0,0.7907757369376988,0.6121059825476628
1.3199182736533999,0.9834240886047905,12.051508783497562,0.23573219680464938,-0.919877251525737,-0.2594356249530698,-0.175924216696624
4.287139322728713,-7.176022598171308,16.54848156265895,-0.008337577286163078,-0.40311117811521635,-0.8950577813581028,-0.19053459243368379
12.51067130350041,3.8592871429160063,15.183988247217203,-0.06538547647036808,-0.7343372590389907,-0.6132567361644662,-0.283530783166046
-5.0290523962323395,9.840765074069477,17.748044731671364,0.29922070829869196,-0.5985838312720495,-0.2568725524212072,0.6972667039788416
2.7776976539130356,-4.970387251549134,13.035335873631935,0.3343569979464232,0.35174336207066415,0.6337201209197811,0.6023958943293848
8.841916130575711,-10.643789214303625,16.443690005159304,0.356822568342928,-0.6052520000033417,-0.594527056229698,0.3910054355427311
-9.976806961891372,-9.14890842479928,15.814704245257587,-0.4663777164162143,-0.4158283647445852,-0.7639959245932466,0.16090004322296494
1.110885909720988,-8.674647145879922,15.579951332445365,0.35825188864763136,-0.5911963460543996,-0.6085827101786406,0.3895761152380278
-12.709942836685185,1.6584816585122848,15.771047966476612,-0.04449747570305013,-0.8655732672430142,-0.3099012616658363,-0.39085048510681486
-0.9771848454301306,-4.337554602933955,15.174211336213952,0.7628228181194536,-0.571294611269561,-0.1447914556121601,0.2660061083365732
0.5173331001114008,-2.6232750994977945,15.368207329772073,0.4713547212878871,-0.5036482369403208,-0.5210346010645618,0.5026789478782836
-5.508403699098696,5.641570127161563,13.815105858559985,0.3114965736801241,-0.42883862791567323,-0.6605405652825088,0.5317456886606694
-5.451008307885774,3.809217956775207,14.34394000331844,0.8327818993235244,-0.38625164655858285,-0.13166128751813355,0.37409795382887884
0.6419303005649795,6.725044007935995,18.061113124520716,0.1285629928210934,-0.7548623770802784,-0.6032353160291769,0.22307286262738024
-6.4784110555664975,-4.8775810377249105,12.27706844544222,0.1579968991193702,-0.7130083685812227,-0.6808610680371405,0.055536044449808086
-11.790429057777832,7.18748535563328,16.706238926262476,0.0,0.0,0.9377521321470804,0.34730525284482033
-6.368097868945883,-2.1917444783241455,13.318725051678076,0.06846590111802968,-0.450882741819946,-0.2003036696675256,0.8671191460409269
6.508904629315346,7.482426168360648,16.750440111720465,-0.045207115335288546,-0.055442144709041664,-0.9925766779806224,0.09835661463305718
-7.396983455830888,4.857069526211632,17.03614674186899,0.22074749481997766,-0.03460054791128656,0.27229956965783053,0.935909338546797
1.7861172542524741,4.0370906953282955,17.999112358462828,0.5845496727820939,-0.524192720587171,-0.13564740299672318,0.6042544611287626
-4.968998510772327,-10.019380036529443,15.498093066937471,-0.10596927510823397,-0.29460028862690585,-0.7691773073843431,-0.557088370439512
-6.422291721302163,6.210811228461779,13.124281425741684,0.39665746661195267,-0.19539734345769752,-0.33232914569375677,0.8330906741004366
1.1272246017777423,-1.386867528271389,12.581042402948102,0.730752515583445,0.37250829779020483,-0.4786708623833202,0.3132292044990695
10.652063145970752,8.86044175793243,14.405604630155132,0.8150424229101979,-0.03734483502798873,0.03734483502798873,0.5769892333918704
-5.871012336156717,4.8610019448016075,16.464149620733536,-0.1608309235779467,-0.7783917746520741,-0.49184674535633477,0.3554243073531126
-13.518685477481917,-5.069097106909912,16.83794425931196,0.15130737157425603,0.3737301385006704,0.8976587721583539,0.17787802464249375
8.463803778329982,-0.5152924445378462,13.152325314766655,0.7641728694094024,0.3629455253343069,0.1803223611337023,0.5017910096579756
7.173994398541971,1.6272735251149761,16.072409206002163,-0.11960970503087279,-0.8070825895216809,-0.2618574103980684,0.5155016088946991
-1.2874320516778823,7.168340171044255,16.818781111419884,0.27788398018215904,-0.5459828165526569,-0.7135307596821083,0.3399369244063124
-13.14059428917187,-3.003337717537022,17.92843917640974,0.6477397666890419,-0.06099374870823698,-0.22140426528360074,0.7264248815826527
8.616779018849615,3.7173706320095565,14.537563318292179,0.634351929332468,-0.1530803996292417,0.6849896199397744,0.32396487707202215
-9.955523143833124,-3.5762715326084695,12.026936523573223,0.7181087962479241,-0.05742503543119315,-0.22497297856064458,0.6560558520237707
4.0935037634565035,-7.521282395149088,17.179010524625912,0.4987674966575255,0.6572371671915599,0.3412433689528195,0.45035902731679356
-0.9499468039412893,7.287889458140732,15.938857188479918,0.21521960752674116,-0.1369313964332462,-0.656915562187184,0.7095014146308475
-6.237611630405528,-11.949556397145606,18.079854643442438,-0.08341134171117232,-0.4016637269528,-0.868574793055609,0.27800472548633903
11.806259766715472,8.180534894358201,13.525431916414327,0.343315894594047,-0.4062721204115657,-0.8327752760689664,-0.1535008151888334
2.569828658469824,5.07839949033011,16.97294210311502,-0.1843875812930106,-0.7234982708731034,-0.5467402491353054,0.37898096506817724
-2.8431939347954813,8.289462031953471,18.352106023592345,0.4389203625145387,0.30045258307214856,0.6850108999182964,0.49783252976126907
-1.9717537381391885,11.487125711806712,18.013318930339842,0.8675855956602269,-0.30001876693467516,-0.09313891378227176,0.38549852973694365
7.281640490979523,-5.255386526097473,15.206335158927986,0.42558958008676256,-0.31592118246269485,-0.47106263379564367,0.7051009224461822
12.199458899271756,-7.617416291493137,15.55961056326775,0.1517017950230265,-0.48367216242908634,-0.8602973898095451,0.054186767433085495
13.516550673917171,-2.0933934541000827,15.833229862389576,0.34970774520368153,-0.727607719745581,-0.570561239727738,-0.1508355754838341
-0.6123503021520058,3.567934313998707,15.924371242667839,0.04065727213007997,-0.7455169443509638,-0.40821340950367124,0.5252744846363003
-3.3707736892077307,-7.777522844669855,12.54564276452088,0.33707145838830305,-0.4090421936023677,-0.6803369995958142,0.506170803952491
11.04504585043263,6.783673500275738,16.507983906877456,-0.7734556366896717,-0.27299825828577035,-0.5568146574779783,0.13113262852392096
-2.364188488035847,5.122428012155941,18.115960871305838,0.0641125409443308,-0.6585942530983311,-0.7497264597967533,0.007309402173971163
-14.477281115186127,0.14585081282652723,18.444216435715322,0.033090361235177515,-0.723678945860567,-0.6882662099993428,0.038515392826823966
2.560342448165839,5.814099153606666,14.982681228325323,0.25863433148358694,0.17642873888360364,0.7321007444607819,0.6049873408873515
-5.598851853908593,-0.3710530593575516,13.225995547044171,0.04335439122521534,-0.6233312121635253,-0.34041062583261184,0.7026373193365776
5.278436803158677,-4.5353217609332095,17.472793617829577,0.08973649884302345,-0.4329718563887655,-0.889795161448972,0.1129039548140803
-7.471929998894025,-11.55857385014179,18.02969293001524,0.08000145437436208,-0.0619257351328155,0.7867185223619355,0.6089654647013244
-8.28438209280127,-7.6716931307769105,14.32829057845605,0.7281236902068221,0.5463708298263674,-0.20512797291657744,0.3594959287691334
9.006240097944112,-5.056753039300138,12.459198863114684,-0.6860844812639234,-0.31863722017692403,-0.6487290607840387,0.08312046788243296
-0.4407516305842414,5.4608899834119065,14.239849996971405,0.32568624136111113,0.8793790613463954,0.32568624136111113,0.12062093865360458
-3.3848539118462533,-0.5174446481884853,13.136438363366684,0.49734174806435155,-0.8026284915010324,-0.18861077630113177,0.26993455748784106
-5.5712887456465,6.246311584102109,16.18780813024231,0.28745539101441364,-0.3359861095731316,-0.6339306496361642,0.6345192383234199
-9.00989264515748,-4.00807198799425,12.338219676522936,0.17716594896007215,-0.8659457336518855,-0.1361575591516475,0.4474498094591614
-9.842572123151674,1.555349522375442,13.978034413259923,0.7135307596821083,-0.27788398018215904,-0.5775724035110984,0.2829566525954252
2.3374720063336056,1.0500342495685455,15.202148153499563,0.11634641448936786,0.913836344114683,0.33019830672601513,0.205756473156622
-7.725242415328578,6.34766362285364,16.869481810193328,-0.3006958755429494,-0.42114344032409395,-0.8490950796843147,0.10610249176778255
0.2600820475110055,1.6226679747799544,18.49886137098644,0.06500354964859446,0.3440086459121952,-0.029867260000862948,0.9362374361510983
2.444564690144894,-3.942381515661517,13.9157535254084,-0.5592319034530597,-0.5094126732557133,-0.594094660813293,0.2735140590168518
-0.9793707161442011,-3.811883683529093,13.457763779947317,-0.023455183404269712,-0.9631584496564843,-0.2540069707007967,0.08518282727284184
-1.7457130432283492,-1.2310259616320804,12.098629638398052,0.8838830169476454,0.0007742430844116799,-0.1361575591516475,0.4474498094591614
-2.876105226565949,-6.80242174143137,13.834082177453396,0.6150912367556075,-0.5846878194774322,0.3833892993887721,0.364438704496887
-5.811972467880155,5.209306311243067,17.724145456855883,0.08940379154443484,-0.704160356447542,-0.704160356447542,-0.01798184842613426
15.301549423331995,-2.807496637069896,18.146324395048474,0.526024134259271,-0.11489097454421059,-0.29751413874481525,0.7884059940106976
11.410197489861744,4.03399663080218,18.236145581002273,-0.5712946112695609,-0.7628228181194536,-0.22122208196066737,0.20684439983631395
0.7201861002625201,-3.655524424564071,15.36785246831651,0.44890226978537073,-0.44890226978537073,-0.7201970757788171,0.27980292422118275
2.594544556758546,6.7285953520504656,16.42335633147615,0.2692364452618582,-0.5103287339572219,-0.22378370466148287,0.7854916761929179
-2.5243744754643824,-1.9952420716943902,12.615987419757296,0.802940622795502,-0.4082484784753345,-0.4082484784753344,0.148164489368811
0.4217020512994143,-2.4771531422075643,13.60701045933866,0.10249512649782425,-0.7300830223956383,-0.6280146707138173,0.24914072895064895
13.904118625352055,-10.37675083024606,16.772267936963004,0.8530723280915327,-0.2684318751696567,0.3793161645877394,0.23734190257904428
4.710227271449389,6.682370629275969,12.517428368348106,0.16883263827787082,-0.7894327337657977,-0.5024223566474605,0.309617949499064
9.425172547764777,5.34639571679142,17.366218433022873,0.5608603536883372,-0.5806411667711826,-0.05671253311349897,0.5874310067565748
7.225551633772957,9.028454575084963,15.532996493160748,-0.19077280942729133,-0.6959822039667348,-0.6726462192819539,-0.1635896409633528
8.400825834338342,0.5984203129410428,16.613064874642298,0.7466193357396685,0.5039246287018626,0.002845275226303262,0.43429418657890506
0.2901463033353746,3.5311904831666343,15.266727278789423,0.05940064149852278,-0.613865334396653,-0.776379659256884,-0.1299058878873991
-1.6762295499084576,-1.060103758758327,14.726099575919974,0.007064070435412018,-0.7233410838512401,-0.27876220895229303,-0.631679828854646
-6.609923114645143,-7.148023816519101,16.790411755464163,-0.2738541193311532,-0.4927317414952226,-0.4927317414952226,-0.6628987729446543
7.576797234918523,6.155890846912477,16.689320453031698,0.7234982708731035,-0.1843875812930107,-0.09946962270875759,0.6577668782074088
11.637276914301427,-4.652804837297509,14.491018690956315,0.6825575868576113,0.23041922351668262,0.05197879047515602,0.6916070614140835
5.247273345383295,-2.4844564582696815,12.112301926561825,0.6400986075654844,-0.6095273248128859,0.14386070719855046,0.4450329311674668
2.7499125560968647,-1.897073201043873,14.895107000896264,0.7235335557728565,-0.23016253984899215,-0.43839345612392816,0.48097357156985776
3.600348647732204,6.188559815319961,16.575802327560787,0.5711922765675569,0.4899310844605209,0.31149065141899435,0.5802417511240291
12.690612935510714,7.795397276540104,16.155005706235656,-0.3635928650754664,-0.700400641465512,-0.5591129347692536,-0.25422803951300366
-6.911428089993953,5.607370802299563,17.601976263220692,0.5375885533892708,0.6106468413916503,0.15382353633144397,0.5607560093603278
-14.105953489556457,10.12055992045191,17.059317176059935,-0.04966231590683981,-0.5522726557477099,-0.8235674617411562,0.11943702965734826
5.466957550532102,-3.296485669624147,14.912685872500614,0.4389203625145387,-0.6850108999182964,-0.3004525830721486,0.49783252976126907
-5.5188693482170885,-1.1765139261159323,13.894314528397755,0.7745885111464821,-0.12321602842425972,-0.15918198556757834,0.5995761371252125
5.9011378354711095,-3.155583861700598,14.454321302421008,0.3033404754780081,-0.41309423639946136,-0.858294674259563,0.025844920738741117
-8.173651453014847,-1.813587779083556,14.765209399519673,0.8359881844051577,0.042445556408601995,0.23124969031945874,0.4958283079890521
4.774121431448513,-7.540929164264582,16.620613376404492,0.034240610708728914,-0.6157813455786427,-0.615781345578643,-0.49036134579818297
-13.05880909039391,-5.371018636097993,17.793416848155058,0.9631584496564844,-0.023455183404269855,0.24408593938058784,0.1104432407324509
10.753082046545334,0.3271810767356609,13.152457387234067,0.3077871390737378,0.5793869238287512,0.6866347351004861,0.3132261324834603
-5.468037373944515,-8.54566482136408,14.451916776678171,-0.38995203028077635,-0.79321321293882,-0.46168546290324675,-0.07481140449817156
-1.985278158466583,0.678823338447609,17.409708218350318,0.7086148177702978,-0.12978026806600396,-0.2901907846413677,0.629929702876687
-8.56169347207399,-2.288583642015827,12.888103984745202,-0.04820565752514305,-0.6330108294646184,-0.7287113066096627,0.25681381579331447
-2.9632398935692574,7.950736088775242,12.830432472188141,-0.06207062867063255,-0.8049719394820458,-0.5710072592345456,-0.14872163125920457
1.1564382009968046,2.1509018661110773,13.938328944678684,0.5470905066447118,-0.09035158796109535,-0.3220535253279308,0.7673396216252572
14.476546314432298,3.1139504769364983,18.33841797577035,-0.12670649095701647,-0.44281883516085374,-0.8274196848475551,0.32129987473218324
2.2056417149955845,-0.2801879732856083,14.113737822576022,0.08885495020157924,-0.6825019901419312,-0.7077430035116064,-0.15936019659045586
-4.870760429888753,0.4630829579110518,16.80340134311811,0.3217730417716017,-0.8121497048668892,-0.46286364875696123,0.15044005162545016
-5.826502990967433,-4.7818535982469825,15.038645934355975,-0.2700690268901725,-0.35011425044395605,-0.6339306496361644,0.6345192383234198
-10.3505659992463,-3.7147204128151383,16.61140780602305,0.7646893001592568,0.2966680723907357,-0.5079038300033377,0.26319579881497324
10.216483352102625,-4.013111991462153,16.08242052396588,0.455079613047379,0.22328175274904255,0.5534422639471748,0.6608702332190405
11.437068355656686,4.309679923544506,15.893704382105465,0.4650730268746171,0.15696826651764637,0.37921711137960284,0.784386655557727
1.40700603636434,-5.877440390349232,18.365987854211777,0.07857791902556344,-0.27694998746988,-0.6867918505262567,0.6674137915362294
-6.694902690431293,-5.746502646583705,12.738274437825753,0.2939639175913803,-0.6590680603773051,-0.5928254576811078,-0.357452771243993
-0.24067995914059814,6.2016728595896335,15.052792791923977,0.5650075134784346,0.24736167718717886,-0.5886045340969696,0.5226121054975209
15.256652621263243,3.111640639132764,16.925893138498928,0.36419945576388346,-0.6330108294646184,-0.6330108294646184,0.2568138157933144
-5.991060277388798,0.6506317930199081,14.387254916195323,0.3498468014035451,-0.7418685102508377,-0.5079038300033377,0.26319579881497324
-10.413277768279364,-5.447695615315296,15.194124044205385,0.21495190163059213,-0.8845794887464586,-0.4135894707268603,-0.01607973191074412
2.040133874131797,4.8402028851083685,12.226891516304313,0.14119900699591903,-0.7764172013308651,-0.01798297857165932,0.6139346727320458
-4.172018540534676,-8.411941100999604,13.389961503064711,0.32559320574373574,0.23908732957292475,0.8863127969912458,0.22644191109589196
-0.7188716569215146,5.607046006717152,14.838669453544782,0.4606416269550229,-0.6277763160828075,-0.38115818799953693,0.49842213454323825
5.718017884334197,-5.341620102134208,15.626184999791409,-0.313190483462408,-0.3452133997679053,-0.29214030011677683,-0.8351008769825039
0.9199213040134246,-6.383153428993582,18.09089627071121,0.13112031679845962,-0.15273688720330883,0.6380388497343896,0.7432262993461226
9.683422160804938,0.04269606750423094,12.642319678786846,0.7617785138900467,-0.3493498513787401,0.3493498513787401,0.4190499474511078
-3.7126888766565447,-8.456612368010386,13.532257086823439,-0.035733862865903965,-0.6157470102831344,-0.28565516967601967,0.7334710862804524
-4.8809831269462,1.491479158120022,13.29553482361084,0.37987975165171617,-0.7855386669939821,-0.4858502436650426,-0.050694355434966754
-10.189337850305275,-0.41091177882217966,12.71662545829605,-0.5826346671433325,-0.567827317306544,-0.567827317306544,-0.12522427913022532
-14.611621963804536,-7.950607746200238,17.310133475908877,0.6745889524260787,-0.14048164683765535,-0.1441060898024812,0.7102310096358123
-8.211220538954274,-4.014544624421644,12.69074628545572,0.2401536099334193,-0.3238740198786981,0.3238740198786981,0.8558840354459076
-12.252655639322388,-11.702624449820611,18.247566341618334,-0.5429011232718963,-0.44057413846162274,-0.6488050547365587,-0.3003411390688977
-5.96617297735469,-3.4005897543233257,14.252421103464975,-0.18084477065220964,-0.5002179607254926,-0.6536399977785093,-0.5383603941594234
-12.320369199937845,9.567411764699044,14.90561662400306,0.8009888422831261,0.4660823352963727,-0.10123962087538421,0.3618489607939011
10.198421403240117,0.9302721416159869,14.679993947434031,0.6339306496361644,0.2874553910144134,0.2700690268901724,0.6652548762265609
0.44351205378063163,-6.974694339486785,12.830992367448026,0.24634168675763463,0.4143903667849938,0.06622280693633219,0.8736194463968137
-9.672868697631678,1.8637384526388399,14.523346935112007,0.9083606881804773,0.38980827129284146,0.05971643068572678,0.13915573903412118
1.6534550711621865,-1.286613320928642,12.263671770146447,0.27510208036739503,-0.3762704023548272,-0.11805560034955215,0.876813723042343
-10.90412500155205,9.885384362960254,16.730711046055607,0.42689367636183084,-0.6356944553295124,-0.6356944553295124,-0.09770828014508104
7.84142676400382,-8.495309355152791,15.030314947339894,0.5985838312720495,0.2568725524212072,0.29922070829869196,0.6972667039788416
-6.659581385343052,0.9307019631066176,14.285717585273659,0.8883317082329901,-0.3451709154277069,-0.14915508727667248,0.263584095176748
-4.702491490934526,-1.84729725669661,12.726113344184602,0.013632071213068822,-0.910219401331347,-0.15872059858840204,0.3822598326507578
-9.35806716403248,10.0920724852666,15.528769008576074,0.8359881844051577,-0.23124969031945877,-0.04244555640860198,0.49582830798905214
-0.18635953597842736,1.0561600044322699,12.593591930705557,0.8172128313838191,-0.2074212493778558,0.20742124937785586,0.4961008353497296
13.698982386822387,0.6595957072370577,18.375876333303868,0.1736720122244153,0.35405447692703906,0.8250444949466372,0.40470364576575174
-5.211804279798453,-5.275499004937656,13.690181972592201,0.4483927696522133,-0.7812326081496285,-0.12729687519475658,0.41522890271872537
1.236217658786499,-3.235467523236645,12.194385538963509,0.7967120367205581,-0.34124336895281954,0.2144286366243585,0.45035902731679356
-11.51543137863387,5.938264102136253,13.58829957691291,0.4102322265104027,0.6953719196439929,0.0008495928372421191,0.5900565158482342
11.247960015945278,0.9250837675841073,13.122134321045293,-0.32036044525668983,-0.587541335099099,-0.6091579055039482,-0.4255478948684229
-9.673397676326505,1.220607169263623,13.430593451972218,0.49843149687886934,0.6066649579342148,0.2906711596954745,0.5468399662196013
8.840550415085623,5.8034935324650725,18.127147898210023,0.014283561977154247,-0.48187091899806844,-0.48187091899806833,0.731708148584638
4.206171656048117,-4.257048772011115,17.658783291519295,0.8758522922316262,-0.40138149803623974,0.18075074205992148,0.19774939815730863
5.874543463651287,-2.4173766583104888,12.422731889278325,0.6668155214195534,0.15473756631831437,-0.012810376811137003,0.7288684656437068
8.774931478128117,8.26540000716992,13.77272580648784,0.4263355014054412,-0.22503698131678104,-0.8691440319726427,0.11038590927985181
-7.373241946189854,-10.307763076275545,17.15983557183425,-0.14495610996221883,-0.40301607916850957,-0.17004229053290948,-0.8874972594586328
-4.5794850763623085,-4.990141154801323,14.179750944042103,-0.8515138027656802,-0.42031901002027006,-0.27590250246096487,-0.1487749395929564
-14.16305050679238,-6.018546138203302,15.820495959239496,-0.09080501421468441,-0.5221945361649482,-0.23837813697273977,0.8137832509989081
-10.796556125224024,-4.296439925209057,14.541528221613534,0.4866725813144484,0.06388861883469478,0.8662574349145397,0.09309188705472199
-5.618782901656387,-5.63406804667192,14.367420661560168,-0.11326250122433623,-0.7155262360703087,-0.6819304518234065,-0.10081998902692285
5.358412909499275,-8.315443533666476,17.12410327690133,0.8464349530476623,0.46980972566720364,0.12164216581854219,0.21915719340848305
1.5184381502325284,2.8284862058874456,14.266172907497632,0.5966084766441304,0.5531268780606655,0.09630357300045916,0.5734410206730736
-13.549359263513026,5.25068519020166,15.474961566958795,0.35381702874980103,-0.24134569407884554,-0.9017873206515122,-0.05783938475147225
6.548948284606254,3.9898835569196507,12.411100791737036,0.2110705509186755,-0.01607365027204112,-0.7264233036240999,0.6538348753727254
10.069089535878852,-3.048227979502707,16.870514394033457,0.3751226823823812,0.14782121051691946,0.48953248936776184,0.7731686780625309
-9.008548581729933,-2.537086686968573,15.01559379178018,0.6323999113546159,0.2118428603440481,0.0705551536477898,0.7417647369170786
-4.521201169136131,-4.080186551815763,12.847695039741609,0.15023686661669272,0.5982057953055417,0.05298061618192943,0.7853481805422647
3.5118968183740407,-6.722431992960623,17.84100090400089,-0.673701493468072,-0.5893422137125269,-0.4449257061532218,0.029037369704651816
-7.747098607392253,-6.296744431493126,13.036729829655581,0.5102801422099056,-0.3237749666705615,-0.7344400894755434,0.30883928246722503
-6.2423729383873,-4.601367758858779,17.428752367153482,0.2276820575251382,-0.6610658679830683,-0.6646903109478943,0.2633241147348717
7.299306027854168,1.761356797848622,15.422945904900699,0.2746405672606966,-0.5740036902340544,-0.7415516333635058,0.21258762303654322
-8.222207575127136,0.7189250563156264,18.47683209281127,0.8418291162419262,-0.3464230520229431,-0.04673462869400362,0.41125500915524354
-13.111905146927736,-3.9472609505027902,16.878815199548544,0.29791870022322586,-0.2820206544439168,-0.8717096994107183,0.26801305654315466
4.143245230848155,-4.29352500497747,12.109914704150327,0.38815287303286006,-0.4088006787028279,-0.10911225537388858,0.8187269801195429
12.026118998941122,3.3182970690838243,16.13742472000836,0.4484518515034591,-0.17690262745905638,-0.5875677502640385,0.6498927112461397
9.020423604152029,-4.582115167165027,16.259125910620323,0.5781401567030187,-0.7772778272462044,-0.07857812448872399,0.23541159026408015
-4.9736254905399075,8.346669475427122,18.083389850449173,0.798691267076332,0.2505396767377796,-0.25053967673777966,0.48636611791556855
-4.982670486444797,8.69633549488068,14.088811038882985,0.7004006414655117,-0.3635928650754666,0.47447715449354927,0.39001358920506557
15.662176411006293,9.215000004106566,18.133653267783995,0.4746071985794325,-0.5473154444606132,-0.5473154444606135,-0.4190938028250304
-10.313503656687127,3.0336161763477953,14.266229770532448,0.6185576275602191,0.6507222546224345,0.31919450458686127,0.30341700177761427
-8.555993439612546,-3.7362799012806125,13.30795359567953,0.03306991838274431,-0.5734182012635047,-0.22098197863901914,-0.7882035981107097
5.947109229195732,10.331980954861605,18.193714902735447,-0.006651269788422523,-0.5383837724756717,-0.28780470032325123,0.792001975134475
4.563456704383965,9.361142466316876,15.894036408920599,0.11125560056448483,-0.6465634708410112,-0.4135896822054112,-0.6312855489319293
-1.4805206195091536,-8.314694210174057,14.999676460876456,0.8623299109051878,-0.08708749088095985,0.3394156647764409,0.36551320112230745
-2.4524496857754254,4.294940433225408,12.2266637387353,0.6987283439468576,0.017706367930612088,0.12495417920234697,0.7041673373565801
8.841368125652837,9.099611920490524,14.22476413068079,0.5530316877688056,-0.7945623074346516,0.14318982471242914,0.20572643492398537
1.6991648021705892,-7.402040583757329,18.299346953514558,0.7236789458605671,-0.6808384009925738,-0.03309036123517715,0.1079485203480785
3.8971018062797373,-4.706827549611061,12.838471028206973,0.1887681164111929,-0.06991203341668023,0.9185562909114311,0.3401958939157696
5.71090973441278,8.710136979576166,17.753208264357504,0.007885567260706522,-0.8250257738331441,-0.3504487550757067,-0.44323352807057137
-3.3092920030761066,3.977477925278457,12.052231954146718,0.6351617904929138,0.038434066730250765,-0.5452039706584171,0.5457517318256595
5.4158383595642725,5.466253673405824,16.057432165238303,0.8037710274278504,-0.07523720061501837,0.3396052981406934,0.48265903139376093
2.9209264648742597,-9.548560439957125,15.108473839139135,-0.3903752326416667,-0.5928254576811078,-0.6069535985519321,-0.35745277124399266
-1.5229012079646438,-8.617594989734384,13.738171137161887,0.5627000632820852,0.6034056251331591,0.2939304924965303,0.4825713998163854
-14.260336313943588,-11.502025167620708,17.823841279078458,0.20004939465787935,-0.6067324369281801,-0.7692467617884111,0.010742865271957502
-8.904300822323979,-7.579969962217457,13.938604621962451,0.2540069707007967,0.9605897166758507,0.023455183404269855,0.1104432407324509
-0.6670696194929171,-7.489495860571429,17.358985137719344,0.4776360849552322,-0.5640998977272219,-0.45795259412861167,0.4938972537518821
4.920910479366313,5.551425578355042,18.248575905623078,-0.03734483502798827,-0.20836147195418167,-0.815042422910198,0.5393484116584498
8.337888945752592,9.668284741897628,16.47992435487828,-0.3169627990112752,-0.4898521679891745,-0.6109326908636988,-0.5351081057069532
-10.40880462276163,-5.823396102811751,15.018511730713543,0.7849425103047432,-0.3690771183023486,-0.2907630052815453,0.40386162360611344
1.4456064770239898,-10.280053138238824,18.036247101685927,0.13216114737514612,0.08894657332524815,-0.5982057953055417,0.7853481805422649
12.414546952762134,5.416763787116636,17.04050930006629,-0.09440206695542838,-0.8499042275458847,-0.3299200617919472,0.399879740148678
4.649070364565649,-4.057268479309987,17.490994205230237,0.3686825109559789,0.7514992187880588,0.1799011050295853,0.5166795164173494
12.62844047113467,-9.635370444112302,17.673656150084234,-0.3313821876661528,-0.46913526699632146,-0.6316495918565523,-0.5206887170520746
11.733798744042396,-3.7019885824758063,14.240742019762832,0.37300672672038127,-0.5819995851622363,-0.6177794710708039,0.374821277165278
-9.89537555304829,2.3915309495904324,12.95685098734596,0.08318184093254158,-0.4586298634517879,-0.7168446654570629,-0.5185298017424064
2.3301835318673145,-4.138704060064001,15.6825368869014,-0.23549500900979908,-0.5895494859368382,-0.7721726501374427,0.026886850741627666
13.748084946414373,9.881772575177555,16.584383851996115,0.1565271207561608,0.8594325418519541,-0.02961962608820532,0.48579588740958957
2.541674447425459,-4.816364192207967,14.079967438308131,-0.07832841668338719,-0.1188495108732725,-0.20926374154384927,-0.9674441272653042
-1.916763103106243,0.840756109760969,15.674603508210767,-0.36767905777263654,-0.5367486871966097,-0.7587308461814738,0.03225616717600405
-11.260793131423425,4.576432007960221,14.155933345630675,0.8070825895216807,-0.11960970503087268,-0.021219801790593143,0.5778070025236576
-13.273039558264307,0.8917171612601216,15.682209344564853,-0.4837435981233909,-0.4753337869779248,-0.44318648643384256,-0.5862044527929531
-3.8321238843896595,7.117770633058621,17.47728557135703,0.2805744304347062,0.6317717343264957,0.0644497781547388,0.7197143119239309
4.982472005747933,10.894265742960304,17.094770350660845,0.21342598188906503,-0.6922828460558765,0.06615137670332932,0.686161647625192
-8.924383457198285,3.9943449236024424,17.384432512678043,0.544818323157772,-0.4436500011703396,-0.5731485504482361,0.42172077294365923
5.898355111415798,6.423106780258641,12.995600851804348,0.6286027966061691,0.5967039721743047,0.16776640554879,0.46974176614342966
11.38183356530704,0.19021632854106763,16.022932242327634,-0.4788688822556805,-0.38210121174872774,-0.6659176109409364,0.4257193829579119
8.56977264968647,1.8252073960861068,17.76977862959081,0.632109163615826,-0.40821340950367135,-0.3973493845023024,0.5252744846363002
1.7712138192977385,-7.679842793539297,15.577158641137235,0.6321091636158261,-0.3973493845023023,-0.40821340950367124,0.5252744846363004
-2.518052390631663,10.981020475504579,17.370314382945114,-0.0029433140548969228,-0.3130657346762741,-0.3130657346762737,-0.89664431545936
12.707791857494932,-9.572294594722662,17.06564939963857,-0.25663665426788607,-0.7011320530239955,-0.5822759700294826,0.3217237427277756
4.1712305272571495,-7.2147952520408545,15.248431270350999,0.6619606928510094,0.14750633507870572,0.5123337885051888,0.526843441059847
-9.263119878618156,-1.6689158006476177,14.961261474559088,0.8490950796843147,-0.3006958755429493,0.17388114321448814,0.397975984353037
-5.473272599544505,-1.1505021234100603,12.253844691338657,0.28899529882940966,-0.3967539215614302,-0.6642950443462875,-0.5637199100946236
6.714512694380337,6.68299551058978,13.655343712226188,0.720137691575187,-0.5410934938487202,0.046767491144340756,0.43177811183455117
11.08879581211034,1.6421669303389752,13.028514464837201,-0.44627697128896837,-0.5706514291453946,-0.5473154444606136,-0.41909380282502984
14.183355832074678,-1.0513689029691555,16.86520796392327,0.05973121699444336,-0.03936618349852009,-0.9765007167701011,0.20329494696278894
2.9752791336010063,9.002233340058266,14.613333667439482,0.44166323035880367,0.2599920828769687,0.7785444997646046,0.3622239220104093
13.64650427522218,-1.028736412307195,15.51953362749807,0.651372482722222,0.0,0.0,0.7587581226927911
-10.146494868820064,1.8118124500710522,12.397811126709897,0.5502902547408833,-0.44834750035219784,-0.3572152936537756,0.6070933935112428
-0.7110076562812857,4.402083934355774,15.353704575547493,0.4264641309582929,0.5757813289264548,0.5421855446795526,0.4389066431557062
4.126742304194982,4.648205096503885,15.361719126771927,0.47856710370343725,-0.2979163892847453,-0.10911225537388858,0.8187269801195429
9.610481065346455,-10.454195914602764,17.157996724862542,-0.48802788999277846,-0.48531736761857003,-0.43320290579319676,-0.5819201609235659
3.7641014080257094,-2.1063846210585186,16.406038963368847,0.4965380130242808,0.10199116110691085,0.831779335607149,0.2262541525251917
-6.673407110138247,-6.233169087153028,14.040485879273781,0.21697623229347393,-0.6915532510509115,0.20625128851983035,0.6573703838511084
-15.842972795183766,7.152082845047245,17.905175872474715,0.021100595616075413,-0.7162056678070715,-0.6957394880528383,0.05050515844592551
-4.638212848022732,-1.386761866326383,17.887843637925183,0.45365041713615717,0.04673462869400363,-0.7892315825901444,0.4112550091552436
-9.443253586826009,5.539008076517744,12.475100717117279,0.0,-0.2012985200886601,0.0,0.9795299412524945
-4.61698840680293,-1.1155880957878157,17.7435220147268,-0.02823263223503575,-0.5630129361112741,-0.6160860357624023,-0.5501430257551315
1.8817494729443247,-10.472853462515973,16.11129824695302,0.22378370466148287,0.2692364452618582,-0.4804722028744603,0.8041013943127472
-4.113760149516871,-4.725292570511119,14.595450500349456,0.8025869324109911,-0.13321123661269504,-0.39451525253875913,0.4271612083013978
-16.595970320400653,3.500852169051349,18.389604361348773,0.18383482493718709,-0.4551227462566412,0.12700949383951998,0.8619377190115046
-8.13044935018738,-10.148282679616235,15.712306107793209,-0.04919495162013986,-0.5813780346520224,-0.2744779170829057,-0.7643567953469592
10.601921908761986,-7.447104205238229,12.41576672168685,-0.5293503877726666,-0.3816073190642446,-0.42395547494172925,-0.6280332604794588
-4.845627562496546,-5.6443713467249355,15.438141718384628,0.5059698073655994,0.24854617636562953,0.6370914939560773,0.525674595712268
-9.046189163503648,1.8285247683797898,15.458993783152222,-0.14539248920127704,-0.0651082626528707,-0.9829105600367932,0.09224298990350883
-2.5016269733171423,-6.066235023834374,13.685899035538965,0.3664535783146869,-0.06108452712073208,-0.4456853768074336,0.8144599440038864
-9.353232893451992,9.59188845190687,16.481225326565603,-0.5145940599493151,-0.5814259806087735,-0.5279388449536896,-0.3441182333544267
11.23596427209115,5.282227281129737,12.902577830282567,0.5391840088433197,-0.5055942334272324,-0.5164582584286014,0.4323493298637942
-8.899585651213812,1.189059230860158,15.292236474089439,0.10064926004433003,-0.10064926004433003,-0.010235029373752754,0.989764970626247
-10.425799632476366,-0.7056747579647951,16.40182604847361,0.6789517397375224,-0.194272658795224,-0.22895486201808024,0.6699718951644973
-0.5306484523244865,-2.755727103944446,15.689699035140206,-0.19548317355562364,-0.5287409352491808,-0.4231393377687238,-0.7093464971937827
-13.808382129635975,5.551007740309581,16.12128424713512,0.4383934561239278,-0.37109733314837,-0.7235335557728566,-0.3828800603695257
5.865413174969561,-5.464785140748629,15.455771367144445,0.6610658679830683,0.0883117407136022,-0.22768205752513826,0.7094743373238004
-8.393869200651334,-4.49369645382636,15.797532243427279,0.15098705038218885,-0.33944433288845466,-0.6767478677357474,0.6356042628884091
13.664065614423478,-7.37300586754661,15.530897675392898,0.5608603536883372,0.056712533113499,0.5806411667711825,0.5874310067565748
-2.4736752383721665,-8.361938908457175,17.684019948587594,0.16518248927309218,-0.9030120550400521,-0.395156904433267,0.033689680446755556
-10.353502831661224,7.731661692763225,12.580365261008179,0.2890959233172184,-0.7229919492218683,-0.6246020459815886,0.059820336319195366
-9.511000201386317,3.9285049914448766,13.162526034037207,0.8112986633999307,-0.08650587617081099,-0.5646805353166603,0.12428638375902636
-4.5682096234243215,-6.425580699194101,16.42459017848556,-0.1843875812930107,-0.5467402491353054,-0.7234982708731035,0.37898096506817713
-10.393926149330488,6.697283666593123,12.708615168354232,0.3837019422082494,-0.7642131677689421,-0.5108001858549088,0.08851115118880212
-0.9943997642430968,-7.150722959911019,12.673867232088638,-0.30069587554294913,-0.8490950796843149,-0.4211434403240941,0.106102491767783
10.112334072533342,5.103688208481698,15.887645166540498,0.12585495172884295,-0.7418630018750375,-0.22187883612109996,0.6201367588329495
-6.588113979887779,4.575455042499721,15.470677279269712,0.6810219760162454,0.7164347118774695,0.10975376092145335,0.10432872932980693
7.617300029630512,-7.923416648234008,12.709747899902244,0.43620637945484464,0.3874849119174223,0.6214495921649222,0.5228573820434166
3.427394406421442,-4.461549367904239,18.18367963322545,0.07687632047697278,-0.7203445148249948,-0.20980153892423922,-0.6566407888461433
3.2405367332725348,3.2642107266283755,16.106985121172837,0.5683372226266514,-0.0830352600955706,-0.0577942467258956,0.8165523694186865
-6.808059419523955,-0.7293910661963015,17.67038479266974,0.0793832500226091,-0.18498484750306607,0.3862833675917262,0.9001466912298852
7.903970220946929,0.7332119107122157,15.854679303239873,0.5463708298263676,-0.7281236902068221,-0.3864124113559794,0.1483248341462183
-4.67252502393738,9.892737188238465,17.377148342714456,0.012810376811136948,-0.6668155214195534,-0.6668155214195532,0.3324906239789255
-0.15037033282475498,0.2426957623271644,14.487112610564207,0.4622543064166138,-0.059845856247760704,0.5541718589521399,0.6896614969931244
-12.066143586194185,1.328372711309516,14.384851225092314,0.508096100312101,0.09807221698416865,-0.23345553305140448,0.8232367260947057
3.5828049425003794,-3.0501899877051084,12.726488749369613,0.7211742865690428,-0.5819995851622363,-0.026327579585057992,0.374821277165278
-0.5008461831236932,-0.15671556304016576,14.040084275447938,0.0,0.0,0.651372482722222,0.7587581226927911
6.415287559603684,-7.622563889879941,16.805249773862734,0.45426474167219266,-0.23728850937871873,0.10442276947212376,0.8523107373523422
-7.6930269610276785,6.214261814650509,14.510798863705054,0.7189557433468698,-0.4944514760481574,-0.023461458028559146,0.48792410980553347
14.358570188530027,-2.6033666481120736,18.443459146764084,-0.15800225227292528,-0.2002622657162509,-0.7418630018750376,0.6201367588329494
-3.6746575798482954,3.069349824314827,13.976236106609429,0.8667160703213598,-0.37465258998654655,-0.0005997969572111572,0.32929975782967447
4.606183330262244,6.041613265814208,16.748925476453934,0.7575191806031557,-0.421143440324094,-0.4873860430202913,0.10610249176778255
-9.427374786127475,-1.6170420102728098,17.795917984688803,0.24854617636562953,-0.5059698073655994,-0.8056582306945387,-0.18202793072105328
0.6079835761212244,3.161560925065956,13.34249926272841,0.3445526006773766,0.5527835169523125,0.6439157236507348,0.4013557394477361
10.554009757201477,-4.019778785386319,12.767475642529613,0.6525298840456106,-0.3122130284046861,-0.6898902643988476,-0.027914125626377156
8.318915567515225,5.695767528767158,15.805831897304543,0.6101226179936365,-0.3886162833577547,0.3886162833577547,0.5707058433475183
-6.101516646633726,10.831870874120916,18.040415453956157,0.6490398150722055,0.4517450437806681,0.34967669209884733,0.5023942126193808
-0.24418725203812386,-11.00719208753832,18.14561724192967,0.2610197021945966,-0.3739673001122155,-0.5959494590970799,0.6609549271432372
-13.742057990902575,5.329084978854217,18.071526097838944,0.9495989914315948,0.0023626165554716874,0.23533640519107207,0.20705784193518037
-9.859341052523963,4.195075357091584,13.218825085984701,0.4671224170131837,-0.2987776421213951,-0.5985584755082946,0.5781490460852872
12.756900783984644,-7.157074780971481,16.0908354119739,-0.1738811432144879,-0.8490950796843147,-0.48738604302029137,0.106102491767783
9.543850674104554,2.3030197323226336,12.911872217383342,0.395124809934722,0.5645190274982625,-0.35328326988566017,0.6327602890395082
-0.2419009866614985,-7.931672094317724,17.05022776357047,-0.012161485103682479,-0.9335230302210729,-0.3498849928324052,0.07724857356357229
14.280303793751958,-1.8937441601960234,15.849538632360138,0.4920224500400602,0.44452608397007964,0.6562587748827939,0.3600484546781683
-6.812686383954567,9.014474389689456,17.805485665921605,0.0962083097274847,0.8404960379686369,0.5212260981056442,0.11239984854068737
-9.377948626371927,-6.395380705796654,17.516737424830247,0.016797892123450897,-0.6628780894654812,-0.71310110925111,-0.22759015205328856
-11.294152527144657,6.131863773371759,17.99808340264559,0.4243221287473754,0.23551799483651872,0.4243221287473754,0.7644820051634812
-5.9516925471785385,-4.310447808534548,17.07389329308408,0.7284215151469091,0.1889316823673884,0.4709084412165053,0.4603826187639477
-7.709433284628529,-4.851138650684145,12.686929342008645,0.20104015488164864,-0.010195602730953603,0.9782727215971581,0.049612377377072206
-5.388258294132401,-4.569015545124214,15.87062447590891,0.6274493379210333,0.2144687833127573,0.46108691139602787,0.5896688303328181
-13.67898991287326,9.664193297048875,16.139339760968006,0.808303856253045,-0.314638744760295,-0.09238989989833848,0.4889902275699352
-6.5436919179308335,-9.50470219393578,15.622324702469381,0.6660539936301995,-0.27169813851688096,-0.2858262793877052,0.6331315322325254
-0.8632111145032226,2.8594740670765937,17.51728783160474,-0.3222979058840847,-0.46249833255298356,-0.4231393377687238,-0.7093464971937827
-11.950327262891594,1.118430092909822,18.264944055281155,0.36294938782948943,-0.585724414471288,-0.6140546417617521,0.3848786160561698
-5.327379636217083,-7.5201346034612335,13.305897100078377,0.45020899505708434,0.4154859843392327,-0.5216485489323484,0.5937727250254303
10.08638813643122,6.479615812491785,14.390365036196027,0.5892561513704119,-0.7152573360752851,-0.10123962087538421,0.3618489607939011
9.111131804640875,-2.655822798065663,13.929967626449692,0.8626642338065541,-0.3569643811138756,-0.3569643811138754,-0.03103676759790884
2.961306140537376,0.22944327115682484,14.840528532320963,0.5975734291910821,-0.019449151335513504,0.6277763160828075,0.4984221345432383
-13.247653921993534,-9.345409471189376,16.75816155357709,0.04530324351791863,-0.8146388181110391,-0.15272746284992425,0.557660769863571
5.576756863973454,11.569091344855668,17.4981019993998,0.49651829738736675,-0.6751454682084641,0.10208709850704506,0.5359350720334852
2.746348292927564,-7.926405301293251,15.686045821178135,0.3974168965000309,0.7026864957184612,0.3866926974797207,0.44582536584076293
-10.097397015806076,6.0307019988131945,15.897994927563243,0.11587137108819745,-0.7375787100056498,-0.3529778603189484,0.5638777367773973
11.50320787464807,-1.6251008714500754,13.394456977815446,0.8973597010288551,0.07826896499927549,-0.2082760642964637,0.38110447009779547
-6.533455437252343,-5.594672758247735,17.397885588967874,0.14528151108840398,-0.26174713357022994,0.46304565365889,0.8342484301640906
3.9657810325442178,-6.5792648161510225,12.904081457189909,0.44057413846162286,0.5750657503341114,0.5429011232718962,0.42479663565237585
5.8201157835946695,-4.2562114416065775,12.64185776167671,0.28899529882940944,-0.6642950443462872,-0.39675392156143025,-0.5637199100946237
7.617950506054942,-8.2542553045091,17.76182717722829,0.10103847317164472,-0.9935924157495821,0.005124091421470732,0.05038930433293225
-8.355123937069742,8.858212003361007,15.832174250329572,0.18072672514447113,-0.08865069096425286,0.8794264279019512,0.43137925740319166
1.09513451754224,-5.056917893911112,14.298831823305232,0.794809779424225,0.17369062199319613,0.36249475590405295,0.45464990300811936
11.929356583594739,4.082328173864459,14.723110649681521,0.3367375626158392,-0.563054122093501,0.09738750447916597,0.7483939761171126
8.659621658439713,-2.3722625685892824,12.432885734637647,0.9078163822995859,-0.33621826854111236,0.23504994655368008,0.08705294109230943
-7.505759478199111,5.592613188999204,15.022743673979003,0.5591129347692535,0.6348876710689131,0.3635928650754666,0.39001358920506546
9.236489796906625,1.6014432576951805,18.337216420285984,0.47368749556207823,-0.3248418224155269,-0.7585566723131054,-0.307716950860938
-4.220368248069763,-5.865521756686405,17.953347908997948,0.5720690900610151,-0.07523720061501829,-0.658875238003686,0.48265903139376093
-16.175883832254613,2.1897262062567986,18.122573145666557,0.4258049290369807,-0.7937698824725375,-0.41971708944320213,-0.11161138345470487
15.198702674005691,-8.05338857647413,17.027309517684674,0.3665122328984448,0.6844939741135706,0.5060535410720439,0.37556170745491707
2.4066321081305624,6.489589206145437,16.724377770236778,0.4721100772765911,-0.4487740925918102,0.5499424145792426,0.5227592461153041
-14.720271443359861,-3.2255601899807385,18.07553386986054,-0.11698234012375025,-0.6526903268567481,-0.6526903268567483,-0.3664775662362344
10.101973896261825,-3.92052802285467,12.69043170372815,0.5169251047261038,0.8006651115249436,-0.11713718585897917,0.27928962562131765
-3.6257234702162897,9.460540729490582,14.798445870918613,0.07857791902556291,-0.6867918505262569,-0.27694998746988037,0.6674137915362289
10.391226836080314,-0.9458550435153974,12.907572690270692,0.19498948189266194,-0.9742849926480531,-0.10911350208057917,-0.029018937191520988
-8.250767422882326,-1.15611521822356,13.791672776076469,-0.09035158796109535,-0.5470905066447118,-0.5470905066447118,0.6270729986463884
-4.599158057069561,-2.789594090734143,15.572200564840989,0.7329081432798014,0.19537420195233837,-0.609197700441735,0.2314146419355174
14.742257148774552,10.533527173115028,17.302407758847142,0.23345553305140454,-0.4618206588971946,-0.508096100312101,0.6885190962864286
0.9084107347444075,4.457287860742209,13.19672672731744,0.23837813697273977,-0.09080501421468443,-0.5006468772710613,0.827214009483406
8.519634777289497,7.422746820412174,17.893465139507757,0.5299231596250626,0.010683122204888061,-0.8404960379686369,0.11239984854068737
3.1204131962489434,3.2849001500419686,12.386829464465638,0.9209183168834413,0.023298189156897776,0.33019830672601513,0.205756473156622
-9.231668421002729,2.557116979178792,13.4258054177376,0.0913115821003023,-0.8199950637865702,-0.39349190812916945,-0.40550512768257807
9.511791834028381,1.72680114888683,13.137779705482501,-0.09552626330354758,-0.8146388181110391,-0.12748644948024918,0.557660769863571
11.73568607489217,6.728126761524289,13.331541099768497,0.36239639361455994,-0.36239639361455994,-0.15551654046215674,0.844483459537843
7.779655588744827,10.952407326803721,17.448505494554173,0.030286064816131938,-0.09652866751232926,0.2978271876009893,0.9492438764363625
12.08515965247873,3.9260821751853268,15.364528680980063,0.6316495918565521,0.354718172350934,0.3313821876661531,0.6044664233926137
11.122723826843195,-1.6066049886197522,16.933699070179273,0.21372414603813022,-0.7849923611329224,-0.4357063050229944,0.3850571361842818
-9.795615627462682,-8.243102320377567,15.250806915932582,0.44240720528655075,-0.2684318751696567,-0.8221246951549408,0.23734190257904428
-13.592315602322422,11.606915197713926,18.489641462345965,0.775951641110786,0.11431798597880413,0.027609203528373427,0.6197323459524743
3.836219898778115,-11.220016652119176,17.041666502527743,-0.24797204579500884,-0.5062514318555499,-0.34920495183770706,-0.7485153664825245
5.4211642301016205,-3.6951864368006415,15.544177050527656,-0.6041318547243542,-0.10169289316349772,-0.7888452617942876,0.049055178442764545
7.188944114376056,-10.25324395754293,16.209163571134887,0.5444148701852644,0.7780464482317566,0.10528001248585081,0.29524954273646153
-0.8362965558318951,-6.218378416971748,15.843531224242726,0.4058198663954038,-0.6408085995936504,-0.5558906410093971,0.3400884737297091
-11.224758589622368,-4.563009437822994,13.529298134572832,0.7239546731047237,0.28062937970181523,0.13934167300555686,0.6145898475422612
2.228655351622244,6.712554596882136,17.411155110730896,0.26923644526185836,-0.2237837046614826,-0.5103287339572217,0.7854916761929178
-1.0202053252673249,-6.135520447533382,14.771443132215232,0.055442144709041706,0.9920576160375203,0.04520711533528889,0.10346096739870514
1.1602157855644766,-4.5010394274842795,14.074160715447507,0.6436414182062854,-0.563005036403073,-0.21371898029314482,0.47230842806013396
-1.1659059385805666,0.9578684574547545,15.6380249159433,0.6901239307462078,-0.20292057834453162,-0.22030694246877264,0.6587997041558113
2.3340251580756792,-0.019224370012212333,16.808368302164332,0.35909746815409416,0.32164049975728737,-0.19834366599665004,0.8533792752582002
11.906027004291364,-6.203829672618415,15.898265676365524,0.6758612548823962,-0.4955435268789902,0.2578445051324462,0.48079557848437837
-12.443065574220878,3.706134640058375,14.945929897600411,0.16071999449648527,-0.6913782820597562,-0.677250141188932,0.19364245589415935
11.105491417897936,6.1277120441642055,14.702364600477605,-0.3803442625392628,-0.573622184609771,-0.5414748840656888,-0.482805117208825
-3.8219935328830346,-6.709367754856441,17.766564698742133,0.5896564382394034,-0.3886162833577547,-0.41901970063592997,0.5707058433475182
-10.094027213967747,-4.518266293596369,12.673822912053547,-0.13598654023728102,-0.6475835613994392,-0.7175316123157834,-0.21746626682551398
10.964188038421376,-7.945531850802228,15.660205863713392,0.5893422137125269,-0.673701493468072,-0.1817548902251853,0.4071451985650065
-7.76106364062319,-7.379642363794909,13.95430293876295,0.22768205752513823,-0.6646903109478942,-0.6610658679830683,0.2633241147348717
-13.232953939134042,4.777328753438249,17.738283456808666,0.3551748266760295,-0.7913302131433692,-0.4836831404804811,0.11703826672102245
-14.643428189066267,7.240797194138798,16.587225416740957,0.6246020459815886,0.28909592331721845,0.3952432269158287,0.6083408771849388
-2.5295700306104756,7.818176546795124,12.947270199094177,0.2391304617086235,-0.5322003238666589,-0.6109326908636988,-0.5351081057069534
-4.750315198090828,3.184083948451679,15.245373375348162,0.34970774520368153,-0.570561239727738,-0.7276077197455809,-0.15083557548383403
-3.0173077302004785,9.23285335260318,15.168054993394186,0.6067324369281801,-0.5766746220383379,-0.20004939465787935,0.5092174093382393
-5.184940079629792,-1.4760046393256054,13.002132267785019,0.10911225537388858,-0.47856710370343725,-0.38815287303286006,-0.7800034552080284
-13.547667537039617,-1.4285717137898715,15.1072806337939,0.15872059858840204,0.013632071213068822,-0.9041702261708536,0.3963560776931879
-8.491589737481432,-6.39612253097248,13.178789883898435,0.21371898029314482,-0.6436414182062855,-0.721473755508937,0.13973382676965093
-2.158854304344379,0.10426666756566227,14.109721598922278,0.3247152255305624,0.3563195546520486,-0.11099107949243212,0.8690669580385085
-11.848700128039653,-8.49696392011627,16.315485944665063,0.40792868597188736,-0.605754191862873,-0.5093428768125868,0.45522069377619967
-11.931055297321906,-3.4276454877228915,14.346424525903313,0.2162259784536813,-0.3021024176582336,-0.5349486016444669,0.7588217505352806
-9.171794732836517,4.438942845419032,12.05482778792859,0.14010695616508634,-0.5570207302033466,0.025111509892814347,0.818209850239404
-6.73748444897996,3.8224089110237838,14.427923141027982,0.37567366676741776,-0.6519735259373914,-0.5447257146656563,0.3702346733576952
-0.3761725937570777,-2.8111099957508596,16.913844080033154,0.3377778473543927,-0.06054026143726221,-0.7333066971831683,0.5869431748031956
-10.076386447690293,4.795848090564597,15.040481227705804,0.3694549765791511,0.38265632045677694,0.771201638047225,0.3497501882324824
4.818651051373493,4.955379991558523,18.337253177163085,0.4239457667649446,-0.19372804947352207,0.060862309566927134,0.8826297122595904
-9.296217685539222,2.681233233245342,12.886129226229368,0.8235674617411562,-0.04966231590683973,0.42491470285059774,0.37244836640987833
-2.9050542533640122,-3.6036870632858635,16.650259670572233,0.6879470688695865,-0.3766940160057183,0.3766940160057182,0.49288139247156826
4.058095281813758,-4.847283149053212,13.935610171666664,0.661934181933804,0.291745374369208,0.26577904353537807,0.6372513439289212
-2.1070331098191506,-2.127306248502828,16.898524375862163,0.255076664624844,0.9444878841467599,-0.0023626165554716874,0.20705784193518037
-12.636323179969654,2.4843506476629234,18.145111596637232,0.47570861264419145,-0.8258192905021547,-0.23795830550909378,0.1873490329035557
6.3207692119688765,0.3584218814045901,16.856199289697678,0.19820994091219007,-0.5925657960255086,-0.7655318970839471,0.1534259145362839
-11.844843840320035,9.41656666761358,14.59854496211337,-0.2670942166099025,-0.6360011786993934,-0.4675061553696128,0.5528120610461098
7.413359186804076,0.23307533700384298,17.485319800206607,0.3885568316736428,0.7425465719014641,0.42655277366272376,0.3401483623329109
10.405292310726416,2.9473856951130717,12.404887856152447,0.4973417480643515,0.1886107763011317,0.8026284915010323,0.2699345574878411
-10.34727756290371,7.456699086167292,12.21674286154951,0.19223318283682944,-0.7604051253622595,-0.38272788936809843,-0.4882108268351582
-6.883769239121422,-7.9915308404993635,18.235246527302934,-0.1557829745505869,-0.7431064970239618,-0.5622741566895348,-0.3276769318093969
0.31853810035513597,5.794610071215724,12.973205417710714,0.03107516696342505,-0.5309963966947571,-0.812973155543874,-0.2369637294195366
-12.473150644532948,1.1991721828202628,15.73602219871277,0.31867684994234086,0.8364466584759123,0.12729517952022462,0.4273148606194519
2.095570151993062,3.343148115552511,13.197363488164227,0.04969078599787288,-0.5295787619339867,-0.595821364630184,-0.6017259028375004
5.816438117000585,-8.333037525481522,14.180065495421342,0.7284215151469092,-0.47090844121650544,-0.18893168236738833,0.4603826187639477
-10.609125274184114,-4.768238231252723,13.959549834156261,0.3359861095731318,0.2874553910144134,-0.6015967769257459,0.6652548762265608
3.0575264576037995,7.544208485708216,12.145189917961869,0.15909176044351925,-0.6592722423453925,-0.6986312371296522,-0.22795683086617885
6.3766177454075805,5.1600060185851255,12.293681636324248,0.5734182012635051,-0.10775958843872177,-0.03306991838274442,0.8114713907818328
-1.4929563251298852,-4.6042236028482355,13.886837127650937,0.5676766188651243,-0.44834750035219784,0.3288850663633115,0.6070933935112429
-10.108572115773484,-1.4087455642687683,15.875089557512503,0.9253959807888625,-0.18762619347187914,-0.18762619347187875,0.27061984736217165
16.57912247775599,-1.270136850788873,18.364488323365272,0.18034266500247328,-0.5898286300339642,-0.7682690630754908,0.17129319044600094
9.258382027763236,5.806865602373668,13.097191294203688,0.5534242807226775,-0.03453979464973869,-0.24277071092467478,0.795984264925676
-13.096040795632451,5.348886637375054,17.033742075881403,0.23551799483651872,-0.4243221287473754,0.4243221287473754,0.7644820051634812
-4.200081639894914,3.4619747633619937,12.264245997966373,0.5671305497605773,0.09091200454494659,0.1893019077852261,0.7964061367586005
9.43523673099179,-5.509050265661764,17.14673441240814,0.6812164869897614,0.5848051719394753,0.2868606318764428,0.3341526396807551
-9.42703416394128,-5.156040738480252,16.073297583851847,0.4398289088221998,-0.04547305370888146,-0.8966522138824063,0.022305597737824374
-9.203570392780787,-2.6466531333800614,18.339485482495537,0.9168618479037497,-0.35590495464750227,-0.17600426566303007,0.04145495850074069
2.6107269703417977,2.371787368219458,17.0669884710953,0.04909718520647715,-0.48281203510405535,0.08845617999073685,0.8698606264137534
8.651111124033505,10.098510658123898,15.809187725320319,0.12639769151926672,-0.5446895965990908,-0.590965038013997,0.5814612547542909
-7.169080116344655,-0.5372439103725153,16.153235124307344,0.8418291162419264,0.04673462869400362,0.3464230520229431,0.4112550091552436
2.0797436687238484,-0.48426937290424554,15.229343246627913,-0.190134259526027,-0.7142785784424122,-0.6222025442621939,0.2579129109727326
-10.711550695727363,6.137319665810512,13.653850136168396,0.29019078464136766,-0.7086148177702978,-0.6030132202898406,-0.22367253899679146
-7.541435809781742,5.105682340384131,17.434594153305245,0.19206682027182445,-0.2932351422592566,-0.060261353623656526,0.9346079697682387
-1.8974861178483096,-5.7941596089585605,12.81973261017799,0.6023378280282192,0.3545757394778438,0.45098705452813004,0.5550458202239069
2.9700692999120157,-5.483032841261552,16.551309575270103,0.5442395817518967,-0.44435977140309335,-0.4765243984653086,0.5284620789426497
12.063390081685096,-9.033440735638472,18.457558126005694,-0.9147051309318612,-0.31893790142925615,-0.23425591387167657,-0.08195916846194967
0.12783662692805464,-3.7061386773495197,17.286373890358394,-0.5685574452780167,-0.23908935787038393,-0.784314536993996,0.06655386864755533
6.926399265962573,9.423167752669874,18.108457665786872,0.12164216581854219,0.46980972566720364,0.8464349530476623,0.21915719340848305
0.2370360251122925,-8.287712643579825,15.34282988951562,0.3725002099327507,-0.21137130241306165,0.44907032415960535,0.7841566234340238
9.169197227608205,3.4643067590590046,17.44320442653852,0.9265325558402165,0.26412453074526493,-0.018796055585648494,0.26724962772885447
-10.901038704185458,-1.9419977631037586,15.218392983053192,0.27914107747269706,-0.4604145791808898,-0.7764083774196303,0.3275495468134289
3.394997444268178,-4.771571973932248,17.04517836109227,0.13696185997096647,0.36980804395719963,0.8617546472000862,0.31915887511848695
1.775680349595433,-4.854094906157264,12.239405760465162,-0.33022081328633346,-0.5010516464017666,-0.3845860239199407,-0.701423589791534
-4.632067435344091,-5.721097392483213,17.995313162909447,0.08759616212125843,-0.711141832629717,-0.6328277196089139,-0.2934847245773713
2.5317075260591757,-0.06036281661801013,18.117042070261483,0.3186372201769241,0.5799371776653133,0.6860844812639236,0.3023760513802742
7.673324370186755,-3.5973522005339698,14.817501946110065,0.7016553132357725,-0.6669731100129161,0.181671147481835,0.17269130290880988
-5.517402641682596,-6.573791300187045,15.711230417647672,0.4227232297183794,0.06884260991711116,0.44907032415960535,0.7841566234340238
-4.446411697038844,-1.071857462575089,15.230409994519015,0.6166874202399706,-0.3801352580415361,-0.6476763808263938,-0.2360277886840624
12.450673730984505,0.739324403027231,15.262772116696924,0.09296941977886153,0.03989632012773337,0.39233254275221946,0.9142429362723152
9.259722401248817,3.4572090206466797,15.101524081451359,-0.0039843180886598994,-0.8158878066596915,-0.5743571869938456,-0.06652092830021605
-0.998825167160108,-5.0891544067098184,12.683338065186769,0.8725570021581284,-0.2594792282830621,-0.004888869242612781,0.41387305666348295
-1.8986362406128983,-3.2036490284469084,15.3758628342088,0.15450489212378032,-0.2722995696578305,0.16141528023974774,0.9359093385467969
-2.603371042422113,-6.794005525041795,16.269736079760314,0.6187175116247644,-0.6078990907599198,-0.2777385795617875,0.4129268914531031
-0.15807984497938676,-8.295568827594172,16.159864646622406,0.4158283647445852,-0.4663777164162143,-0.6429871091462483,0.4428839285591569
9.262128652138925,6.701683971568322,13.558001069983252,0.6835266353077698,-0.11651654257157254,-0.6175958960471319,0.37120148614700643
13.437809486093862,10.007562268704264,17.18520097178046,0.6649865200050674,-0.19641205176756438,-0.22681546904573965,0.6839371148969524
-6.494551698762606,-0.26254353762515237,17.03001855238933,0.9654477003911759,-0.07948332737475233,-0.15821569437179164,0.19120913297559886
-0.049010460177667525,0.7827072479727111,13.336547097520377,0.430155706465858,0.26817580710588973,0.6174618632158179,0.6014886966120095
-8.575727061447154,6.211040214239244,14.596996810835929,0.6524715779016399,-0.010808285202424592,0.010808285202424606,0.7576590275133729
-9.25353316898475,-3.5308457759357523,14.615806364870082,0.2218788361211,0.7253242084446824,-0.12585495172884295,0.6394021472054754
3.4553682205779843,-3.8796035346438056,12.504087800588838,0.6691125029852564,0.6172306297279477,-0.16770592774937967,0.37840392422934227
15.171169896011758,-2.9472637477045662,17.29965239528147,0.3969234793102151,0.10364821777505207,-0.2336553170722404,0.8815406918164356
-14.539230320614509,-1.0299700584156426,17.34980773087943,0.2540527952170352,-0.8097248007942133,0.15835231807199104,0.5047053274757557
14.273773572313715,1.8900423857852644,18.05639664747392,0.8656340256777237,0.043299421458814186,-0.17868273752605002,0.46569880072908315
9.03160232429578,-2.252052725159354,15.777822140352004,0.028107982862577652,-0.6499976800199021,-0.7367064624703328,0.18432727802088922
6.9323174547800885,4.386948090235142,13.157043264635835,0.1143179859788041,-0.7759516411107859,-0.3313727662118384,-0.5244259133112538
10.821931010730784,2.8566971647692974,14.282247775191344,0.919877251525737,0.11243536304401211,-0.2357321968046494,0.2925994918865577
-7.655345302514142,-0.5056715195560102,16.903449308762234,-0.3990654174723623,-0.6459275452066289,-0.6459275452066288,-0.07938517030457365
-7.541565940755899,-3.657898948825702,16.96123610317827,0.1552770337369829,-0.7047514000333868,-0.5087355718823526,-0.46947057931925923
-4.3226394791653,-9.755187426521413,17.974391589088004,0.6913782820597563,0.1607199944964851,0.261421107340865,0.6540826852178749
9.218154447605027,-4.177364208477789,16.2353667676692,0.16286489339353188,-0.6490844797366595,-0.6490844797366595,-0.36173706311337994
9.336124376680118,-9.774360895450426,17.878555048867682,0.8359931451004595,-0.042347739832371195,0.1799011050295853,0.5166795164173494
-2.8260686517613376,8.430874258886156,15.565235509080045,0.40071086793975785,0.051034175840910384,0.6650518910408112,0.6281180585162685
5.3269673617333915,-2.8096496612513553,12.88827779053324,0.4332709833762846,0.08828093006694643,-0.8488536032046342,0.28970725340793885
-8.239738908150581,-8.28268741438635,13.480561719238473,0.38980827129284146,-0.9083606881804773,0.05971643068572678,0.13915573903412118
-0.5476742576374996,-5.299637006961967,16.48676007736467,-0.10630429902465147,-0.6607079773576023,-0.45382812420519925,-0.5883913649479346
6.135480181019458,-6.935155749020133,13.261584814028641,0.32232637838700723,-0.28202826042730733,0.28202826042730733,0.858502082954147
4.94550764043133,-4.724419089903593,12.094872798628336,-0.2371277818313614,-0.3260959248444829,-0.6257843481734218,-0.6677018889180444
-9.940010995997536,-3.0302880922366375,16.321490336819334,0.16504592030355741,-0.22476235098928413,-0.9545505254895222,-0.10523794019553216
-6.7332595571364,-2.792097866409435,16.633031897395032,0.819709997216225,-0.028934260278526337,-0.5705349964373126,0.04157098611035043
-1.924170829877708,-6.463465343787311,12.626152666848235,-0.07486995398228417,-0.7807458237169526,-0.6203353071415887,0.003815160911326637
-5.378256930306323,6.41220987073349,14.905648142157983,0.2970483944851758,0.5810320389894625,0.6849896199397744,0.32396487707202215
-6.188707890058848,1.1055113705401496,12.764102940353458,0.5781401567030188,0.07857812448872399,0.7772778272462043,0.23541159026408015
6.008054579233743,0.578601649614356,17.79105289141507,-0.1883126136902293,-0.7285818031328022,-0.6581223393574329,-0.024122647193237756
-4.601873553120997,6.0935293810806055,17.29857001601663,0.737982920086462,-0.5459828165526569,-0.20427153770181433,0.33993692440631235
-5.399592522755734,8.745251750276148,15.065252799610926,0.8440319953365886,0.13732784529716052,-0.38265632045677694,0.3497501882324824
0.04429666835382662,-6.631206306838738,16.46646588860506,-0.5048262400550946,-0.5633755948433516,-0.5633755948433519,0.33221430676843966
6.356090704022813,2.8798870706056743,14.758153557970171,-0.06444977815473887,-0.28057443043470626,-0.6867918505262568,0.6674137915362293
5.558878727287329,4.144531770092822,17.54498650104758,0.4965380130242808,-0.831779335607149,-0.10199116110691082,0.2262541525251917
7.41175611312441,0.8499933255828829,14.56679388896325,0.5314158484004162,-0.631131448851083,0.02280428410378893,0.5645797153339042
11.562050787476005,3.5851663657501955,13.20224986661685,0.2831307522487093,-0.9364605946152983,-0.20667242011505987,0.012846891749619949
-9.35225553751949,-4.5113276443273715,14.7156360030834,0.7142176953384338,-0.057348734944919044,-0.08567896223538307,0.6922884671117534
-0.33831598669989305,3.466136756571508,14.74103172168772,0.7372391273069314,-0.24360149143571982,0.3704162237641809,0.5098319367304206
13.182077970357625,4.495632021853359,16.851203136988932,-0.12168082998866908,-0.7200956390726594,-0.6557444784162064,0.19145554373917772
10.323381122571494,4.036341842592671,13.44939644517975,-0.4443597714030935,-0.5442395817518966,-0.6463079334337172,-0.2977141689502687
-0.8493769700804741,-5.998006515444019,16.93526344432841,-0.09440206695542848,-0.32992006179194727,-0.8499042275458848,0.39987974014867794
0.487523011028987,-5.424691532548599,14.97728149164306,0.40119164202106444,-0.23728850937871865,0.2372885093787187,0.8523107373523422
-11.656323354407377,-10.123340540282031,18.32738073525672,0.02199961462819311,-0.7888452617942876,-0.6122358690642534,0.04905517844276498
-6.90316266769986,-5.930833096859277,17.163900581133337,0.21372414603813022,0.4357063050229944,0.7849923611329224,0.3850571361842818
-11.783082460412738,5.977082787983971,13.684455248892903,0.02312461604133592,-0.6384428419653028,-0.6778018367495626,-0.3639239752683621
11.284511221075043,-5.597752008682358,13.357738590062128,0.20665046307516072,0.44522751838885133,0.8297858352349994,0.2655626303218911
-13.939300693154195,4.791888369624921,18.214479792531435,-0.1530803996292413,-0.6343519293324681,-0.7307632443827543,-0.20037240743355367
-6.509668991959079,2.789631648628939,15.334816861020208,-0.1690621390565017,-0.5377719227415991,-0.6160860357624023,-0.5501430257551315
8.805417696925097,-1.3706738320219873,17.490251869847928,0.8708586575656552,-0.06877668259860721,-0.06877668259860709,0.48181400395215396
6.31517174468553,9.254099906099961,14.6148786267544,0.3118204354508143,0.14327251464786964,-0.26656934840850705,0.9006563079614806
-3.933563909371969,7.763992509206242,15.990251880280233,0.7637167556867345,-0.26185741039806854,-0.2870984237677435,0.5155016088946994
5.897822784606809,-4.740301213424391,12.75662843129052,0.7673535429197447,-0.16229014581695134,-0.6068690207158983,0.12860964362968655
2.2299948410998525,-3.8518635489635695,13.268653368374512,0.2641245307452654,-0.16809833308101063,-0.9265325558402164,-0.20861113499086212
-13.20877512569815,-12.077868791976247,18.28979789435933,-0.508818622300183,-0.14844626572466535,-0.8355986343554551,0.14436841086693566
4.8221716100752445,6.234490473170382,18.186127458378774,0.42034396805455804,-0.5460002713860891,-0.571966602219919,0.4450268060594408
6.820084024808583,-4.357645297870241,17.625530436948246,0.6490844797366595,-0.25927620844381793,-0.16286489339353183,0.6963764875409719
2.773179554001775,-0.4528064762708208,12.838024479316925,0.8307514847305905,-0.15981739367013756,0.4879306460872588,0.21502105921810155
4.145414965851515,9.41634441171497,18.30647356807199,0.5171339599328744,-0.681044355185452,-0.3044191278049934,0.41961893234293357
-0.7781647311616862,-3.3489365087124767,13.55108219109906,0.41811644858062036,-0.6095273248128859,-0.5055697438625739,0.4450329311674668
-9.98845496721478,-5.182953020806615,12.822191420980428,0.48091612622743973,-0.5363744563989877,-0.5787226122764725,0.38223325352064774
8.654672435386903,6.644401109772037,12.147326744142505,0.5257962551309244,-0.35839360440427115,-0.3224276472609525,0.700808629152194
0.6705527725283709,6.60570593261348,15.654660250591032,0.24783199760701136,0.7683018949937098,0.4685210616068104,0.3588586266791148
12.21588494212362,-5.0947942267684905,15.686945260965953,0.2786772084404534,0.36100116340922217,-0.24567978754679398,0.8553704551268917
-8.642355287356652,-0.9415677056628251,13.98654351627353,0.6259467590292066,-0.32696786647743603,-0.3591324935396513,0.6101692562199595
-11.293330801796504,0.2676680633400199,15.162539707896489,0.5536218238791127,0.40890958028369384,0.5096106931280737,0.5163262270372314
-4.824940615853947,7.77616707592817,18.383629525629562,0.9299637824876053,-0.08234387004754799,-0.34988499283240515,0.07724857356357179
-5.412204065432866,4.823090855195696,12.741437599365675,0.8037710274278504,-0.33960529814069335,0.07523720061501837,0.4826590313937609
9.846896048538285,-1.7319270123477573,15.518896190165403,0.27447791708290575,-0.04919495162013976,0.5148615692344749,0.8106536216500458
4.914986657454373,-1.5905276849343855,14.148102391911308,-0.3288850663633117,-0.6290226217379231,-0.5676766188651241,-0.4170232737618015
0.8962698227780432,4.375237934015649,15.50899762217577,0.6682405613523031,-0.19481586828320094,-0.22841165253010326,0.6806830735497165
2.637336876349746,-5.285303172419992,13.17876610558126,0.09841983125806955,0.9444878841467599,0.23533640519107207,0.20705784193518037
0.6756559795405757,-7.614810646293213,15.922062415546499,0.03248728159088051,-0.4018864437266766,-0.9097415943334614,-0.0990055272354565
-8.509006201212097,-3.7162541206212163,13.650970302457244,-0.18749470535009513,-0.5875413350990991,-0.6622310051550764,-0.4255478948684229
-8.54508159365705,-0.8900986928602244,12.03686748007675,0.42114344032409395,0.7575191806031557,0.3006958755429493,0.39797598435303694
-3.0156327059201296,8.14984521868125,14.350253878813167,0.61841147830026,0.1435051885591686,-0.1435051885591686,0.7591967895214531
9.188809223171695,-5.699791202450946,17.804115975401572,0.4063252156656865,-0.37732115103992314,-0.40966266521841593,0.7243652868672582
12.61716351106212,4.30934117034994,17.65728232917439,0.7203445148249952,0.07687632047697289,0.06615137670332932,0.686161647625192
-0.5557843090062722,3.3739033828018687,15.439642070809704,0.5301295742485667,0.4772399770576522,0.44364419281074985,0.54257208644598
-9.349881358912366,10.617753878534481,16.390759633027088,0.2953826703869498,0.7180614844823997,0.5414520917523655,0.32243823420152146
-7.797534821019946,-4.749399368008356,16.918063657969512,0.48281203510405535,0.04909718520647715,0.08845617999073685,0.8698606264137534
-3.961245290666957,6.900313961081485,16.419723061360607,-0.1873970935344833,-0.7357702973169551,-0.6400698201719108,0.11762237978397427
-4.716103096443564,-5.282125321533602,12.915514943705414,0.5842128063348386,-0.5305244829538588,-0.5305244829538589,-0.3094881950696244
0.6441869828906306,8.67825853668317,17.097662883083807,0.2382608490495633,-0.2850461582329835,-0.8686841956216511,0.3276709077168174
-12.565559776233703,8.913207080879664,17.761513525015523,-0.8355227875582815,-0.380286336568844,-0.3802863365688439,0.11254455077405824
-6.141550015840895,1.3471391920924933,16.424827853984233,0.412511174058963,0.5645190274982625,0.33281709013142696,0.6327602890395082
-6.505057243316313,-2.334032108042588,14.025053220336025,0.44452608397007976,-0.6893172213315975,-0.49202245004006,0.29180856344954637
4.298048551624067,-9.787829763507283,17.02951440959079,0.9364605946152984,0.2831307522487092,-0.17696818765559377,0.1075211254672162
12.92076735940051,-3.9416527572846176,17.073888739739637,-0.6174618632158179,-0.48364284212094205,-0.4301557064658581,-0.44698603662092945
11.46623725243687,0.6797789772076435,16.042637147195258,0.2546296109901471,0.2300494699521516,0.01527900520746462,0.9391525725789245
8.638245519221893,-6.791671470029983,16.894298509687992,0.6103493330779584,-0.17464302805496398,-0.4939129679179565,0.5941577942647557
11.167276433178545,1.5479594574283517,12.782209593248446,0.5983496203015236,-0.04556610334921107,0.3192613500772719,0.7334668720926862
-3.0739513242311904,1.137410802868068,18.21123727928193,0.3924682787386634,-0.5344699999598745,-0.7153023402943014,0.22057432147985348
1.556849419427241,6.131747088201328,16.16616464656736,-0.4431009833227729,-0.5408407526337857,-0.6959822039667344,-0.16358964096335332
5.27520156350613,8.988577491526438,16.468453392358544,0.7343372590389907,0.21701253752146965,0.06538547647036808,0.6398273892327039
5.268690384814146,1.198968128705694,18.351440816549054,0.5501439627763807,-0.39660017396471275,-0.6785769328138297,0.28210506639341904
-14.198491403446457,-2.5127655439762417,16.13061710868002,0.22030694246877242,-0.6901239307462075,-0.33768770812172194,-0.6009665740246816
3.1152344346410796,-5.534360389594623,14.688729002101717,-0.08995034449223589,-0.11031537798815962,-0.11031537798815913,-0.9836513458966986
-2.1780970760900953,10.091760165996007,18.359277005112176,-0.8165442592252188,-0.3076281778120959,-0.42648426080660856,-0.23818386222955729
-9.099727889434725,4.964491497449078,16.39125228160299,0.006464983237226385,-0.8072587595564075,-0.5544633765178738,0.20214317503094537
-13.026822129969796,5.979426988370264,16.944178710829515,0.5814113208309242,0.34915749136711915,0.45640530263885404,0.5759723274212016
-3.28656700207061,-3.2406390724441643,15.193911131559071,0.04145957051931767,-0.575503939319251,-0.7581271035198557,0.30384143027074445
-7.059574491534841,-3.244628584829032,17.431398881119378,0.5469979169264545,0.3300564939550675,0.5766746220383379,0.5092174093382393
-7.818645011663087,-7.084437775358658,12.58606726401489,0.10199116110691091,-0.49653801302428086,-0.8613654664507637,-0.033126090684251736
9.828845985728165,-8.969841243859705,16.189477192121373,0.07861481212311736,-0.8515096344497055,-0.24267137883971876,0.45810659856217545
2.3041783525802995,7.037875052717924,15.46199290151974,0.7146657599920754,-0.05146499032619867,0.32516023705425995,0.6171507324021346
9.784747435608608,1.251802521638675,16.39708981678698,-0.6671390181951884,-0.2823680560723822,-0.27515636183220465,-0.6320465076675362
5.3197859247366495,-3.988516112731297,18.01111749950485,-0.7139788997274639,-0.5821232539019385,-0.3492770699157055,-0.1713831276458644
-13.84608079171895,-10.990467110656999,18.138458814039538,0.7443174484469084,0.14989041669344969,-0.14989041669344969,0.6332908193748049
-2.8665628852736393,0.4001537369849508,13.817175488576307,0.22841165253010295,-0.6682405613523031,-0.6575156175786595,0.26259451972990605
2.13582420771991,-8.976814577057748,17.70451435662784,0.22098197863901917,-0.5399884513186745,-0.03306991838274442,0.8114713907818328
7.114974863230493,2.9927820888382044,16.759250178573513,0.08000145437436208,-0.7867185223619355,0.0619257351328155,0.6089654647013244
9.76439879141418,-0.2662847445007426,17.318659522896283,0.22344142458191524,-0.8434770612402306,-0.33562191063344565,0.3549342334082519
-0.4353285786280079,7.855696267937276,14.017966016777379,0.4440652591649733,-0.2893764499917012,-0.4976073662666374,0.6866252433679719
10.618298602959902,8.394704998247054,15.105391377048203,0.7735573295327994,-0.5414520917523656,-0.06687507299492804,0.3224382342015215
-10.030718196749907,-9.878109558524518,16.864966281462262,0.36386522835166085,-0.5416992473643163,-0.5416992473643161,-0.529835773052802
-11.76106753304548,6.635513489667204,17.945477772811902,0.44323401801670126,-0.24595894087186032,-0.8613654664507637,-0.03312609068425178
0.05616340668648334,-6.571481458582073,14.723711470461005,0.642317895404207,-0.1795404316681459,-0.4890155643047748,0.5621892319385072
-10.310343430976587,0.7484131498051365,13.248122030804737,0.5094126732557133,-0.5592319034530598,-0.4628205884027736,0.462120665451401
8.975258790337755,2.4108892251357243,15.182705269297601,-0.4788688822556806,-0.6659176109409366,-0.3821012117487276,0.4257193829579117
9.810137227686376,10.488710533045316,17.363298808861316,0.34785294623801555,-0.8125565302761142,-0.043299421458814186,0.4656988007290832
-4.32824838747573,5.529939048614075,15.469944590849401,0.7908409966074278,-0.20064721760234838,-0.07956669472782398,0.57269568991175
-6.839308497033697,6.948591318068825,13.220102712059058,0.5546824127812311,0.07064385334812909,-0.34002126945685285,0.7561232725239118
-10.960208499460157,-5.642737745610968,16.260960595690477,-0.1192336686935261,-0.910219401331347,-0.10564749893727386,0.3822598326507578
-6.108039127725064,1.9070459898192667,16.486612216474022,-0.11112442243097825,-0.5201674749962766,-0.38836200834810874,-0.7524972499399604
11.56185906355935,-2.5793319195747566,15.357888523891903,0.6337201209197811,-0.3343569979464232,-0.35174336207066415,0.6023958943293848
-1.6581341840745623,-3.6591442794205955,12.33731643178644,-0.07523720061501829,-0.5720690900610151,-0.8037710274278506,0.14501191436552696
8.833230409990886,7.81266045157664,12.56922741320257,0.10647967245898024,0.17083083311543315,0.8312724596881002,0.5181360859602534
-7.939645123165732,-6.961917384512651,18.289389802690252,0.8535171778058271,-0.26701403662163953,-0.44691472560611156,-0.021889711597181935
9.557924078225206,-2.848026658121144,15.141233345989663,0.04399469081008688,-0.8827877742024697,-0.4399792436352682,0.1586457628470163
-6.2098895751605445,3.2273199449382926,13.45114863371192,0.750953947361778,-0.11199897330250852,0.11199897330250846,0.6410777089402904
-1.9797742140021555,0.5964168260358083,13.862964538179892,0.4118487236529347,-0.7420092348510668,0.25670727231998586,0.46249789249164736
3.779842443454699,6.679937052057948,12.796575255970662,-0.09630357300045914,-0.7792316408447351,-0.5966084766441305,0.16607828675096759
5.297318335686015,2.6020991069976063,14.785883388096595,0.7438949566544857,-0.2511904093118484,0.11363704411463454,0.6087777048633232
-10.569989860701938,-9.25110599541828,18.033673867914164,0.6248861701270877,0.4312689131655011,0.11199897330250846,0.6410777089402904
-13.183856329910006,-9.723314442058157,15.70064128719726,-0.06108452712073202,-0.3664535783146868,-0.5349486016444671,0.7588217505352804
5.787440300900599,7.376433451060969,12.894153754848064,0.11713718585897939,-0.5169251047261035,-0.8167059381130031,0.22816381493108284
5.445546147379439,-2.7952785139673493,14.424093932559346,0.4589706226154124,-0.7352163449527702,-0.08128061199789835,0.49213448954890027
-5.589851726150708,6.433570529354306,14.69517560429174,0.1447914556121604,-0.5952748749900022,-0.7628228181194535,0.20684439983631375
3.921164111558145,-5.698871643468166,17.844292138396668,-0.6673747695501865,-0.5540429412109796,-0.46936095365340014,0.16537119291972502
2.2775237090882925,-8.100083852217752,12.941579836032929,-0.5432737375881632,-0.7592541048424095,-0.3313024654821889,-0.13647537027743117
-8.993855437049131,9.572341268960297,17.337168864650437,0.6325013293314611,-0.284124680839115,-0.2733997370654715,0.6666841965312642
-1.9332364941266498,2.651444396578597,12.55005872860267,-0.7076521758095783,-0.5468239814003912,-0.3248418224155274,-0.3077169508609376
6.56032377390159,-7.811436154095373,14.296262796270293,0.7342624469836779,-0.35573507951302097,-0.19322075465278996,0.5449559175977561
3.555357693261559,-5.6450043785559245,17.883504152297895,0.29660347176731255,-0.6244068512142106,-0.6448730309684438,0.32600803459716277
9.603874838685687,-7.9271583432481,18.1648908539692,0.3661078166343452,-0.39479917990564095,-0.6945800132925404,0.4771344457064486
-6.467571409695504,-5.657474979416402,16.36471272743365,0.09304278559964216,0.9396299004314344,0.12931009948831473,0.3028491182641851
5.4299127170459105,0.06456120653825437,14.48369693453278,0.5768733797572875,-0.4335926622794478,-0.6918074642847232,-0.02483826291766056
-1.5561161045553398,-6.364300693435809,16.497243711312883,0.1807462698016326,-0.5071805514880567,-0.8264504913510493,0.16455473098842982
12.550572854014145,-1.1334378707647907,18.106343081482294,-0.3493498513787401,-0.5300765765232112,-0.7617785138900466,-0.12910073639819486
-5.937269239684765,-5.928584791376236,16.773776890394082,-0.37465258998654666,-0.2600351193653437,-0.8667160703213598,0.2020406566998919
10.896463427845928,-9.212708354201473,15.419687994222429,0.34041062583261184,0.5239675649465416,-0.043354391225215366,0.7795505073218368
-6.596506310293815,-6.109442420448075,17.895602950987772,-0.6519735259373912,-0.6585942530983311,-0.37567366676741815,0.007309402173971163
9.932490301691777,-7.121246489508303,13.413442468339735,0.6030132202898406,0.2901907846413676,0.3941483655916797,0.6299297028766869
12.908263986580277,2.266752016278529,15.255219355843954,0.3618537702752504,-0.2938067719578952,-0.8816677569509559,0.0734941905346143
-0.1730356628969325,5.992844856928761,16.676983835036406,0.08424751166489065,-0.11472969917687642,-0.97990118974435,-0.13976090741929298
-2.8404128686021437,-7.192011082156906,16.095354880667447,0.31948418180652693,0.48047220287446035,0.1431686680271678,0.8041013943127472
6.419541390117944,0.5310198804219262,14.813642059402714,0.2856551696760197,-0.03573386286590395,-0.5557180286198414,0.779936976780126
9.475896321068685,4.814758568980816,15.374331002977874,0.5363744563989877,0.48091612622743984,0.32050560965207614,0.6150595712925986
6.805625729766021,-4.894094569956963,17.932374744007248,0.423955474941729,0.24737362892355,0.529350387772667,0.6919943713246905
-6.808935067118112,-1.7088842871535217,12.454113870378091,0.5964647029890562,0.46856726663579035,-0.4685672666357904,0.45290097302070986
1.553758627270204,-7.3310426832308,12.762858160193243,-0.2305231263322995,-0.4793557421483583,-0.5958213646301841,-0.6017259028375002
-9.196510961095491,-7.576258872840385,12.549630057973841,0.7889243937621792,-0.32992006179194727,-0.3299200617919473,0.39987974014867794
7.4612360815403935,-4.457211561825842,15.733385423485036,0.28236805607238186,-0.6671390181951886,0.13522979788465603,0.6759487503321085
2.1475610705977424,-5.392708840361347,12.074470993306392,0.3767241660903003,-0.37284257655292297,-0.6256379595914567,0.5724023578840192
-3.7599027986430205,10.408438857150234,16.372251404074955,0.31579567546875037,0.6519810427027549,0.6172988394798987,0.30681583089572523
-9.6965800263897,0.21550611525031016,13.316318829426429,0.860297389809545,0.15170179502302644,-0.4658431809343589,0.14094359599014766
-11.694954365808297,-0.42429918389715304,14.33153552967454,0.7485298607955576,0.21446878331275732,-0.2144687833127573,0.5896688303328181
7.668447372795239,-4.02561355380832,12.060164558424992,0.46483881590409115,-0.681655767150021,-0.034430299731700115,0.5639901105519349
11.158855591396042,3.5386011667515067,15.675616708989487,0.387484911917422,-0.4362063794548445,-0.7431064970239619,-0.32767693180939705
-7.466403608131829,8.877912014930526,16.070685608296678,0.7117115093637725,-0.11938266412807136,0.49463505107182926,0.4843043187872619
-3.126507769144159,-5.7223953109487535,12.209815372021051,0.09344966089366075,-0.6870603516044671,-0.710396336289248,0.12063282935759928
14.464521311065031,3.5889705111914214,17.163849730588584,0.783079906829074,0.09770716258113077,0.04422002692604676,0.6126040802341859
-13.403468026476697,-8.3246394382991,16.316784665896378,0.6375066768119252,-0.1824137267132415,0.041584219891775465,0.7473829152334128
-6.257612268299367,-3.336514210420467,12.809641326843337,0.5757315982891473,0.3071955496583515,0.37714360057469565,0.6572113248773802
-13.376834559143195,9.694984022317762,15.020375707961998,-0.11378925285860575,-0.6685821443188714,-0.5521165218370454,-0.48499202936380625
0.2846062448240154,-3.351026601239811,17.33967181923881,0.2877721863407547,-0.007934335927901756,-0.8182541368710212,0.4975785190052977
-8.178249914157817,-7.857468119264114,18.07125625217894,0.6066649579342148,-0.49843149687886934,-0.5767456098996725,0.22558407123558508
1.9744557219071286,4.289417485536605,12.59060616736624,0.28980658958283767,-0.07503612483815095,0.9236803823329022,0.23915742074412494
-10.507371953599991,9.347943719089065,14.5200453877286,0.6297567881173826,0.08020525828768188,-0.2195755750992175,0.740783417189486
-6.218723663023214,6.26328708746124,16.39083343471233,0.40381799199684243,-0.5980940748701775,-0.010233089877116602,0.6921775717374783
5.810012690652883,-3.627674722497357,15.183463181411584,0.7086148177702978,0.29019078464136766,0.12978026806600396,0.629929702876687
10.722715712625401,-1.648869634761133,12.28390842838994,-0.11199897330250846,-0.6248861701270876,-0.750953947361778,0.18177368705301689
-12.462706120479849,-7.490431199402137,14.026815879709355,-0.7971060616433641,-0.1933483836123151,-0.5672242895253725,0.0741278248591401
9.024923661192428,-3.411585400775226,16.109467613374907,0.45549598861296076,0.15788289038492964,-0.0224995743176942,0.8758368377938462
1.5397467832608456,-3.705157588583348,17.180772618368568,0.37567366676741776,0.5447257146656563,0.6519735259373914,0.3702346733576952
6.179262691289059,-5.133637280811596,13.181481857326869,0.22769607393775929,-0.682350568855633,-0.629277469204505,-0.29421431958233657
15.043513793031202,3.7345818884734427,17.716418023441594,0.35174336207066415,-0.3343569979464232,0.6337201209197811,0.6023958943293848
-4.855709223970656,7.5221520734533645,17.212190148706867,0.07680783137230035,-0.5010516464017667,-0.5010516464017667,-0.701423589791534
-3.9787997897707603,4.460488265823315,12.430358065053753,0.606664957934215,-0.5767456098996725,-0.49843149687886934,0.2255840712355852
8.6540602932437,0.6903532612323229,13.439932667391197,0.2716872505510341,-0.408800678702828,0.2979163892847453,0.8187269801195429
-6.106050100296644,-7.096113826703257,14.276046487649207,0.43997924363526814,0.043994690810086855,-0.8738076065738356,0.202343764530482
11.221990667294902,2.0939020387432805,15.367124743206936,-0.3464230520229432,-0.2966039371183145,-0.8418291162419262,0.28868826190262886
6.419554647129891,7.093988569952417,14.993019994044609,0.5660475072384161,-0.264597095307061,-0.4162241563581627,0.660557377044703
6.384249993857232,-3.190619589739187,17.3813504977309,0.568530189765265,0.2857990568792368,-0.2857990568792368,0.716527195226636
-0.13812803728452927,7.895708101741555,12.894135162594266,0.19138167042211615,-0.44597202946256526,0.3448037074751332,0.8034876529697789
-9.866589492965927,5.446294213258808,14.90606435309838,0.36780737154481463,-0.4899331381422832,-0.6194316874201797,0.49090492175892725
-10.781258654121489,-7.37865493036508,13.427718747641743,0.743798121193676,0.11426915261718068,0.4219162252800686,0.5056615612386688
12.048028992608664,-6.742801473844435,17.056899089979808,0.3885617923689444,0.7938951571913376,0.34175947742175034,0.3192971539046135
-5.625112325249335,-6.82750684606561,16.899713095876965,0.2807284068544751,-0.8947461220543758,0.10397038511667714,0.3313775756931879
-10.638706700528509,2.0261647182380624,12.594037570701609,0.590965038013997,0.12639769151926677,-0.12639769151926675,0.7866432298077158
9.177244728924018,1.5126861919178403,12.887141891534089,0.15799689911937032,-0.6808610680371405,-0.7130083685812227,0.0555360444498082
1.5358174074169053,2.087767605844384,13.217201129497903,-0.04966231590683945,-0.8235674617411562,-0.5522726557477099,0.11943702965734873
10.848737526022923,-4.750378950997521,16.007891819800516,0.6788183967989763,-0.13062587597767777,-0.15396186066245865,0.7060015652629148
-2.3347644969061747,-4.97890472714694,12.911840794540563,0.0577942467258956,-0.5683372226266514,0.0830352600955706,0.8165523694186865
-3.927300706044095,-0.45051910220382574,14.754573148685353,-0.3859280490425587,-0.5792738655710121,-0.7162056678070712,0.05050515844592529
8.459701200293233,-9.250359903888944,15.4230453005074,0.5833808274345151,0.2604051084476122,0.6252325618740954,0.4482635756433526
-5.393445030322024,7.9871692425085,14.870467358034976,0.023461458028559146,-0.7189557433468698,-0.6929894125130399,0.04814429603344192
-4.521325190965476,-7.2420399496482695,12.616451343046123,0.3125148406403158,-0.9113499981635861,-0.018796055585648494,0.26724962772885447
1.3938062935579882,-3.1267420652404487,14.455344142849107,0.2787622089522931,-0.6675056970080793,-0.007064070435412101,0.6904186224535663
5.077009123083705,0.6925691376606498,17.007406824898894,0.708961433823974,-0.12174352654055492,0.3861116240662302,0.5774686249976374
-3.1424025436590153,-2.2722840941642293,15.279612112104985,0.4797056176962415,-0.8642639345423894,0.07348819760469105,0.1324003648514215
6.0844205750462415,4.2646807361490655,16.68567683467721,-0.1888386179970807,-0.28652918485070966,-0.9306362355065716,0.12711097412850886
10.826354252873788,-2.777382964051247,15.814120850729138,0.7562957300422875,-0.016073650272041135,0.016073650272041135,0.6538348753727254
8.753819117060056,7.431264029764524,14.851568751387365,-0.5432737375881634,-0.33130246548218856,-0.7592541048424094,-0.13647537027743162
-8.068398022161135,-2.091493306720002,15.351003429083143,0.5011974778062971,-0.37312530272867445,-0.5406732458581259,0.5632504220304505
-12.40757414468196,5.099080102457151,18.08648424140909,0.42211677651854246,0.8151892131840975,-0.13166128751813355,0.37409795382887884
5.072652692081441,-6.380158421573246,18.468957472076973,-0.09250435150522152,-0.7507892770051148,-0.27261461785926533,0.5945079281356829
-1.8634601960240502,10.855264496502777,16.77521046880047,0.003605847120089184,-0.14229386832006852,-0.7244261084162292,-0.6744970469542286
1.9937802549529042,5.020794574013321,12.55808514883557,0.023298189156897818,-0.9209183168834413,-0.3493202031249678,0.17129519461826867
-12.859300814864994,-6.329181117353865,17.05653563574149,-0.44273571700358866,-0.710396336289248,-0.53363831455145,0.12063282935759917
-10.78646095550431,1.9112468204737993,15.990421699744816,0.6089726765566915,-0.09784461577070352,-0.18455339822113423,0.765191971715003
-6.549583588335203,-0.23077405355907032,12.164957605413118,0.4091804638836642,0.5630897071935589,0.20138067052953526,0.6891640988659348
-14.61941570167646,-2.091027862396107,18.2304213361586,0.12639769151926677,-0.590965038013997,-0.5446895965990908,0.5814612547542909
8.193507502054596,3.68862187677359,12.088145843160522,0.16054728544017832,0.4638496805622087,0.8523949981526565,0.18025207378684716
7.432280193326161,2.824052678624975,16.742890861308318,0.47316954392160315,0.3413665846941944,0.5653645312992114,0.5830457823430907
13.121405997114735,-4.524372000974643,17.87080193209944,0.7857959709042368,-0.11952001060746344,-0.5041208602941648,0.33778960521503704
2.6243889468157526,-6.090317979117158,13.007199170269905,0.6857451785299425,-0.11938266412807136,-0.5300477869330533,0.4843043187872618
4.93093759576155,7.155397696467837,14.180591418705252,0.7088712117297826,0.14935793875548026,0.13522979788465603,0.6759487503321085
-7.3541433096165285,-10.710228880411442,17.001904158447978,0.6298967120811414,0.6439026293019946,0.09020980931671016,0.42483140937363495
5.561975974583055,4.903189458583956,13.647565011640474,0.8566305557786156,-0.13183776854949572,-0.2687695707855549,0.4201973482901316
-8.15357688330089,2.759270724651673,12.50266401079154,0.5456445531604579,0.14160744810171783,0.5182326754821764,0.6431595807503987
-15.132168447606212,-4.714468413255022,17.57515571160397,0.04329942145881416,-0.8656340256777237,-0.34785294623801555,-0.35749296704109007
1.3215576896251378,4.351603897039901,14.024886886775867,0.805562515138125,-0.23112952448186636,-0.5380296420509831,0.09040067141130582
3.459848496669249,-3.947866993792248,16.474325046965852,0.2708003680793937,-0.2997346283579196,-0.9137523435578203,0.043393177502882505
1.8625569583886872,-7.124421808345263,17.11165718921734,0.6256379595914567,-0.3767241660903003,-0.42883862791567345,0.5317456886606692
-1.3686946284704575,0.08335480552201702,15.73773401418055,0.513047594398448,-0.3070088575999503,0.30700885759995034,0.7404547849749589
-3.8558490313836487,-7.876538733986907,14.803076622712986,0.6845632303016256,0.576689804733616,-0.09607663101228983,0.43539790285282276
7.304949397959913,1.0728447145591389,12.566889506521788,0.7371845509784354,0.009241663534093114,-0.15116885304127056,0.6584994360848246
0.40074098132933145,0.21247557712312215,13.672151275282607,-0.1561673489767536,-0.5838046006069647,-0.7920355168819007,0.08639263522624499
8.410972167951517,6.082638618403296,13.705622361260113,0.7016553132357725,-0.181671147481835,0.6669731100129161,0.17269130290880988
-10.326881577165004,-7.718155026463848,17.294232904633887,-0.2575564235743214,-0.7787338182137039,-0.2371330820549172,0.5205825875315527
2.520869839803746,-3.154735121477711,15.69436534583448,0.5473154444606134,-0.4462769712889687,-0.4746071985794328,0.5253862162339331
7.342634493954629,-8.688637841142485,13.77136824510734,0.5948834222083859,-0.39358490211972563,-0.4140510818739589,0.5654788593785357
2.3811764300725837,-7.7399920196932745,12.40931916134645,0.6449559278340258,0.12022471307801239,0.7356312386569164,0.16859581913307314
-6.30733347689797,-5.760013260842926,17.470967200562505,0.751337712502517,0.3180887134402584,-0.43341008930268654,0.38270995106482825
11.093221454415087,-8.913971179890682,18.029011957927597,0.9482605233708974,-0.050455983800155584,-0.19487249135946086,0.24552166019817356
-13.050007215159292,8.776560524934101,16.85859276293237,0.5759906260557871,-0.748195234168723,-0.16033424917566216,0.2876310463151515
8.041340476879302,2.00159804501509,14.766132102125978,0.09091200454494647,-0.567130549760577,-0.2995894269757201,-0.7618032043790869
0.34838129609377333,3.7540420260099765,14.040694326034451,0.4002121448767535,-0.5977273960572866,-0.1525269581971848,0.6777076996160204
-8.268991465780607,-7.343237921437199,16.457486399513606,-0.5966423714922973,-0.4108820624322546,-0.39675392156143047,-0.5637199100946233
7.828143611515934,-5.161637537400194,12.86462573187971,0.36736700078992957,-0.7259011670795001,-0.3492759396990416,0.46488202837987036
5.553516826447977,-6.880434091576386,12.128304203381,-0.2700690268901726,-0.6339306496361645,-0.35011425044395583,0.6345192383234195
2.5925616349000897,-9.628862973385434,17.18620695161639,-0.5429011232718959,-0.6488050547365591,-0.44057413846162313,-0.3003411390688972
11.46754629472737,5.905425246455463,12.97732894489023,-0.12077596660320178,-0.9558438735820155,-0.26132154677526515,0.05904832273463038
10.340602480655505,-3.71909089346813,14.678661356358996,0.41298055460827604,-0.31181223262084384,-0.8419181212337906,0.1529512021581043
11.758351722865779,-5.087255875838746,15.811368487216098,-0.8026284915010323,-0.49734174806435155,-0.32884672473457177,0.01727778615498035
10.063985975580469,-3.9644493859315713,16.764615824701742,0.22950370336093612,-0.7006101060431331,-0.6753690926734581,-0.018711443431098984
-14.165286614730293,-9.164823720180555,15.893783854141427,-0.34027473752080356,-0.08234387004754798,-0.9335230302210731,0.07724857356357179
10.808835041455788,2.7711978216443764,13.090986029951505,0.27977561948043417,-0.14051483932439407,-0.9428836554042382,-0.11380507477929305
-3.3780368961231435,-9.232131502719914,17.74906187022271,0.3886163655617715,-0.8232025949564987,-0.40836009620078695,0.0675043695276821
7.331168876635045,-4.139293168684998,14.571690839289882,0.5617980242992199,-0.7456514799600107,0.11952001060746344,0.3377896052150371
-5.293395098259774,5.893616658881122,12.46304356902391,0.20351432232931727,-0.05823281124091308,-0.8431693687182406,0.49422290108523126
-5.5047831911539795,3.3625090761543692,18.42887064542548,0.9299637824876051,-0.34988499283240515,-0.08234387004754767,0.07724857356357188
12.75282395253462,3.480399319574678,16.471610894169906,0.3486449569887279,-0.5087907070635876,-0.6817568081220259,0.393428983364634
-0.9966449964501205,-0.613189081086384,14.421558798362756,0.032991474854289486,0.6505364508116747,0.7577842620834095,0.03843046826401208
9.263541020039682,10.17384211529513,18.496870978706404,-0.8662574349145393,-0.48667258131444835,-0.11279667540139109,0.0049764515879645865
3.2543285210863164,2.7246961006607737,13.669599949996902,0.6095780996803919,-0.1372441025538103,-0.7460823581637973,0.23008631324133402
6.0613959741892565,4.237501411895909,17.373028758898094,0.35827285001156234,-0.1998293432413366,-0.8943516700480872,0.17844856067373072
10.765783773245348,-3.4880492397734537,15.450619420649392,-0.6514232721008287,-0.36482358566423145,-0.6513686149599706,-0.13516804116976905
-1.0635013495166135,-1.776220057891817,14.172720371645394,-0.022252730265727175,-0.7561391469226979,-0.652181565972386,-0.04916921285257354
-6.314126823656006,7.0483911526269285,13.747820190569875,0.5399796409151472,0.39144480167352197,0.2893764499917012,0.6866252433679719
5.497427101174825,-6.5693649287738465,17.336947826673473,0.26178100758650236,-0.5446895965990908,-0.5446895965990908,0.5814612547542909
4.887929379747067,1.9118499738131494,12.620115278775318,0.19840445188570602,0.5357079867329984,0.7696726669804983,0.28505545447427794
-12.991982284711026,-2.1116942349969925,15.710934845891668,0.472426421212859,-0.759342705965242,0.13321123661269507,0.4271612083013978
-15.387719335398057,6.229829490605534,17.931922281868168,0.061648416880318996,0.24752607840240543,-0.03629032078980338,0.9662366820939118
4.1145515283092955,6.483882466857903,13.10304837437795,0.16247894378039737,-0.6740811217472276,-0.6945473015014608,0.1918835066102475
-8.389460923719536,-6.554724691881357,14.91935327505227,0.1679425748234611,-0.19200254778202674,-0.6018444108384033,0.7567784473341274
-4.999146915119756,-9.664192883179616,15.582015662652132,0.212962422233685,0.06762884814499617,0.9601827907229334,0.16769720932222398
4.920064167753665,-0.6804384425963796,16.41446890200079,0.41309423639946136,-0.811195626084793,-0.303340475478008,0.2816014275731249
2.465594590819883,-3.546320446745673,13.929313244790265,0.8121497048668894,0.3217730417716016,-0.4279356063647169,0.23183201521562502
-1.034980444941553,-8.766443117925936,16.23999660896648,0.6067434859578699,-0.3169368963750322,-0.48448483950448373,0.5446905417337166
11.625847411880581,5.803825477140334,16.541472440682643,0.29610331056372124,-0.677250141188932,-0.6451028406448499,0.19364245589415913
-0.5914323331207143,6.1574394256174845,13.061435963046776,-0.20080377952969494,-0.6305034894804918,-0.6918494923532907,-0.2889419869281849
-3.2011674374450205,4.291263729521681,13.720965260558318,0.184856987929723,-0.7356312386569164,-0.6294839350583061,0.16859581913307314
1.5824950409618666,-6.414230331291577,13.667248450164536,0.6115575204589104,-0.44524037629511315,-0.36032241771085993,0.5458261277932158
-15.329656669278648,-1.1318241744822295,18.049224548361664,0.7372391273069314,-0.3704162237641808,0.2436014914357198,0.5098319367304207
7.150184348015154,6.01829758448922,12.132631354791965,0.4852675098593279,-0.55754853433773,-0.55754853433773,0.3778818698887588
1.2211895117362719,3.290471830192944,12.828009147637534,0.15116885304127026,-0.6207189284966093,-0.7371845509784354,-0.22003392346393016
14.591534331349692,-1.4706364996290873,16.259943672195803,0.44522751838885133,-0.20665046307516072,-0.8543985028325571,-0.1705029071236374
14.497835521684308,1.035263945384262,16.708517468930737,0.7077847994123679,-0.05362390563586744,0.05362390563586744,0.7023458060026453
-2.388730856133991,1.5507195557545046,15.875975080070626,-0.35573507951302097,-0.40417060637656305,-0.7342624469836779,0.4134698696333352
-10.68606407071617,-6.36521280866805,13.556630155130499,0.42031901002027006,-0.8515138027656802,-0.08225669394838005,0.3024731555292024
-0.9410079935594311,-7.624576952455341,13.468564815848383,0.7142785784424123,0.09372294447574098,0.19013425952602717,0.6669865706381
3.556561968059613,5.270351987845755,15.27171860148134,0.24937963909870225,0.8834737245176649,-0.05366080875391594,0.3929433690670481
-11.123588335457903,5.2049312246030865,18.08921504779319,0.013632071213069134,-0.1587205985884019,-0.9102194013313469,0.3822598326507578
-3.692689888991385,5.387037527295057,14.061252817457895,-0.11445543916837686,-0.6018444108384035,-0.2279685049253456,0.7567784473341274
5.722539440787088,8.094412254889408,17.509270636944287,0.5540429412109796,-0.6673747695501865,-0.31808871344025846,0.3827099510648283
5.043147339296663,1.6788361138220989,14.854799606111031,0.15272746284992425,0.8058759166556064,-0.045303243517918694,0.5702507739342995
-0.13638795081055477,-2.8375121490321806,12.92951089520039,0.1419286020008842,-0.010808285202424606,0.6369397545549715,0.7576590275133729
9.634750056853097,0.4664256509382785,13.124763232818493,0.5344699999598744,-0.6164662253436806,-0.39246827873866375,0.4245937615383869
0.9265322925230421,-1.548179743089861,18.245036723849246,0.6710872881183578,-0.41829190507982417,0.5194602270672563,0.3237820352735374
-0.09062058390361827,-3.543270654044873,15.944769387629183,-0.23562397533903895,-0.2061556682981303,-0.4021714964491643,-0.8603715883952809
-9.33281074823146,3.6138498630901896,14.052900228070841,0.3751271771272358,-0.14984421166446976,0.276658943992931,0.8719438869101162
3.345245912581859,-7.622978496900145,14.905169989931911,0.5194054894378535,-0.265779043535378,0.5034780652819221,0.6372513439289211
8.563505097422553,-10.404442266923,16.759507897912805,0.3209954971777815,-0.30410386127263606,-0.6658128979366598,0.600979132160052
-3.6834188014109692,-4.049661677021054,12.913207737216522,0.23345553305140443,-0.5080961003121011,-0.4618206588971947,0.6885190962864286
-10.018196776951156,3.4608833630653706,16.651780502803163,0.017982978571659286,-0.7889470467533153,-0.141199006995919,-0.5977474469408293
9.90477707900416,5.032278508854791,15.003093731229637,0.16500594109518435,0.3087724879786927,-0.3087724879786927,0.8843597349145815
7.880568924520176,9.931410897156914,16.920913535511353,0.6854264315643501,0.22577887405188413,0.19744864676142002,0.6634972033376698
5.504876020965277,-1.843309444719642,16.27388003989021,0.4102322265104027,-0.0008495928372420636,-0.6953719196439929,0.5900565158482342
10.924487524806832,10.175178547531118,17.37413986073373,0.7095923689482265,0.017706367930612033,-0.017706367930612033,0.7041673373565802
-9.751353989308907,-5.2630666429243185,13.80801320572022,0.6345822353895064,0.07382003015340083,0.46236534774384863,0.6148774470428378
-8.173593321828726,-10.340827612918806,16.12224189626983,0.7005405654292707,0.08922021652076334,0.053807480659539164,0.705965597020917
0.18058967533695736,6.247929742587296,14.157268496687887,0.29660393711831445,-0.3464230520229431,-0.7892315825901444,0.4112550091552436
-14.08070510931671,6.595843448941068,17.248389172212605,-0.665051891040811,-0.40071086793975813,-0.40071086793975824,-0.4863821366507751
-0.7539578204603501,-6.624206347361792,13.17105045689627,-0.5966423714922976,-0.3967539215614302,-0.4108820624322544,-0.5637199100946236
15.940444874390586,7.477326627746342,17.984802775808912,-0.26852911907517657,-0.6642950443462872,-0.4108820624322542,-0.5637199100946237
-10.892612255750588,10.150565339072916,17.507461763613534,0.29255583176283,-0.9495594927383669,-0.11148947316935083,-0.017831220497616006
-8.553225311999267,-8.223392704161457,15.171361892784034,0.5929176078008391,0.4263715095523191,0.11689637691569038,0.6730462712665388
-13.748586022919621,12.150554078721667,18.404710450184808,0.22932012833726437,-0.6933658720600357,-0.6717493016551865,0.1241326787255313
-14.978814788327858,-7.2752478400645995,16.91171764796524,0.4779535511486068,0.19834366599665004,-0.06296034992941416,0.8533792752582002
2.5493264142053462,-3.682839121487252,16.006783207931992,0.48585024366504265,-0.6290547524306283,-0.3798797516517161,0.4732135178332186
14.668172591334134,-6.905486080059468,16.63198206943372,0.48715043444349815,0.060136604837522006,0.21355864189053908,0.8446660579507118
15.480640387287789,-10.067257047115962,17.961165762220553,0.3363832178729529,-0.7339474892868642,-0.5714331644266331,0.1470766884870309
6.736598859816956,-3.1170952299766572,15.76853515118469,0.47935574214835797,-0.3573378586607609,0.23052312633229977,0.767715321888994
13.936044770077334,8.76719774876356,16.889148642395128,-0.13460975559469318,-0.4629079999498121,-0.8735731227547942,0.06683110414798756
-6.704585651966484,-1.2786381623491927,15.404723665081782,-0.4040000897363293,-0.46598606468154036,-0.4407450513118653,-0.6522152365283644
2.171957855169703,2.774541220184691,14.984942206122673,0.6803369995958142,-0.45815198126282713,-0.3370714583883028,0.4621916929001363
1.9010273085948945,-7.207431488715253,13.15744185557566,-0.16317874955403538,-0.5062563925508515,-0.3102405643998173,-0.7879263626102774
2.420759754074263,-2.50362588636911,13.73632477920397,0.6914120897207151,-0.2970562346073964,-0.38376501705782706,0.5351927945624035
-3.6212965715731453,-8.242441180761947,14.828400132179523,0.91382657853675,0.1164230919931166,-0.1164230919931166,0.37123080645515066
5.271243730246811,5.848343314122953,13.284058301047693,0.29181901869433396,-0.6872337218295776,-0.6351192600042044,0.1979267477635466
-8.202728991056723,5.4674054081519845,16.471382867591526,-0.34650826475712193,-0.3117572657785873,-0.20615566829813003,-0.8603715883952809
-4.8492823671704235,6.479110954146497,12.074707526120607,0.9209183168834414,-0.3301983067260152,-0.02329818915689779,0.205756473156622
12.08310701856461,-4.318810015872118,14.930220723665514,0.3486449569887279,0.6817568081220259,0.5087907070635876,0.39342898336463406
-6.104207953552965,-3.159311257321656,13.189814167127079,0.37147764868256933,0.004888869242612809,-0.8310773420415355,0.41387305666348295
3.025012709838961,-10.747827421605008,17.175088649115516,0.07857812448872434,-0.8121048369505186,-0.5781401567030187,-0.008072878099847539
9.532667504558873,0.552860485025402,12.083227857505898,-0.7612735992721429,-0.3504487550757067,-0.318107240897214,-0.4432335280705714
-11.783385554431602,2.3929674434444888,15.542196929092933,0.649997680019902,0.028107982862577763,-0.42871532219762876,0.626830224048845
7.875538458227625,-6.73034799864487,15.630240706310264,-0.43258574528373683,-0.6600230322317555,-0.5305244829538591,-0.309488195069624
-3.077031812649672,1.2059459196745994,12.903558957323268,0.2583311245223638,0.6091977004417349,0.7131552813920471,0.2314146419355174
-10.028465181384853,-8.025782528870968,14.448704442636341,-0.3169368963750322,-0.6067434859578698,-0.7088118376396906,-0.17029129392220746
0.003498018528482305,-8.43628796799201,16.141050793559323,-0.08125716243011538,-0.4533655579967028,-0.7906690928439952,0.40336005007610487
0.8328683984543233,2.028009953297051,12.023269837150153,-0.7928220631175833,-0.2716339432340047,-0.27163394323400475,-0.4731418159497949
-6.929670642035781,-7.01075758306143,17.37871500591733,0.36026688479757646,0.6902909410071387,0.2796258182021567,0.561707744540257
-7.1271471616425055,-5.2489015956877285,13.740415029590595,0.09769056685362897,-0.17600467987443214,0.47536780284779007,0.8564486895464198
11.82587460092255,-8.876501170172226,17.174230746990407,0.773159878709035,-0.25320904326543886,-0.4066310803184559,0.41564425520182136
4.100113698149041,1.9000789790336654,12.806522706870167,0.04005213381371519,-0.6113203489085073,-0.789760781950034,0.031002659257242878
4.246869507802989,-2.7437624009135195,15.201451708194984,0.6518845854212116,0.22079550723064267,0.4547601874781427,0.5652335828326398
-0.0652096012475809,-8.85209731267738,13.841759906870342,0.4136940333566726,-0.5633755948433518,-0.633323645759696,0.3322143067684397
5.917174697239821,-9.721493853793842,15.293257787633358,0.21523692336613937,0.8151892131840975,0.3862516465585829,0.3740979538288789
-6.96877097457652,5.792751802977195,12.266751012293499,0.7155262360703087,-0.6451717215348695,0.11326250122433662,0.2427905703341817
14.248111821021265,-7.332898023202267,17.121508873484586,0.16521846605790072,-0.5595743211712192,-0.11499544627227203,0.8039623653479586
-8.731692728801427,6.3463972675630345,12.225137587874869,-0.06965166170449309,-0.4507010899795769,-0.45070108997957686,0.7673888851190409
10.898191507355097,3.5687906341155298,13.379894163554448,0.42745443576729986,0.4904791005483487,0.15895135051277545,0.7425950615499047
1.6044909499778157,5.055376734527348,14.621826043297006,0.687920058744433,-0.12495276670864003,-0.15963496993149628,0.6968999033174581
1.934079388284058,-1.4401283273595578,14.695166530221517,-0.34574226333088104,-0.5372209021162817,-0.3484167682054251,-0.6859021397469868
0.5873341352338848,4.754317933552574,13.820180934947881,0.09487080964945689,-0.9329408292184729,0.03513628964773133,0.34552334190817746
1.5571360842834814,-7.364266133662399,16.460628296567435,0.6916642735114455,0.29646857688290523,0.12350247582446683,0.6468802471355393
16.041222787145802,-11.494631266379985,17.800024610906398,0.33480759080744965,-0.5768109937386642,-0.42166954240571547,0.6143189331668691
9.732950729280926,-9.766777263489564,18.411211651506044,0.688266209999343,0.7166182869011414,-0.03309036123517715,0.1079485203480785
8.052579608374934,-5.151881504432115,17.65855848119073,-0.11923366869352557,-0.10564749893727365,-0.9102194013313472,0.38225983265075786
4.1464425805668625,3.7402417188627375,12.876596854240997,0.6118367515258762,0.359848072131995,0.32625228788509264,0.6242792637232896
-13.217539135447154,-5.490017245893705,18.155005964110856,0.5279388449536893,-0.5145940599493153,-0.2806293797018151,0.6145898475422612
4.080687101186141,-2.4929358027339443,13.503453573665464,0.6160860357624023,-0.16906213905650175,0.028232632235035637,0.7688035562829356
7.820406974741106,-4.837437154075893,12.967747910990902,0.10948596848945077,-0.750558623945049,-0.6433108126733142,0.10404697507972824
7.291973739533546,-8.271518195244955,18.36092456620882,-0.0473436706869044,-0.8058952026998901,-0.4256674884573958,-0.4087770644025488
6.357923065901623,-7.543362301493841,18.36869860824763,0.32428826527042703,-0.42981210646377926,-0.7392872391004081,0.40441692873612684
-4.217472929572635,-2.5893119895240444,12.75167351911678,0.6192987604243644,-0.08300872624371536,-0.19938928774812278,0.7548658878473302
8.604985562496585,0.4085175783270536,13.305087666002752,0.775951641110786,-0.027609203528373427,-0.11431798597880413,0.6197323459524743
9.584395419471027,-0.5056627186240803,12.645582906841927,0.07687632047697295,-0.20980153892423925,-0.7203445148249952,-0.6566407888461431
4.11576713558803,8.174895700629117,17.255639859810984,0.26651350110641736,-0.45815198126282713,-0.7109473643013609,0.46219169290013623
-9.659969345754208,7.584693116708834,15.053514195708408,0.5828936565892838,-0.3861116240662302,-0.4215243599274543,0.5774686249976374
-2.437267524172867,-1.5380709627592974,18.329662258076432,-0.016073650272040704,-0.2110705509186751,-0.7562957300422875,0.6190376636535311
-0.9974533604716171,1.5629156918836529,17.172826457228748,0.2953826703869498,-0.5414520917523656,-0.7180614844823996,0.32243823420152146
6.819331742456271,-9.543284489801325,17.17320106556163,0.32568624136111113,-0.32568624136111113,-0.8793790613463954,0.12062093865360458
6.11608814232468,2.5192365106142898,12.11168197842333,0.054142876988546154,-0.5718134327851335,-0.818431560868404,0.016362369400330645
11.292908526129812,9.033678994692032,14.981862210833132,-0.173881143214488,-0.4873860430202913,-0.8490950796843149,0.10610249176778264
8.069070458177375,-1.5861796950635156,15.675148101141692,0.5819641312732291,-0.29086903005176323,-0.6790477291575326,0.34001049806460404
2.425256513644648,-2.882233490403256,15.094585386564559,0.8792697701546307,0.09019123235131185,-0.09019123235131188,0.4589289209737451
3.4999275401145944,6.615339779386781,17.189301567264735,0.4898521679891744,-0.4364252330001611,0.3169627990112752,0.6849178443871927
0.7892250071534868,-5.156980821221442,15.038424055999055,0.41490645788187436,-0.15287216508329488,-0.37485432406815916,0.814841682830515
-9.93320590115841,-2.720164100953868,13.55140758146021,0.12443159114585062,-0.3500518870654944,-0.09947281491307412,0.9230848360687482
-7.4241152848735075,-9.846092095693232,16.486334987063575,0.570561239727738,-0.45585504880229166,-0.3497077452036814,0.5868224085243878
0.8895720604258273,-2.927728496628852,12.389225639777802,0.36583752657600965,-0.6653108335415858,-0.6400698201719108,0.11762237978397455
4.30670481942208,3.382960592523517,18.45542219871529,0.03629032078980346,-0.06164841688031867,-0.25249296903101387,0.9649506650098896
-9.374427575320242,-8.499382607399257,15.729504173140743,0.08174693846726763,-0.6885507998101689,-0.40200577051442954,0.5980021693983273
7.252793455126197,-3.139372875357699,14.232189049534753,-0.6487001767237132,-0.6156103875676798,-0.35430637164161605,-0.2732744526141197
-8.040810269132825,-1.503984525158967,12.70820669075442,0.0023626165554717082,-0.9495989914315948,-0.255076664624844,0.1821869058933036
-3.0568124575129563,-1.4407131317324513,15.924617519776447,-0.6578119970942886,-0.4359405998274426,-0.36548113605207344,-0.49362203059729703
3.844458475940879,2.759218778048659,16.935295621211097,0.34340964387591283,0.7731490446185744,0.46367391198194563,0.2632809804102129
-12.395403005589024,-4.17627322344198,18.319736761257673,0.6386281488180225,-0.264597095307061,-0.2929273225975251,0.660557377044703
6.429914263822518,10.92891891886586,17.646394472103694,0.7095784250500439,-0.1244039253657846,-0.018256621767174352,0.693317256253394
3.5027195314736517,-4.599550818888119,13.06473606737825,0.704160356447542,0.08940379154443512,0.05362390563586744,0.7023458060026453
11.508053985844573,-7.470081338097439,13.538610790384203,0.033069918382744465,-0.22098197863901922,-0.5734182012635052,-0.7882035981107095
11.961207650892323,8.157988658865461,17.648218535880062,0.8146388181110389,0.045303243517918694,0.09552626330354752,0.5702507739342995
-11.378503081803167,-6.524854355203509,14.934878048413044,-0.749473670516544,-0.5831235235242603,-0.3002029371933471,-0.09019074240518196
-8.860087043793925,-1.8682660769832662,12.871671218590297,0.17446870939949943,-0.6666078436937322,-0.7020205795549562,0.1798937409911458
8.410633394882352,2.947042321177804,15.298794702295986,0.3304580195118242,0.3629455253343069,0.7122315814442349,0.5017910096579757
12.809441373222835,5.575253474518677,17.175904748226394,0.09636249865167304,-0.6622310051550764,-0.6091579055039482,-0.42554789486842276
12.829469929250696,-10.908585076717118,17.454079352073908,0.5093428768125868,-0.675469808756745,-0.40792868597188736,-0.34337233211144624
11.508683079640168,8.43391604079943,15.011407503901184,0.4706751748113176,-0.39214999965445174,-0.5216485489323484,0.5937727250254303
-9.6307252253355,9.052305707402182,15.775555359954284,0.559433451650198,-0.556592349277128,0.3359615933008094,0.5141682387387368
6.701200824795965,-7.5887208930492775,16.123228375051177,0.7176405702723452,-0.049394461262969785,0.44255214197991677,0.5354435551248248
-12.10797590868297,-0.02953719985572789,14.391213353737301,-0.44907032415960535,-0.37250020993275074,-0.4227232297183794,-0.6934583683363447
8.783846677482323,6.802796092040731,17.589391258751014,-0.3313821876661533,-0.6316495918565519,-0.469135266996321,-0.5206887170520752
8.188246057318954,-7.3056223754367995,14.655022691666279,0.8622085500017994,0.08828093006694643,0.4060450726374327,0.28970725340793885
-3.1173281806908033,-6.965426728046769,15.772558722618154,0.22328175274904233,-0.6880534016829788,-0.455079613047379,-0.5192593967473719
9.820554477237124,-1.9740665696716508,17.830278883091506,0.4592601367058837,-0.03497402545817213,-0.5886668454434565,0.6643254394133902
4.501141560536299,-1.923092341149677,12.168350652640889,0.3448037074751332,-0.44597202946256526,-0.19138167042211615,0.8034876529697789
3.438269021718055,4.213280030394758,14.136288157112165,0.31919450458686127,-0.6185576275602191,-0.6507222546224345,0.30341700177761427
7.755953179886571,6.494931018062809,12.549152818363359,-0.1293107029031528,-0.5159472661225305,-0.704751400033387,-0.4694705793192588
-9.599649309344745,5.606726239989509,12.25692737129168,0.23191150189803553,-0.651210097123091,-0.6745460818078719,0.25909467036197403
6.418929524256788,-1.6082437040865845,13.49330406913689,0.3987089935411962,0.5150895550456036,0.6000075136298567,0.464440386206891
8.099850756098142,-7.945757003992631,14.948435166357475,0.44680667144570474,0.20321357083493047,0.4566265527489636,0.741997462465152
-2.773009113710163,9.255954160261258,14.455020793057123,0.34564166955664744,0.29751413874481525,-0.4128355146072432,0.7884059940106976
-1.765076286583163,6.049094977008046,18.26945233752588,0.49071039302469144,0.12710430952406612,0.4090810683731831,0.758749289407653
-15.186480753623343,-9.515715360875221,17.60644243537315,0.6679848549227908,-0.26976677248448244,-0.41105447918074073,0.5586200293603283
5.70940498348749,-9.493586143387386,15.165395855754635,0.21701253752146935,-0.5772907790211476,-0.7343372590389908,-0.2835307831660463
-9.337060063245897,-2.027384915665639,13.590046909725167,0.8097248007942133,0.2540527952170352,0.15835231807199104,0.5047053274757557
2.713868085531617,-6.790106617676578,15.627152713368694,0.7523660139726852,0.5793869238287512,0.012064967656994413,0.3132261324834603
9.233941764497086,10.216753301458214,17.5143332050422,0.2805744304347062,-0.06444977815473882,-0.6317717343264958,0.7197143119239309
-16.39959169773997,-8.597449404941685,18.073352155890873,-0.8976587721583539,-0.151307371574256,-0.4018864437266765,-0.09900552723545675
-4.757693070329882,11.322073125754368,18.05851994457918,0.21404170000409128,-0.19251476716686808,-0.9016662461225557,0.32267971068120205
-12.13206085891834,0.39747086296878287,14.486954906157942,0.5287409352491808,-0.05792980835840955,0.1954831735556236,0.823931726268628
5.793042501381095,-3.57186158801748,14.976325457505732,-0.5646501515637842,-0.6652441877962161,-0.4884861660584184,-0.0012816052025963476
-4.192989311751303,-4.592856822903837,17.241619362827954,0.688665130919562,0.24307260490177715,0.31302065581812144,0.6071854043313292
-10.836384503620893,6.56849232833585,14.033742990776076,0.5319250170238251,-0.27299825828577035,-0.7907793377254789,0.131132628523921
-6.326140632961637,-8.317749269609237,13.323846924429933,-0.7148003965527582,-0.24759237993380173,-0.653809800025352,0.01706317313820975
3.246682674127431,-6.141835959244316,13.121540814973988,0.15835231807199104,-0.8097248007942133,-0.2540527952170352,0.5047053274757557
-12.911863209929201,3.9995672529059902,14.738308604170502,-0.4443597714030932,-0.6463079334337175,-0.5442395817518968,-0.2977141689502684
-11.144768490810982,-3.55138835634777,16.938873800044725,0.596475111181,-0.6749799298158929,-0.041106137065828496,0.43235381527502614
-1.3438287542337761,-4.703964525528018,14.576212034309188,0.8291320824014435,-0.4629079999498121,-0.3062511665830375,0.06683110414798757
9.753647722815169,3.720852013285004,15.256599189234542,0.6802191910769093,-0.2410131638434926,-0.6675163195008935,0.18340248129402886
9.066325907138816,0.35641255763953517,14.486117181565934,0.7831091985502937,0.05671253311349897,-0.19608284992503464,0.5874310067565748
7.951198780728319,5.702751716014809,13.997831478629172,0.30762817781209584,0.29799184233758275,0.8165442592252187,0.38706748616049014
0.35509965957013456,8.68657327420711,15.268838037914936,0.38370194220824916,-0.5108001858549088,-0.7642131677689422,0.08851115118880204
-6.619733917780965,-4.196659787946176,12.694545160295451,-0.26356050031320494,-0.6069535985519322,-0.6590680603773054,-0.35745277124399244
11.129574962550857,3.9389952126952608,14.539337529263925,0.36980804395719963,-0.13696185997096647,0.8617546472000862,0.31915887511848695
12.106982343182315,7.863805881951819,14.381100107861279,0.13666443507069656,-0.5672242895253728,-0.8087549091912187,0.07412782485914024
-9.589764809181377,-6.080847011106991,15.151620014696537,0.6898902643988474,-0.04369162843562399,-0.6525298840456109,0.3103984779597895
9.62383639003145,2.293965260361963,12.159848706883556,0.17062142845489547,0.12528953607621046,-0.12528953607621046,0.9692746733777925
-10.006936582269448,-3.548666886824816,13.348210057201511,0.4282732059516564,-0.0040367000913299755,0.773195866624179,0.4676899805977747
-8.046956903691413,0.48446333829373067,17.156159609960927,0.12915387550579252,-0.7656255572431128,-0.44786141467262675,-0.44334742108806807
2.896394893325313,1.3448357179972916,15.59195297868407,0.6959152390390628,0.014165113645232097,-0.014165113645232041,0.7178444672657432
-8.67630061410971,5.568252587787114,16.719865310196766,0.026586823733676344,-0.15707069295566595,-0.15707069295566647,0.9746541620660162
8.013163090874885,-1.047063981241621,15.041721770653037,0.42997287126117634,0.576689804733616,0.5412770688723918,0.43539790285282276
8.094050552671323,-3.8644459186839812,14.008720449267868,0.8383815645086936,-0.08931259017509323,-0.31129474915995736,0.43844633956005313
-14.810007185704924,-10.206498151833006,18.38062217393146,0.6577776617987801,-0.332948972343638,-0.08377397156472571,0.6704143876306041
9.482072451910884,1.3556216873148141,16.97762664084219,0.5452039706584171,-0.6351617904929139,-0.5186961680110878,0.17400119415321652
-10.109791467912974,4.716507598690088,14.969260128822793,-0.17690262745905638,-0.7313724378343726,-0.4484518515034591,0.48238030065230564
6.154812256970358,7.17753105239523,14.150677467916534,0.5062563925508516,-0.02562538435682135,0.16317874955403538,0.8464162689669573
5.067675864752708,-8.369947673943233,15.703481857841696,0.7641728694094023,-0.18032236113370237,-0.3629455253343069,0.5017910096579757
-9.617603425186275,-6.07170969236337,14.377069052286526,0.25863433148358694,-0.7321007444607819,-0.17642873888360364,0.6049873408873515
4.344675448680112,-3.4734846553199263,14.098249080399594,0.4517450437806681,-0.6490398150722055,0.34967669209884733,0.5023942126193808
0.39013851337643146,-3.5971093355421777,12.412311982187,0.2099855263536864,0.026743567827542045,-0.5799373831284742,0.7866787730401248
7.176109987440736,2.6351330851253376,18.494842982223155,-0.38647689038541444,-0.6945473015014609,-0.5756912185069479,0.19188350661024708
-1.9322914161540812,-1.0632769588998414,15.682293173301751,-0.4944514760481577,-0.4861095593606367,-0.7189557433468696,0.0481442960334417
10.606147168902675,-2.5221880985810463,14.7656374928828,0.6225479299110955,-0.3257090783971157,-0.3603912816199719,0.6135680853380704
10.560399580300201,6.432655104330539,14.09693599811801,0.7175316123157832,0.40728134623072776,0.13598654023728135,0.5484322667515953
-4.3844813220584555,-1.3032501328115575,18.16794636880975,0.4186938465114171,-0.09016483115500867,0.6632232008564277,0.6137595229094349
-5.40297320206105,3.0782356880399213,15.101973085357718,0.46856726663579046,-0.5186323656864046,-0.5964647029890562,0.39458211311229663
-8.8199654584995,10.88267118855345,16.564845759498397,0.3583936044042712,0.5257962551309244,0.0978446157707035,0.7651919717150031
-0.9620748801572834,-1.424039275456793,12.751104381840605,0.3367375626158392,-0.09738750447916597,0.563054122093501,0.7483939761171126
3.0776112421046307,9.702571842336324,16.49783946852188,0.05942804149725634,-0.9317088909937811,-0.12934007491393656,-0.33415265276247014
-5.405385826622868,4.650133954769327,13.488920610417962,0.658000586752173,0.21867783084206416,0.2045496899712399,0.6909230481498471
-11.016273810004767,8.896624623997711,14.696670440862018,0.5793800630851539,-0.21137130241306165,-0.06884260991711116,0.7841566234340238
0.8315394557989961,0.11007490544055543,16.588857223878353,0.7250165661497376,0.5055697438625739,0.14386070719855046,0.4450329311674668
-14.903929601450521,3.655609639481586,17.41116802486262,0.9265325558402165,0.018796055585648508,-0.2641245307452649,0.26724962772885447
3.637414085047201,9.553994852481653,16.627776597668337,0.6959822039667346,-0.44310098332277265,0.1907728094272916,0.5318609080607607
-6.072118303954479,10.002718174574348,15.932268545708009,-0.28961863438429714,-0.4160207229687142,-0.5694427600217311,-0.6471342578915108
-2.705253355027514,1.646926508540485,14.385569461798456,0.7551753679578461,-0.4805289905868571,-0.3749273931064001,0.24131204431968709
-0.9168862872929857,7.154124289076368,15.487925115665279,0.7866369850040644,0.18175489022518534,-0.42708336538480146,0.4071451985650065
-9.333850869980724,-6.203434837630377,16.645199885174968,0.5446895965990908,0.26178100758650236,-0.12639769151926675,0.7866432298077158
4.724836597263483,0.7496043503940051,13.686762280410258,0.4921290061810847,0.4501289666698777,0.2184270293030423,0.7123781211616298
-1.3851319617595088,-5.384523807142015,13.735875552188483,0.7391343819057139,0.005028891734965846,-0.4056362310700161,0.5376935221630332
-2.816514356118203,1.4155050153992068,15.37317936760781,0.8613654664507637,0.10199116110691084,-0.44323401801670115,0.2262541525251917
-7.0067675305720565,7.719994073641599,13.890944394052221,0.5952748749900022,0.1447914556121601,-0.7442607123279995,0.2660061083365732
14.870745880125376,-3.878625989201687,18.12271528469529,0.0,0.0,0.8486442574947509,0.5289640103269624
3.657771467751127,-2.638518251567591,12.81638460996125,0.594882326338507,-0.6142995719157797,-0.4608775348627626,0.23736670283129332
-7.105618436100242,6.417889013645798,12.452959529580514,0.5124112388873524,0.6619007417927527,0.07221169682595147,0.5423168825674235
-7.961674565255893,-8.608268974783714,15.723139635974611,0.6713310462074293,0.5296825206138697,-0.1648398061928811,0.4915067568695977
-2.4136079830928345,-4.865840834431754,16.86969051935177,0.0,-0.9377521321470804,0.0,0.34730525284482033
-9.450071823178275,-0.7392318673262679,14.49970233472962,0.6325013293314611,-0.2733997370654713,-0.28412468083911485,0.6666841965312641
3.082851314592105,7.146073980771218,17.03924297662236,-0.09371884179011528,-0.2721994923056875,-0.9449659280515933,0.1554464856586874
12.450049720521463,-6.82320904811015,18.101496069133987,0.2009476667329128,0.09770716258113077,0.7581487891537979,0.6126040802341859
12.498230215353274,10.30359374799539,17.550618915736653,0.21271483212788103,0.8215530877378678,0.512077955101239,0.13258616866218115
1.6218123425665496,-1.9104935169522808,17.54734580602026,0.5694427600217311,0.12710430952406612,0.2896186343842971,0.758749289407653
-9.080589625597014,3.9293859713056953,14.347421821596717,-0.3886162833577549,-0.5896564382394032,-0.6101226179936363,-0.3592117205279048
0.8385717778252797,7.8101477256715786,16.9976079545337,0.7682690630754909,-0.6140575149000512,-0.18034266500247287,-0.013135383347525578
4.8047139982297615,9.527691825702004,17.942585906123135,0.7870236159584895,-0.5898286300339642,0.05791940972343212,0.171293190446001
1.7897074805170998,6.90482926850509,15.092770822247141,0.2856127465230567,-0.6961505163750633,-0.626202465458719,0.2041330199348238
-9.589021152411256,-7.834637831776504,13.399810186496698,0.3117572657785868,0.028744122186635968,0.34650826475712204,0.8842585623724473
12.571441988248138,3.9245586732180513,14.70945977282463,-0.04096106404503733,-0.34769181923300657,-0.2517774374828326,0.9022420473716128
9.51639087817125,10.637087705412315,17.225071180079425,0.7548623770802784,0.1285629928210934,0.5087907070635876,0.39342898336463406
11.510473533329213,-9.096933905282462,15.709791273086008,0.6305787963824553,-0.16326816223797466,0.7345363773327673,0.1901846448248211
16.429713590159075,2.681335672469247,18.307665490423812,0.349448485453385,-0.027609203528373427,0.702178970971865,0.6197323459524743
-10.4267696165807,1.17135834860224,13.769325452838235,-0.12621155478896035,-0.6382457882114156,-0.684521229626322,0.3288520084460638
-0.2961786519161951,5.066876473589041,12.184308755036602,-0.6290547524306286,-0.4858502436650426,-0.6047063266595549,-0.050694355434967
9.18439811644271,7.550304390650508,12.60668386488343,0.8065500947549336,0.173800616543236,-0.034430299731700115,0.5639901105519349
11.308209800325043,4.230213444059929,13.393649672010529,0.5775827091638871,0.2730242194361088,0.522199220215021,0.5649459833320631
8.667990693034751,0.3834899524191808,14.599226250115443,0.8121048369505186,0.528102826467292,-0.07857812448872399,0.23541159026408015
3.7341734196215537,1.6639997182655506,13.704874122330892,-0.1293100994883147,-0.944221945773167,-0.09304278559964224,0.2882132115960615
-1.3407986701272065,5.3708947656335475,17.868099957560236,0.7945623074346516,-0.14318982471242914,-0.5530316877688056,0.20572643492398537
6.8810257382627995,8.303887518254731,13.809668714118716,0.5683789156928475,0.20533256140249095,-0.20533256140249095,0.769819775435528
-0.7933573738941231,9.244727026088832,15.990575554810894,0.32484182241552695,-0.7076521758095784,-0.47368749556207845,0.41149282500409895
-9.97265268171606,1.0709527784312804,15.79146851169551,0.5719666022199191,-0.4981763053572094,-0.4203439680545579,0.49798144869642536
7.410035466064942,-1.1342420528229749,12.835961926308247,0.7561391469226979,0.6289336812217435,0.02225273026572755,0.17944590023625934
6.050883360093891,6.835581854756834,12.48509523604219,0.09238989989833846,-0.808303856253045,-0.44659481958902164,0.3723735348806092
7.917746645231327,3.437799990253108,12.546785870129124,0.29530373395255904,-0.8784142379601203,-0.36063315852041194,-0.10548865454734534
3.848427726381786,1.0284887277718298,18.040443309951957,-0.8662574349145397,-0.11279667540139061,-0.4866725813144484,0.004976451587964316
-10.36853226401389,-9.757635342923315,18.234015996950355,0.31175726577858687,-0.346508264757122,-0.02874412218663598,0.8842585623724473
11.888555101190384,-6.242773381116889,13.45866586442134,0.1473606145015691,0.744049914030019,-0.06052198836405474,0.6488541158458524
2.057275389691947,3.7134147639623265,14.794753342776946,-0.4410444842229253,-0.7540588812969835,-0.2939599413926805,0.3878949849251567
13.716398167600353,-5.365149327941753,17.944305118988204,0.6613835089188688,-0.3300254208351056,-0.22606783988479368,0.6344670263320223
0.8291501568244897,-2.6100383627041586,13.297565582431599,0.5240094113448321,-0.4474589195172858,-0.4734252503511157,0.5486922493497148
8.824916377972471,-9.66801784893379,16.282663384089524,0.3849912131407276,0.6953719196439928,0.14167909965870837,0.5900565158482342
-1.6834326188896132,-2.0705886899241124,13.783553186636663,0.8184315608684041,0.05414287698854571,-0.5634020989688394,0.09907776704900671
-4.208037191875642,9.496786403323311,16.464421908941254,0.29049490201883726,-0.19539734345769755,-0.42824352744393074,0.8330906741004365
3.447140283277779,-6.02679125839926,13.065565439838268,0.7335911923243307,-0.5114997860280812,0.29086903005176323,0.34001049806460404
-2.039044678885011,3.6146948845533426,15.04991036041951,0.11884951087327197,-0.18921270610147006,0.0783284166833873,0.9715647197973051
-4.86246793170552,0.8661775095226822,16.855187422082714,0.3060647759322124,-0.06590273332408396,0.06590273332408395,0.9474376034411942
2.5591448091884885,-4.140376801209448,13.825004676748893,-0.595331542819579,-0.2672383451575253,-0.2888549155623745,-0.7005189924313121
-3.2398716050567877,2.03422799865959,12.917752727365967,0.48928384598851654,-0.03915705651040157,0.03915705651040157,0.8703647326871463
1.3235337291474352,-4.110733657326455,16.862546415078924,0.1898964729799329,-0.2941202806319907,-0.7220719199922117,0.5966948402906647
-0.3621308410765849,7.820851501394765,15.407002430372483,0.21782522748561803,0.22487994040567386,0.8388976556055744,0.44523241806212865
15.625105886765397,-1.2057449942481284,17.405235622725876,0.23908935787038393,-0.5685574452780167,-0.7469978783195432,0.24813883242685614
-7.3287363980188145,0.905113048334238,16.68853070696976,0.6607079773576023,0.03635624810830726,0.10630429902465155,0.7421877039458353
2.176466004815188,6.547079537934753,13.824076182932075,0.3448037074751332,0.19138167042211615,0.44597202946256526,0.8034876529697789
12.422537972444125,2.2685112710538426,17.63926221748164,0.6502174133169376,-0.08740392383852047,-0.055256623294438256,0.7526782679864997
-13.744301794118455,6.5539340516338775,16.0657990878668,0.8668767741082194,0.02961962608820532,0.1079337391090087,0.48579588740958957
-0.5450434164016666,4.732591670933482,13.935389916259226,0.7253344343862843,0.2244227247240822,-0.08505240791254659,0.6452057709205843
-8.749166468253563,-0.9238822344945348,15.332110884447614,-0.6849896199397743,-0.2970483944851758,-0.6343519293324681,-0.20037240743355395
-6.7936660376549245,4.844090364775882,17.55602743600252,0.6153454918287597,-0.3253438120779316,-0.36075654793915574,0.6207705234204061
-15.737475671207816,-10.663319516348794,17.365913902082404,0.7200956390726595,0.020979717144289367,0.12168082998866925,0.6828000422307782
15.535562604027525,8.859499814316576,17.247854794696863,0.6417040115267391,-0.26267989542118536,-0.29484452248340076,0.657481514335986
-6.848872560847289,4.566771629426823,16.449330633297922,0.5998895281165197,0.015201708639087597,0.3918269360195462,0.6974045557064606
-4.149493462412735,-5.41910051669798,15.183599387108304,0.3389082051637786,-0.5874447261154075,-0.6785769328138298,0.282105066393419
-1.7888606592468381,-1.4521087278020222,14.924031426282372,0.7958179619000786,-0.49603712851317927,0.29473860842451927,0.18371197935241582
3.2207419310913536,2.0757193855887603,17.09223560720811,0.5646805353166603,-0.8112986633999307,0.08650587617081099,0.12428638375902636
-1.3870516955998902,-0.836227434167351,13.088110562608357,0.6362932184245735,-0.0062143201146405425,-0.13571286939253702,0.7593907686386863
10.903350852423472,5.515476290701848,12.685001566411158,0.7339474892868642,0.33638321787295294,-0.3363832178729529,0.48478216183806105
12.86740429154263,3.3994284137494226,15.879950125095691,0.04903230144234921,-0.2503308215310091,-0.9668345988262721,0.012695342426222892
2.274888736000781,9.778357211434399,15.2781944499906,0.9176120301268228,-0.02653654982556423,0.026536549825564224,0.39570163660672675
7.35741696326976,7.529791606109141,13.242327926948215,0.632399911354616,-0.07055515364778983,-0.2118428603440481,0.7417647369170786
11.025729493102059,2.1323767953953503,13.487288052412685,0.7313724378343727,-0.1769026274590564,-0.10695457654271212,0.6498927112461397
-5.552678226442788,-7.098087693038342,14.1634056714656,0.009241663534093114,-0.7371845509784354,-0.6387946477381559,-0.22003392346392997
-15.291358444280531,-1.6152959735662726,18.36858056540803,-0.12077596660320142,-0.2613215467752651,-0.9558438735820157,0.059048322734629996
-1.505729506892159,-7.302358926298276,13.841421619071697,0.6316495918565522,-0.3313821876661531,-0.354718172350934,0.6044664233926137
15.389199773475145,5.0525838848611055,18.22233332477093,0.603290342370666,-0.035451592045624036,-0.49227489710583044,0.626457798341723
-3.2154700598428168,-6.0021132812966975,15.28300714422349,-0.332817090131427,-0.6033557262096582,-0.41251117405896276,0.5958432540886586
-7.259507849928248,7.666946498081613,13.541722217199169,0.3498468014035451,0.5079038300033377,0.7418685102508378,0.26319579881497324
-12.737896200951834,-8.823998756107057,16.756096456111916,0.8655732672430142,-0.0444974757030501,-0.22487994040567386,0.44523241806212865
1.9847269556986813,5.392597469141139,15.969363870748115,0.8931229308135675,0.04603801709010912,-0.04603801709010913,0.44507576031480794
11.770681552216047,1.8483797353448086,16.925143181378978,0.8419181212337906,-0.41298055460827604,0.31181223262084384,0.1529512021581043
6.104437535709259,-8.198449836145308,15.678410565462519,-0.1974486467614197,-0.5643459086898259,-0.6854264315643501,-0.4155939534570977
-9.690296655595066,-9.208090469554126,18.172585993818537,0.11171449288083067,0.5634020989688394,0.8125770997477517,0.09907776704900671
12.441118576361891,-9.346110448180326,17.96765737674841,0.7783917746520739,-0.1608309235779465,0.020001416756480345,0.6064978173932639
-0.45856117887548997,-5.026000292806751,13.443865437800653,0.6636838309010182,0.3545757394778439,-0.3545757394778438,0.5550458202239069
9.824261903526367,-2.878084106800344,12.572039486541913,-0.2521059294675949,-0.7367064624703328,-0.5997746602342733,0.18432727802088897
4.769527980105675,-9.818551878821406,17.535079701547538,0.6189652828470311,-0.3251602370542598,-0.3609401229628275,0.6171507324021346
-1.4254108804323042,-0.46669101886753594,13.490486460863515,-0.3685945779283829,-0.5186961680110879,-0.7515423519973211,0.17400119415321635
13.790097119392748,-9.213736605570105,16.703627530298633,0.6503016852207167,-0.47847706788951727,-0.42825404810388856,0.4059136410439771
-5.771518651861074,-5.925398562934796,12.25417558752865,0.2003036696675256,0.40970875802781975,-0.06846590111802969,0.8873159493084297
7.4684406070183,2.0142162122803526,15.605332659286994,0.7780464482317566,-0.31144108154966427,-0.5444148701852644,0.03550529873534228
9.507074777602503,-4.59639322153394,14.498760449266076,0.8250257738331441,0.14725588407224233,-0.007885567260706522,0.5455144314737247
12.210866844046418,2.0576452589029905,16.933644766555027,0.6767478677357474,0.1509870503821885,0.1336006862579475,0.7080720943261438
2.429312570372426,8.395031879493319,15.065468155787913,0.4646921492065682,0.03635624810830726,0.4815566859684091,0.7421877039458352
3.5448026580841976,-5.196746796089585,12.096062690855998,0.0018122214824131608,-0.07151384859015127,-0.6890588245475368,0.7211660153018106
-3.989454289409613,-5.070413466729333,13.949130506861145,-0.019449151335513115,-0.5975734291910823,-0.778405769525509,-0.19134310859432324
-1.4319273281866458,-8.071789909153301,13.143205607765339,-0.005432012500684515,-0.7584826421972696,-0.07133027356647977,0.6477550206664346
-14.418067891000383,-4.850620240843013,16.423109577766034,0.30045258307214856,-0.812973155543874,-0.43892036251453875,-0.236963729419537
-10.502358983298901,-1.7933062970070335,16.855963217615805,0.18039754948227554,-0.7167995873380603,-0.4188550472750278,0.5274613967912819
-11.411328991545812,-6.972549337671465,14.016140522877942,0.7540415654575854,0.06052198836405474,0.082138558768904,0.6488541158458524
-0.2286053711108167,-0.7812742602231406,17.669683543310843,0.6898902643988474,0.6525298840456109,0.04369162843562399,0.3103984779597895
-4.103157000017979,-7.874531595852583,13.038338910472367,0.31116172549055493,-0.03460054791128657,0.16141528023974774,0.9359093385467969
-3.08302420914662,2.628308402637513,18.477458818275206,0.5627000632820852,-0.29393049249653036,-0.6034056251331591,0.48257139981638536
-15.865166702273445,6.170316098831943,17.40499313584801,-0.10200327500287884,-0.3973493845023023,-0.7455169443509639,0.5252744846363004
9.407751335553698,-0.9348291688286041,13.46325721720808,0.08463574476617397,-0.8327752760689664,-0.5251282034060784,-0.1535008151888333
-5.010903233015702,5.7000756490586735,16.044450609537563,0.225282965462766,-0.3236728687030455,0.5249713887917054,0.7542469757897284
6.241681081385963,-0.23661193817019743,15.898436749955325,0.061648416880319,0.03629032078980338,-0.24752607840240543,0.9662366820939118
9.381527512374175,-0.3398983927905128,15.702885380521838,-0.17475579446600123,-0.30336087788278837,-0.5871772770749968,0.7298324707475913
-6.058545341193931,9.552778909407852,14.899436963880095,0.08020525828768182,-0.6620983022958753,-0.6297567881173826,0.3982453294892534
11.430181839267124,-6.352292344344774,13.277904960970881,0.8431693687182407,-0.20351432232931702,-0.2035143223293168,0.4541247151047397
-15.933754116305497,-4.698962721853614,18.353044733062646,0.9185562909114311,-0.06991203341668023,-0.1887681164111929,0.3401958939157696
0.8359395780324643,3.642862791709984,14.608869762172164,0.6480305011619559,0.06589826106579487,0.07676228606716386,0.7548651801414815
11.853618815056315,-1.499866804282787,17.2091132258964,0.10199116110691112,-0.8613654664507637,-0.49653801302428074,-0.03312609068425129
10.627615163645698,-5.378089767162376,14.172892241428407,0.5892447957530789,0.48901556430477466,0.31240617157474065,0.5621892319385072
3.024459790843075,-5.011327347321872,16.2927818713712,0.07581353052555079,-0.5952737575928069,-0.7486957946458241,-0.2817020929816628
-5.020959500741425,-1.0116251901879876,13.997937075260902,0.22283969938588433,0.5293812628151131,0.7759993908983837,0.2606202069740996
1.1047625117437043,-9.960245343352868,15.35973723466638,0.046165810277649794,-0.5751455451631616,-0.5154110251614361,0.6335832975879452
6.09277380993705,-5.279555549079522,15.264142298870512,0.1887681164111929,-0.9185562909114311,0.06991203341668023,0.3401958939157696
5.340029278626215,-5.320371672675957,14.084065130089245,0.6109326908636988,0.2391304617086237,0.3169627990112752,0.6849178443871927
12.94555853153789,4.483572625431297,14.93516153468569,0.3361971717714381,-0.773195866624179,-0.26534071601739406,0.4676899805977748
7.974929635408451,4.2897521203298865,17.80834226939939,-0.016073650272041107,-0.7562957300422873,-0.21107055091867546,0.619037663653531
11.522176216246141,4.735648791430087,15.66096849558083,0.6339306496361643,-0.2700690268901724,-0.2874553910144134,0.6652548762265608
-9.0056161089198,-9.888150835679543,16.115271491184153,-0.25392757530339255,-0.6356944553295123,-0.722403237779943,-0.0977082801450811
11.784070719321468,8.345392840760145,13.708569382426901,0.5042988030259887,-0.05133139963600897,0.7259011670795001,0.46488202837987036
14.173305368907076,-10.792150284331619,16.87611621417595,0.6317717343264959,-0.27694998746988,-0.28057443043470587,0.6674137915362295
3.2155381795926665,-6.697082508502661,12.968446621371594,-0.0657000348384067,-0.2802843027002883,-0.9243913533561502,0.25024955728718257
-9.89892146208669,-3.9893141347486027,12.485762314478384,0.22184685028376835,-0.6597595360360848,-0.3984555201100206,0.5972725743933616
-9.340741094897673,4.128693041923061,16.247373258178825,-0.3635928650754666,-0.5591129347692534,-0.7004006414655117,-0.25422803951300416
-2.2262309820550836,-5.539381251585396,14.428489112548181,0.7691773073843431,-0.1059692751082344,-0.17642873888360364,0.6049873408873515
0.8352144466540263,-4.701598958704897,12.554747247075188,0.07581353052555073,-0.7486957946458239,-0.5952737575928069,-0.2817020929816628
-0.8286095295239839,5.129098068255422,13.230921982282823,0.8827877742024697,-0.4216719268042482,-0.043994690810086855,0.202343764530482
3.158063362091376,2.4316293311088852,13.3747108093334,0.8056582306945387,0.1131628602983939,-0.24854617636562953,0.525674595712268
5.542425521853632,0.13618596279367345,12.800275073227013,0.702204154578628,-0.6886314763185268,-0.17808850041777055,-0.03131295474448775
-5.231654202200591,6.212995934635915,17.554025035684553,-0.39579348075239107,-0.6781031255348553,-0.6137519648784024,-0.08265710702454426
-11.886511132648025,3.560376180721901,13.988671368864596,0.14377804161824537,0.8834737245176649,0.21070728877175898,0.3929433690670481
-10.220192658196204,-5.976173442697507,16.774010843002326,-0.2614211073408653,-0.6451028406448498,-0.691378282059756,0.1936424558941589
-7.142844225296372,-1.317002293630491,17.571392933101247,0.4659860646815403,-0.01084240901938241,0.40400008973632934,0.7870980607156299
7.1626995281156915,0.8241314819497827,15.940808635679344,0.4866725813144484,-0.8662574349145395,-0.06388861883469478,0.09309188705472199
9.958018479993726,-5.385137291756366,18.417916455120782,0.27515636183220427,0.14935793875548026,0.6671390181951886,0.6759487503321085
11.463760422743984,-8.294646366878153,16.64946299551586,0.39943562881559125,-0.7114351455187513,-0.46990452585290554,0.3368990186040351
-9.1497582366335,-7.504896581061876,14.51163327650054,0.4550929500986837,-0.16854792080294462,0.8199204035251667,0.30366517259410714
3.821215522722973,-8.900076635992871,17.970674148873414,0.5593566441527029,-0.3033608778827884,-0.24987374222770442,0.7298324707475913
-10.193880862829465,3.4568223639962508,15.538200468631596,0.4992249106469804,-0.563005036403073,-0.459047455452761,0.47230842806013396
5.2231514344757315,8.276582040187089,18.32517697725234,0.7545101736209366,0.2367290941812281,0.18324195852614408,0.5840343470260483
-1.2778748794285857,3.333262344172306,15.997224136413525,0.23795830550909394,-0.8405360660706744,-0.4757086126441914,0.10284105371793142
-7.441746003375348,-3.0471424308956596,17.579420941711646,0.8751595445781437,-0.2132515778287004,0.2132515778287004,0.3783428347952633
5.045638296619513,1.7232040927783512,14.24196116253784,-0.43418939786685706,-0.22893563243822354,-0.30724974545902645,-0.8152702845654869
1.7074399323906526,3.7134494271042886,13.187459780133874,-0.5825484265050916,-0.3694240796563172,-0.6995159202634315,0.18665652264126464
1.849687021248549,-7.134166262019457,13.307164355914637,0.43388088393010715,-0.4654621962604679,-0.6439026293019946,0.42483140937363495
2.355494148775252,5.721010611782219,14.372114875747442,-0.3131904834624082,-0.2921403001167768,-0.3452133997679049,-0.8351008769825039
-3.9164040664371846,-8.769308752888085,14.737220343653876,-0.11363704411463454,-0.6571861742040551,-0.7438949566544857,0.04258225104367691
-6.705336142981478,-0.018265507211044252,16.74720505185759,0.013932439733933266,-0.3712484769480705,-0.3712484769480706,0.8509729865574677
4.677984624285575,-7.222816569495012,12.37195535178283,0.5736221846097711,-0.3803442625392626,-0.16861157162654855,0.705596179971663
-2.1758561755641566,3.13347192287997,16.96288324769936,0.8072587595564075,0.006464983237226385,0.3866926974797207,0.44582536584076293
-6.052982626409702,-7.524985596636543,15.333283076195636,0.8913090280398684,0.08225669394838002,-0.3275851691079965,0.3024731555292024
8.666228713503523,6.491064627600316,12.153046206824829,0.7384404174134656,-0.11024644221780514,-0.03241410491515359,0.6644552638899717
-5.470691363213335,-9.925911719254458,15.720545068254241,0.5492094972122723,-0.8158878066596915,-0.16813976690229504,-0.06652092830021605
-13.305563895650302,1.8413842866431267,16.26634136770017,0.11372967512372732,-0.11155098734690888,-0.44164282795402365,0.8829346242700834
-12.582486931899437,-1.4503445298407005,14.455092332371635,0.9138363441146831,-0.11634641448936785,-0.3493202031249677,0.17129519461826861
5.158147636236823,4.833128123482771,12.300427020686515,0.2768464099926422,-0.7450613438497037,-0.6025326513537532,0.07206984964377217
10.324205562980357,2.260912069608219,18.40792243412936,-0.30768812887035246,-0.918550421519381,-0.2082007681673225,0.13507619558369793
2.6219041096529025,-0.5580380817504373,16.179638729294563,0.9442219457731671,-0.12931009948831473,0.0024953671598535315,0.3028491182641851
1.7974912105390501,3.815903296474673,16.83885335961633,0.4428890727233557,-0.4568992742934,-0.45689927429340005,0.6215588271133916
-2.510402661944834,-6.215548539982005,12.54543120629276,0.09542227607534805,-0.10561787880630114,-0.9890130101149255,-0.03990888032094504
0.36139319124538893,-1.694046713316153,16.770458785134814,-0.8863127969912458,-0.3255932057437358,-0.3255932057437362,-0.04927225016771118
6.4045302804363935,-1.432465184089394,13.409363627100573,0.07511969571023988,-0.6857068259612679,-0.14048164683765563,0.710231009635812
-13.542511774525662,-1.25433315345391,16.95109357258481,0.5312074588930635,-0.30518089394492703,-0.3756403577202963,0.6953974253900551
9.163557835858828,2.7139466306189473,18.022980819610268,-0.7759993908983835,-0.5710072592345458,-0.22283969938588472,-0.14872163125920415
-11.553136277372866,-1.2756623638326126,14.069707010443768,-0.3573378586607607,-0.47935574214835835,-0.5295787619339869,-0.6017259028375002
9.741713038357627,7.824890597231777,17.736603985796485,0.4819758916712553,0.7063626448882486,-0.010141132407014003,0.5183128506873813
8.897010443188337,10.008011751747949,15.390727363168779,0.42962711959351335,-0.39476714725333584,-0.7724443832474972,-0.2508168900784741
-13.571072791838835,-1.2022309732929806,17.232612876153006,-0.6666078436937323,-0.7160694455582859,-0.1744687093994995,0.11153116741214243
3.2473924978112354,-7.1581145603198495,13.210341395774247,0.7357702973169551,-0.04656758671301697,0.187397093534483,0.649119294728383
-1.5016969594314755,-0.8223577391560859,14.513775875288692,-0.8046219918731826,-0.5043087116825584,-0.2895382469378718,-0.12009903028440545
-10.541001951638309,5.6652806556327615,12.043068701048185,0.8058759166556065,-0.12748644948024893,-0.15272746284992378,0.5576607698635715
1.2729694841581658,7.628959277048846,13.973790142777204,0.6488050547365589,-0.5429011232718962,0.32227036729557784,0.4247966356523759
8.492290867319124,-9.939333470626455,18.369262165492806,0.2257788740518838,-0.553620964916182,-0.6854264315643502,-0.41559395345709826
0.15312280658620914,-6.006446738971636,14.3789011254372,0.575503939319251,0.5482294744474838,-0.04145957051931759,0.6054095829993222
7.686471357572412,3.5498955757966737,16.941126775860162,0.010683122204888346,-0.5299231596250625,-0.845916957863803,0.059091591545620284
-7.1454916532099935,0.6488979276200375,13.535393143900619,0.18834071337052954,0.356505137134825,0.875057554022461,0.2677800217189238
-7.33976170573384,7.850120344947667,13.790161422718228,0.7967120367205581,-0.2144286366243585,0.3412433689528195,0.45035902731679356
-4.887008953290909,1.4909853623291838,17.856487281266386,0.0704147534107335,0.8171924090789114,0.012620506684837576,0.571908254755017
1.0395804240596345,-5.412182036875064,13.079592324460743,0.039311692509709645,-0.8716846986667105,-0.4264842608066086,-0.23818386222955718
-12.427103775242614,9.289376445294602,15.532282178431611,0.15252695819718465,-0.7071122624458703,-0.4002121448767535,-0.5626348855296346
6.180355670737976,-4.147410275519704,15.222958444080689,-0.4246253042445621,-0.5142960201627921,-0.7225269364377283,-0.18206532004156353
0.9893986484151114,2.9120962521979834,14.176171848230139,-0.15981739367013764,-0.5309706513436909,-0.8307514847305904,-0.04879076459803415
6.078331297508917,8.113656487850166,13.61125867480614,0.8184315608684041,0.5634020989688394,-0.05414287698854571,0.09907776704900673
4.844627805789601,5.840354511104541,15.362103137860295,0.6142995719157796,0.11426915261718062,-0.5948823263385071,0.5056615612386687
9.375732594547493,-11.23281142264916,17.550503467601196,0.07676228606716386,-0.6480305011619559,-0.06589826106579487,0.7548651801414815
-0.20808192689803562,11.28303478902262,17.32332464808373,0.6994271629174051,-0.5404178299002864,-0.46168546290324686,-0.07481140449817167
12.971593400513974,-5.895417248962086,17.42487484750009,0.5351428436368298,0.3980316347532715,0.14523625171473786,0.7308210354305489
-6.524516460988554,7.3538462828557485,15.510578749312796,-0.06998910712380826,-0.3648576015340968,-0.918550421519381,0.1350761955836981
9.149904821576623,-7.792230351968529,16.963821703485834,0.5622741566895348,-0.1557829745505869,0.6214495921649222,0.5228573820434166
-8.159571320595933,-0.7858224823994302,14.697462082913155,0.03843406673025079,-0.6351617904929137,-0.7515423519973212,0.1740011941532165
6.487581787399616,-5.296063705082798,14.042422423737007,-0.1795404316681459,-0.642317895404207,-0.7443862470860277,-0.032894829215321164
-6.373018742850996,6.825224992633194,12.828919473054603,-0.47090844121650544,-0.7284215151469092,-0.3983296745397944,0.29829650792985096
2.9292039085108605,8.130798687447571,18.19519541179734,0.24521525824137064,-0.5871772770749968,-0.24987374222770453,0.7298324707475912
3.9688405887597575,-9.650138472277176,18.217621517553333,0.32541155390336673,0.5015771060854524,0.7481952341687229,0.2876310463151515
-10.928011833766643,-2.6234580331986894,16.849584365704,0.1219977705944992,-0.6245191923052178,-0.39167300831898455,0.6645935426760987
-10.262219168579291,-10.16087311434686,15.605862803243598,0.29530373395255904,-0.36063315852041194,-0.8784142379601203,-0.10548865454734524
10.93877266084947,6.608864582382235,13.156143646650333,-0.3781573503842807,-0.5629805468384145,-0.5521165218370454,-0.4849920293638064
4.235171392558419,7.076458823741326,13.183000354592926,-0.12330906404163544,-0.6771255743569266,-0.6879895993582955,-0.23014374302116125
2.42657117473534,-4.097664897448388,16.92840665907106,0.9269382786985382,-0.1420017212212107,0.3433002413098706,0.05259166255395628
-3.291308784641407,-2.748284911794631,15.929274944679308,0.24030658686066314,0.14146029316545672,0.9186928598809662,0.2797233615067815
-8.177349168548352,1.2255271011827187,14.709249257257195,-0.4971397103633536,-0.6128726935334351,-0.49649213202902776,-0.36157258294038774
0.7391181834133871,8.499507350557236,16.253108614933407,-0.37230877734123724,-0.3062511665830374,-0.8735731227547942,0.06683110414798757
2.7060240562447095,3.2908201376321458,12.789380522508058,0.3751226823823813,-0.48953248936776184,-0.14782121051691946,0.7731686780625309
11.521738797908963,-0.6781546896515369,13.294048328158459,0.2355876510678231,-0.6807909639582932,-0.5787226122764725,0.38223325352064796
-2.4181174192039805,-10.614512420341233,16.65664591867442,0.4685672666357905,-0.596464702989056,-0.5186323656864044,0.39458211311229663
-0.16895487952275445,10.36289265656633,18.245894330266154,0.15273688720330883,0.13112031679845962,0.6380388497343896,0.7432262993461226
-5.1820322265215335,3.6259538916486775,15.42625210278663,0.2806293797018148,-0.5279388449536891,-0.723954673104724,-0.34411823335442715
0.7032120267177717,-3.720710415453464,14.12297981852399,0.36980804395719963,-0.8617546472000862,0.13696185997096647,0.31915887511848695
9.90203803276771,-1.8023435425393943,13.119857151345348,-0.5779530583861586,-0.613865334396653,-0.5217893002164349,-0.12990588788739907
15.872553201300637,-3.8519066116852727,18.071748182329614,0.595821364630184,-0.23052312633229985,-0.04969078599787288,0.7677153218889939
6.975814561631042,-6.6282433565276335,15.600420953294233,-0.1589513505127756,-0.4274544357672999,-0.59594945909708,0.6609549271432369
7.480794323319309,-1.5062916698036553,16.728108983035632,-0.2776409394457515,-0.675469808756745,-0.5905518501724919,-0.34337233211144624
9.672356166191157,3.3373639651458866,17.651865115031367,0.20836147195418198,-0.03734483502798873,-0.7888436377709339,0.5769892333918704
4.613386969698086,-1.6980712723816147,15.010779018011508,0.7585566723131052,0.47368749556207856,0.17574295549904592,0.4114928250040989
-6.704356377123252,2.5662900485202744,14.188187524947,0.34685948904333835,0.9365485340101398,0.04749636606998057,0.01759072238990921
-2.0877950921970516,-3.906427560700961,17.0653637498037,0.34967669209884733,-0.6490398150722055,-0.4517450437806681,0.5023942126193808
-6.4466022884870435,5.873927187869764,14.19352243582259,0.15788289038492992,-0.24072552386827378,-0.4554959886129607,0.8424058519737068
3.010218921132216,-4.496728154371206,13.667538189189068,0.5756912185069482,-0.3864768903854142,-0.4211590936082704,0.5846710630799732
-1.6674983421461,2.369313033531933,12.516076367665377,0.33777784735439276,0.7333066971831683,0.06054026143726224,0.5869431748031956
-0.331708902814551,-5.545303137377928,15.52688259281164,0.3529778603189484,0.11587137108819741,-0.6690651863891302,0.6436864390748623
7.0216250673022405,-8.126120684467821,13.76990054294886,0.13666443507069664,-0.8087549091912186,-0.5672242895253727,0.07412782485914046
10.349104471941487,-7.243625155256483,17.239768316177432,0.5768109937386642,0.3348075908074497,0.2184270293030423,0.7123781211616298
-0.7659784532760767,3.4481192628828836,18.247880679680925,0.6669731100129161,-0.181671147481835,-0.7016553132357725,0.17269130290880988
4.156582670556855,7.84070814246763,12.91825269283445,-0.5412770688723918,-0.7128934575920896,-0.42997287126117634,0.11800585923897022
-2.918850848686347,-0.23926089425677954,12.046399475240305,0.19938928774812273,-0.6192987604243644,-0.43891629572174073,0.6197301369290084
8.400155540573275,-1.3965311927483626,13.171493199972566,-0.4191790592885244,-0.7652898400682185,-0.47874481077247943,0.09707617164253518
1.5103629245602797,-3.2466217616613866,12.288061648230444,0.50719797791554,-0.45022248829498435,-0.7036354702090174,0.21200718689609277
-4.9496688671208995,5.262012158721049,12.403565522321877,0.36694926700678754,-0.7927630597912,-0.4279356063647169,0.23183201521562502
-12.640292111930716,5.715073098392864,16.91401078780968,0.28549301686392253,-0.037007056622904405,-0.8643951233362496,0.41224420655062594
4.341077059040572,8.833970866902611,16.67716098234606,0.6408085995936506,0.5119824309885189,-0.40581986639540363,0.403173120488864
-10.345113895704847,5.569731762903979,12.550774314427683,0.5945270562296981,0.22681546904573965,-0.35682256834292814,0.6839371148969525
-5.838008074386227,3.2948623455090846,17.84526069992929,-0.38995203028077635,-0.46168546290324675,-0.7932132129388199,-0.07481140449817161
0.09651218968244457,2.9869696147685314,13.378807191770804,0.9017873206515123,0.35381702874980103,-0.1243576303960483,0.21477504101060807
-10.424228017614553,-2.934081333922065,13.731269765940372,-0.2332629188300307,-0.5664849098709913,-0.3756403577202965,0.695397425390055
-13.346999557534291,-4.525474800093769,15.51927903226358,0.5665895565614917,-0.39214999965445174,-0.4154859843392326,0.5937727250254303
9.548623917496556,-0.7039398506965071,17.81955610996594,0.2650529443064734,-0.5768651769273172,-0.5125140162708643,0.5781893180343203
9.704899109499465,1.0340825436896726,13.370404093536743,0.9186943278300086,-0.12172346014779538,-0.2535289267959633,0.2773215003210262
-5.5089947123919885,-5.370343700447968,16.84341236073257,0.6052520000033417,-0.19641205176756438,-0.35682256834292814,0.6839371148969525
-5.786469606061082,5.461043483987188,14.403693155583543,-0.2535295302108016,-0.6398647873059684,-0.541474884065689,-0.48280511720882474
3.45640799904948,8.237570596397424,15.149462042387086,0.2989643341797965,-0.6216567756744118,-0.6476231065082418,0.32364717218467925
-9.654047252861677,6.751136508797302,14.200508241302508,0.012983165416914993,-0.5123414190024413,-0.7192212721548445,-0.46910390050636813
3.368614631665526,-4.729941886725311,13.799759673316837,-0.30700885759995006,-0.5130475943984484,-0.5877372644544255,-0.5450620471182779
2.7318662166633594,8.448693675666265,16.935461365926663,0.5233103328603846,0.7731490446185744,0.24304315600562762,0.2632809804102129
1.7119057677334837,8.986008772736161,18.17801755182049,0.4840385594331022,-0.4840385594331022,-0.6253262661293606,0.3746737338706397
0.902128628253779,3.5979582823911223,13.992499823130887,0.6628780894654813,-0.2634160202067217,-0.016797892123451175,0.7006585970536967
-2.4173998690378724,9.698952724448633,17.66854312842537,0.18498484750306607,0.0793832500226091,0.3862833675917262,0.9001466912298852
-10.912470911152528,0.2862636035235635,15.320212667931699,0.1792951732838451,-0.4193281141589385,-0.8761514192191447,0.15612771731278802
-11.430030242732917,0.11622357598658972,13.418226312922954,0.17004229053290948,-0.14495610996221886,0.36558686593853706,0.9035593998560253
-3.2041484061065386,4.130522256243861,14.100355855545603,0.5083992758092878,0.06474927463894822,0.5726044252457332,0.6398920846356243
-3.6970122271622756,4.979505008029355,14.528756167829046,-0.44745891951728595,-0.5240094113448323,-0.5240094113448319,0.5006084188150541
7.03965583378303,-4.4033482510200495,17.817257266838563,0.7945623074346516,0.5530316877688056,0.14318982471242914,0.20572643492398537
-8.852040582922907,-1.456904652627939,12.284352746527489,-0.13206077844295153,-0.40742383911693114,-0.7071122624458706,-0.5626348855296345
-3.343140662027997,-3.6683599830470026,14.3855040082301,0.14410608980248146,0.6745889524260787,0.06790800147006232,0.7207993364889199
0.5848614658038294,4.057720628226257,18.04443991982926,0.3613163278009429,0.229966834887509,0.7219134381303955,0.5435133429484633
-7.516113533027504,3.310599789070679,13.651177897913863,0.5346227204268181,0.37210839556658715,0.4334543984393861,0.622760927825308
-6.609882471783445,-1.4845662436917264,13.897832300058987,0.171016636926193,-0.5450694299555282,0.24570630698217036,0.783122619473856
12.839710683817405,2.6109924238556186,15.617020242411686,-0.6849896199397741,-0.6343519293324681,-0.2970483944851761,-0.20037240743355367
10.22052368856451,-7.900172039353929,14.229105248458296,-0.5060535410720438,-0.36651223289844476,-0.7763540959548214,0.08278233143862226
-6.45180907811802,3.827252069748365,15.696778109499197,0.46936095365340014,0.43341008930268654,0.6673747695501865,0.3827099510648283
10.291718086727442,-1.7228272554368784,13.809023396589945,-0.3793161645877393,-0.8530723280915328,-0.3519929746159737,-0.06699101542697564
6.508874166995641,-2.1308288320623756,14.670119745420372,-0.5907441501897108,-0.7798351217743369,-0.1622901458169514,0.12860964362968663
3.691026283855342,9.436521475897472,15.200528266820942,-0.32839718678213936,-0.6400024129781485,-0.629277469204505,-0.29421431958233624
-5.039574591313711,-2.5311812246217418,14.063718576988123,0.876151419219145,-0.44683629606870223,-0.1792951732838446,0.023436210295112003
5.201620612698491,9.535421996042555,17.0283946851349,0.5980773066341069,0.35609297333796275,-0.08671555722923868,0.7127283786710361
2.7796492655492013,-2.236558045042739,13.270626145033997,0.7515747412701808,-0.037795404690933565,0.31149065141899435,0.5802417511240291
-9.581750918583827,2.8637626493958326,15.349354640548793,0.30043301232640385,-0.26890173339144385,0.48953248936776184,0.7731686780625309
8.73558141614602,6.634528015225209,13.2689476675925,-0.3850546266675944,-0.8143177502636998,-0.4297169005769985,0.06295173902160556
-11.98397369231144,4.87086012819038,18.38933446369567,0.5043087116825584,-0.8046219918731826,-0.0512339598617461,0.30924303528454045
-7.977877989340552,5.484573659462816,17.403311033621094,0.6128726935334349,-0.3862554209452709,0.49713971036335386,0.4775415371371425
10.527002406128364,-6.65094323261124,18.127942898917397,0.0619257351328155,0.08000145437436208,0.7867185223619355,0.6089654647013244
3.4282984554560176,-4.1443111026318595,15.33386935148739,0.06510826265287076,0.9813587004854261,0.1453924892012776,0.10750367063378416
6.237855196386722,-0.16951038955724584,17.526360742580167,0.8950577813581029,-0.008337577286163564,-0.356505137134825,0.26778002171892384
0.1673372970724838,-2.148455470858191,13.517528313147658,0.5833721426748301,0.009874491973470872,0.1309550148479953,0.8015174493705081
5.89346070921664,-8.981369797627979,16.480742616157126,0.9616848054187841,-0.11648689431780022,0.11648689431780022,0.21914365592237023
-0.3512853764892778,-9.248572212993427,17.525043642523592,0.3943930192204099,-0.4993614161885144,-0.517437135430061,0.572146076881021
-8.503763294175789,1.5720808233517989,13.470078520122094,0.37485432406815933,-0.23452399317925043,-0.41490645788187414,0.7951951732490448
-2.928771481091303,-3.3048919985732166,18.36828934558708,-0.468199362252012,-0.45174815983982397,-0.7496926999028566,-0.12113551494300567
-4.967920022638182,4.904897497545694,14.571965378504217,0.44659481958902164,0.7435763113858097,-0.09238989989833848,0.4889902275699352
6.776284166162007,5.847425946286927,12.40723633076711,0.613865334396653,0.05940064149852278,0.5779530583861586,0.5344260260482588
-10.059336819113197,-4.291102308286549,13.621100317011138,-0.1332112366126951,-0.8025869324109911,-0.472426421212859,-0.3390018567843567
5.416675621905124,-10.03315916930312,16.676090310145096,0.4211590936082706,-0.6740811217472276,-0.575691218506948,0.19188350661024742
-6.426968625898178,10.257168738254602,16.437841602694764,0.6945473015014608,-0.3864768903854141,-0.16247894378039723,0.5846710630799732
-3.8612596823836176,1.0390888861379892,13.02231081900377,0.6807083645042553,0.15963496993149628,-0.15963496993149628,0.6968999033174581
-0.16580943200820997,-5.861046324555087,13.25472364482664,-0.4219162252800687,-0.743798121193676,-0.4608775348627626,0.23736670283129338
0.8581949739808756,-6.879080242631591,14.564046352288,0.3492759396990416,-0.8119458756888767,-0.3673670007899296,-0.2894679595910163
3.6403433599941053,-6.600838133207714,17.161403090454776,-0.28022534085582546,-0.8274048536650973,-0.20985987770771197,0.4391284529635719
-10.04505436740087,-6.408700999844847,16.809506859031067,0.4110544791807406,-0.6679848549227907,-0.5113280215560158,-0.3512464990727153
10.233645717317795,1.7005007512995771,14.01832775760708,0.5159472661225303,-0.5045630898469111,0.12931070290315316,0.6800685620285042
-0.5578213038503304,-2.9568761122710567,14.804993251646657,0.1609967405060702,-0.554079172777721,-0.37732115103992303,0.7243652868672582
-10.534332124758224,-6.232239581482965,13.108147788317698,0.45022248829498435,-0.6078990907599198,-0.5071979779155399,0.4129268914531031
1.7128150019531976,-4.927935844972248,14.234843957530776,0.44156756394667596,0.02313772070745329,-0.02313772070745329,0.8966311271817003
-0.6257419497340297,6.936959822638842,14.768260749364067,0.35590495464750227,0.9168618479037495,0.10654204696063024,0.1460986219829592
-7.553742962279212,8.14479304454464,13.93961445429768,-0.4636739119819457,-0.3434096438759128,-0.8103207099787219,-0.10225784478443452
-3.3380025864572644,4.003466081830455,12.828594091428883,0.7210741098299603,-0.0697016271077382,-0.07332607007256403,0.6854320526202269
10.66263429931231,5.796888058276297,12.766733970579715,0.7043245665305872,-0.4297169005769983,-0.5615223672251661,0.0629517390216052
-3.032806168621857,9.430581629713057,14.84316745113938,-0.3269678664774363,-0.6259467590292064,-0.6433331231534473,-0.2956436398870399
-5.519061720181163,10.490697627237115,17.757277303246124,-0.8192323676102429,-0.3606331585204119,-0.4332138001000183,-0.10548865454734525
-8.341247006492639,-3.34792841887967,15.927805152529405,-0.911349998163586,-0.16809833308101063,-0.31251484064031626,-0.20861113499086212
0.771060185763794,-9.014093708956468,15.295836226446188,0.08020703065227147,-0.7189151945202917,-0.3412379585261308,-0.6002369790197164
0.6909010644895925,1.4787775077898289,12.265109815054652,0.12934007491393656,0.05942804149725632,0.9245995320647302,0.3533484939981196
3.7777472237675838,-5.276204273923497,17.158561616232706,0.38670774673094566,0.6299222514608438,0.2417435523550744,0.6286613799395706
-13.970448035494009,1.1312887896271882,17.755295305624614,0.349204668900479,-0.4932262683539794,-0.27124410936911536,0.7491398938491197
-3.3729481513470017,-5.249736462721099,13.060820390698602,0.6357912907903221,-0.02602137857157749,-0.5976194923300511,0.48779428532895175
-8.487707621490697,-5.871985003184886,17.738636168443776,0.42034396805455804,-0.571966602219919,-0.5460002713860891,0.4450268060594407
8.343335827523564,1.6497249478702152,12.36885783491026,0.691807464284723,0.5768733797572877,0.046767491144340756,0.43177811183455117
6.738212610335765,-8.381144529434742,14.36481396898881,0.2918190186943339,-0.6351192600042044,-0.6872337218295776,0.19792674776354652
0.2110445006121111,2.9042207033280683,15.367806235386272,0.2390873295729252,-0.3255932057437358,-0.9134541907367963,-0.04927225016771118
2.520240943619978,3.9160509647529924,16.657185106868198,0.299363122973358,0.0,0.0,0.9541392564000489
-2.889843226587292,-0.010555769946728688,13.974372893400409,0.7333066971831683,-0.33777784735439276,-0.3377778473543928,0.4838114710706839
-8.727304628463795,8.390522417087627,17.626271793890346,0.6115575204589105,0.36032241771086,0.44524037629511315,0.5458261277932158
9.225147148385977,0.7592628651909052,13.262356546318419,0.35405447692703906,-0.8250444949466372,0.1736720122244153,0.40470364576575174
1.1999703112948072,-0.2540029113526927,15.338341523917915,-0.15800225227292516,-0.7418630018750374,-0.20026226571625083,0.6201367588329495
10.285226442587687,-2.0924406281279877,15.069834107823883,-0.9067705925289292,-0.222216655986439,-0.1624821359847138,-0.31935310521863386
2.397790255773108,1.498053789026093,14.016710526996908,-0.05146499032619867,-0.7146657599920754,-0.6972793958678345,-0.020140763735802314
-6.876127136508964,4.5834224387725,13.255467334271792,0.39476714725333595,-0.6711577392593595,-0.4296271195935137,0.45730375746489216
-0.7989685607982242,2.8093617210595845,12.051887740068882,0.40311117811521624,-0.8750575540224611,0.008337577286163578,0.2677800217189238
-1.3383133759980268,-1.413090937613914,17.715672758726512,0.8070825895216807,0.02121980179059313,0.1196097050308727,0.5778070025236576
-9.058328160604106,4.214859220581763,17.67885216809394,0.47342525035111593,-0.500673426660051,-0.5240094113448319,0.5006084188150545
-8.725954922792024,6.150526556940903,16.341206300166277,0.4671188709326164,-0.5613768023501068,-0.4606756895057269,0.5044144677744977
4.089054342111504,1.5284094550939873,13.596756718608425,0.13166128751813355,-0.8327818993235244,-0.4221167765185425,0.33310214726081433
-6.976850103601658,-7.0483716519687505,12.458577572353919,0.2599920828769687,-0.44166323035880367,-0.8565057291145154,-0.061119913157120925
10.290238719057395,-5.105824594922174,12.150794194735125,0.8327752760689664,0.343315894594047,-0.08463574476617389,0.42597690875823446
7.527011863776917,-2.9146506975595816,12.39923971536727,0.7185235440009299,-0.05197879047515602,0.05197879047515602,0.6916070614140835
-11.766830883595482,7.592501198220155,14.341945138046583,0.7585566723131052,-0.17574295549904592,-0.47368749556207845,0.41149282500409895
13.355513288818347,2.1869371515034786,16.219995624084035,0.4699045258529057,-0.7796633430580853,-0.399435628815591,0.10847113213726152
-9.007414687458997,6.807905677557249,15.896202404245422,-0.46852106160681034,-0.24783199760701138,-0.7894327337657977,0.309617949499064
6.708930692680191,-4.251559553691408,17.833930125938675,0.24134569407884554,0.35381702874980103,0.8777456624074845,0.21477504101060807
8.439057482960948,-4.787784632294452,15.613107388965004,0.13564740299672315,-0.5845496727820938,-0.7733538066929506,-0.20451247341938258
-4.1295072025493695,-3.7991686226171693,15.598754624709969,0.3448624014909567,-0.6358790362294499,0.06282066652803064,0.6875909679298956
6.060235597056597,7.438639884344845,14.435907417112633,0.4628205884027739,-0.6719269981159443,-0.509412673255713,0.2735140590168521
-2.94267606469157,-5.845335100264964,18.46866908120752,0.42428611124771143,-0.4942341621640557,0.4942341621640557,0.5757138887522886
7.424523738034106,5.3857045912235755,14.58685011257737,-0.3866926974797206,-0.8072587595564074,-0.397416896500031,0.20214317503094537
12.629727624586478,0.31834887203075724,14.324606147916946,-0.1320607784429517,-0.7071122624458702,-0.407423839116931,-0.5626348855296347
13.055437903814227,3.794497878185389,16.29651371431844,0.6487398021780069,0.15473756631831442,-0.15473756631831442,0.7288684656437068
-0.728522881811994,-4.98187170768508,13.701864339911014,0.7731490446185745,-0.5233103328603846,-0.3434096438759127,-0.10225784478443449
-8.528398337097263,-7.057564572731891,15.78137461326785,-0.20788030646719333,-0.7000926595682168,-0.6222603222655652,-0.2818654599906872
-5.141360246821024,4.853046648133322,13.346590392910468,0.6438610665098764,-0.09863588738626451,0.7500083701084866,0.11489705618291444
-8.27956690475706,6.176312306462295,16.87686345083911,0.594882326338507,-0.4608775348627625,-0.6142995719157796,0.23736670283129335
-13.4539403609439,-1.9899361594812959,18.1369211975422,0.6642950443462875,-0.2685291190751764,-0.2889952988294096,0.6348904815164375
14.872392816185648,-0.7562365347877336,17.940601783946818,0.6398647873059684,0.16861157162654847,0.25352953021080166,0.7055961799716632
-11.41359100918888,4.160096397730479,14.028056581678618,0.9186943278300085,-0.253528926795963,-0.121723460147795,0.27732150032102626
5.467940533299947,-6.450619556200996,12.157036502755396,0.4592601367058837,0.5886668454434565,0.03497402545817213,0.6643254394133902
3.6260983664920303,-0.7817380976013801,16.27926084347438,0.3412379585261308,-0.6358790362294499,-0.08020703065227158,0.6875909679298956
11.76306654724395,7.3006396850181385,14.614993784594667,0.5192682913207866,-0.2074212493778558,-0.6642445544380621,0.4961008353497296
10.131228044389943,3.553123702472133,18.432103580154063,0.09793873767012183,-0.9631102282375961,0.025358096090515477,0.2493665151746985
5.70315680035565,-7.456826472023089,16.16098419629155,-0.15347256534487702,-0.7691656017706683,-0.6175385407195666,-0.05896269553859018
7.339482744319133,-1.5089053571175715,14.957362459152545,0.9431364319494265,0.2959109645311055,0.04533189237868495,0.14448318702652907
13.577161176689192,4.74450493192942,17.868442429702732,0.7849923611329224,0.4357063050229944,0.21372414603813022,0.3850571361842818
9.827334474125923,5.052279019396558,14.033934564588952,-0.32888506636331144,-0.5676766188651243,-0.6290226217379233,-0.4170232737618013
-8.216952308457873,7.204369229876175,16.598399499834667,0.7442607123279995,-0.5952748749900021,-0.22122208196066678,0.20684439983631372
-5.72323330130156,0.20616140362049507,14.749238537861757,0.1838348249371871,-0.12700949383951998,0.4551227462566412,0.8619377190115046
13.7312782957005,-5.237190758550806,15.696481881506354,0.6953719196439929,-0.4102322265104027,-0.3849912131407277,0.4471567728519577
-0.5270866978446413,-8.75853408989321,17.961470053968306,0.34002126945685274,-0.5546824127812312,-0.5546824127812312,0.5186910238468887
-0.4483537353365339,2.4601543342034997,15.21733734049128,-0.5034780652819224,-0.5052773485670291,-0.5194054894378533,-0.4705556038842483
-10.5745773083575,-6.973538911709453,15.376269501282374,0.015162493359562008,0.2989788925517705,0.9529146255066426,0.04832636029305014
8.768270650635772,-5.230878110429863,13.849340126616635,0.7000926595682168,0.4606756895057269,0.20788030646719338,0.5044144677744977
-1.5312956773724142,-9.53760822924663,15.402867546542986,0.2710422810255484,-0.22228943744947363,0.22228943744947366,0.9097861803156063
3.076520206206329,9.323842960676037,16.328465342926595,0.3356673487584526,-0.1592073349147992,-0.09947281491307394,0.9230848360687482
-2.0587882639970356,-2.0474019506326986,13.716709358981445,0.3423457451512505,-0.3394156647764409,-0.7962389698366474,0.36551320112230745
-11.051670237139728,-10.404412613572585,17.816888520641314,0.8712308981605963,0.4777121173240915,-0.06388861883469478,0.09309188705472199
-9.349077151418959,-8.454188573970935,14.315121864642364,0.40217149644916417,0.028744122186635968,0.23562397533903917,0.8842585623724473
6.529969495451997,-0.8417034727856638,12.190092620259668,0.789760781950034,-0.04005213381371519,0.6113203489085073,0.031002659257242878
7.778968502786816,4.6144297756926935,12.025050173109193,0.15273688720330883,-0.6380388497343896,-0.13112031679845962,0.7432262993461226
14.081668758810743,5.9148127802570905,17.19483038485203,0.44522751838885133,-0.8543985028325571,-0.20665046307516077,-0.17050290712363747
-15.528814348684932,-5.4811049364592375,17.38521312246708,0.7139300525859451,-0.11651654257157254,0.5821831601859079,0.37120148614700643
-10.361045243550226,-5.734843455980096,14.362965143218137,0.5194054894378535,-0.5034780652819222,0.26577904353537807,0.6372513439289212
5.2357127860239565,7.083607217574542,15.794589118117885,0.889622030632905,-0.09884629369520644,-0.38176688002611986,0.2303391025215431
13.375397777847354,3.340262948541003,17.82323283657837,0.14844626572466532,0.8248124205389236,0.5088186223001832,0.19685473506539722
3.0998205551316484,-2.2008251458241137,15.399404447527402,0.18295022400742442,-0.9663504542451214,-0.12828043467610528,-0.1274368282530214
-0.8728813092517314,10.680962820625002,16.329672374731388,0.5625892839230926,-0.12812875467483606,-0.4151391317931733,0.7033745951442857
14.97404960530206,-1.5373163933488936,16.704197750287637,0.6037816328022081,0.025764170217268123,-0.4263715095523191,0.6730462712665388
-10.23254977369493,1.3455484268374853,17.05643055760823,0.07826896499927555,-0.34168769545167704,-0.897359701028855,-0.2680840444044892
3.521956474618861,-1.1848403609456302,13.017865212588873,0.7581271035198556,0.04145957051931756,0.238754341810855,0.6054095829993221
9.003321548717194,7.316636013600469,14.232964231961581,0.5519193663675919,0.41622415635816257,-0.2929273225975251,0.660557377044703
3.158358161074192,-8.637755263020585,15.556854701667046,0.2161144314399764,-0.17621811131224305,0.05675567732335703,0.9586555809363906
-1.1209547183806254,-6.7499703408343175,12.946886160714774,0.6156103875676796,-0.6487001767237135,0.2164713138437605,0.391601968483497
8.585763621883789,7.547815982970205,13.919604740699418,0.44406525916497325,0.4976073662666374,0.2893764499917012,0.6866252433679719
8.977134417296478,-7.185764424429862,12.819104194515578,0.21771908578283555,-0.13292135448831974,-0.34769181923300657,0.9022420473716127
12.699765543461297,-4.882385004393143,16.201828397699717,0.3524308405807969,-0.6918494923532905,-0.5600440257051225,-0.28894198692818523
-6.677378797731508,5.64089809214282,18.025788005932448,0.2475260784024054,-0.06164841688031866,-0.061648416880318906,0.9649506650098896
-8.326435228842849,-1.346707008869621,13.25421363707217,-0.4815566859684091,-0.4646921492065682,-0.4538281242051992,-0.5883913649479348
-7.872137615535598,4.851764070912198,16.052411786443763,0.14782121051691932,-0.5550233713668526,-0.37512268238238133,-0.7275856788860896
-1.131821508318458,-2.991704423021619,16.051890343003944,0.17408377992433077,-0.29572594574287314,-0.2957259457428731,0.8915083665318151
-3.436219575419,-1.2035702645936324,12.925999018674759,0.7747636609690933,0.05103417584091041,-0.05103417584091041,0.6281180585162685
13.351774324225685,-6.701021597023544,15.607718057881534,0.4455805982082653,0.34530939496619695,0.729867711812345,0.3866684309615349
4.643088321225019,-2.974369707934441,17.940538091587836,-0.2151604851710423,-0.5988435882670459,-0.7592541048424095,-0.1364753702774315
-3.582305635462591,2.1610114100549485,14.085823606137364,0.20168914140455224,-0.23945836290577846,-0.8215906030019393,-0.4764137526697656
-4.2958959006967055,-1.0965369084255325,12.693980314762255,0.6572371671915599,-0.4987674966575255,-0.5650100993537228,0.005820478356186792
-14.788939424217759,-9.539567928967676,16.96062295873444,0.7500430033440972,0.11794530178696816,0.2987776421213951,0.5781490460852872
7.2729818654884415,-2.814991707324589,13.889278424935238,0.462907999949812,0.8291320824014435,0.13460975559469307,0.28308371061198045
0.38205384038261236,6.953546819830358,16.215979552790014,0.5726653913528905,0.34184995964123616,0.0705551536477898,0.7417647369170786
9.791394578230726,-7.550304037790706,12.932678500677268,-0.7505586239450489,-0.6510867046482368,-0.10948596848945119,0.027580387160825802
-4.719508175151071,7.654473499479474,13.573624034379737,-0.2722995696578304,-0.15450489212378082,-0.2207474948199778,-0.9237162584932036
6.192157736529621,6.9632481307832315,15.290904262898898,0.9119656699968467,-0.1998293432413366,0.3107136326594195,0.17844856067373074
-3.238727904049396,-9.127355288348571,14.571592118627336,0.349448485453385,-0.702178970971865,0.027609203528373427,0.6197323459524743
-8.001967955289373,-5.800459701574897,16.64289579208526,-0.09121486174181703,-0.4468362960687022,-0.8896448266359035,0.023436210295112017
-6.606621235623538,8.02535437868684,13.045403396556626,0.38861636556177126,-0.4083600962007871,-0.8232025949564987,0.06750436952768162
-12.128354759115304,0.7919297827949521,14.495614007058702,-0.1454877011251155,-0.2484131915564951,-0.8550941425125114,0.43120554556132307
1.1017759521919572,9.96448373954003,17.13250789449237,0.9275030684059756,-0.10654204696063026,0.32717280293694817,0.1460986219829592
6.646504161591718,5.931889629732964,17.494105444752858,-0.2184270293030423,-0.4921290061810846,-0.5768109937386642,0.6143189331668694
1.822170460265994,-4.831842015152568,16.530071506875462,0.31031801478198107,-0.7784950562364836,-0.40081782024232265,-0.3701259948900066
0.15286624486704348,-6.470939462203692,15.439771221270826,0.478332027888484,-0.5372581055697214,-0.6943045855875645,-0.022211292799031446
0.32453298528208663,-7.5995980994862045,18.47306324577549,0.4650730268746171,-0.37921711137960284,-0.15696826651764637,0.784386655557727
-8.991466030044396,3.42917478035646,13.67043872510602,0.6984793252695761,-0.5416423351915756,0.18814583930866258,0.42819546477048687
6.632719736262265,-0.9440267150006738,12.780476534405036,0.26174713357022994,-0.46304565365889,-0.14528151108840398,0.8342484301640906
10.439367507156733,7.796371280933828,12.913169821196291,-0.6487001767237134,-0.3543063716416157,-0.6156103875676798,-0.27327445261412
-13.494563477876918,5.753265353305455,15.539577292714355,0.5637202724020045,-0.5182326754821764,0.00031974140545953933,0.6431595807503987
7.6057019395605465,-7.028999969545531,14.188447958399605,0.6600230322317553,-0.43258574528373706,0.43258574528373706,0.4360146131475721
-7.348021813013756,10.435473458981846,15.96080578755227,0.345170915427707,0.8883317082329902,-0.05851879246924126,0.2971520927380433
10.252950089157105,-0.6399128368762579,12.424658958681,-0.32696786647743575,-0.6433331231534477,-0.6259467590292067,-0.29564363988703934
13.728128900194179,2.948372895757812,17.7860832320988,0.3062511665830374,0.8291320824014435,0.37230877734123713,0.28308371061198045
9.420057247205836,1.251309289589292,17.79504618200705,0.11272141139404274,0.3871201629078177,0.9110487965655013,0.08615075832580527
2.971383548801409,5.298562667081484,18.4369830586892,-0.09809936955794046,-0.5751496119559597,-0.772444383247497,-0.25081689007847385
-2.2066488723541564,2.772970186546031,13.792030139930782,0.07064385334812909,-0.6467584469614491,-0.5546824127812311,0.5186910238468886
10.970307489886371,-2.532990538686044,13.853006524630185,-0.2766589439929309,-0.37512717712723626,-0.375127177127236,-0.8012609004998428
-2.4893662566108894,3.5522542639248638,14.672216107935217,-0.1352297978846556,-0.28236805607238225,-0.7088712117297826,-0.6320465076675362
4.8534005350825105,-4.499429468675338,12.436041162675263,-0.007934335927901298,-0.2877721863407544,-0.8550941425125113,0.4312055455613233
11.53102912993967,-2.973204224783718,14.61693276778444,0.2139376556456432,-0.7486818356385562,-0.3869727989745326,0.49392129062791384
-0.8169074691921043,-3.0810691736093343,13.541794166352581,-0.5980940748701773,-0.4038179919968427,-0.4038179919968427,-0.5622682067167439
-4.066285213743647,7.508275656340789,17.682111072872264,0.14935793875548062,-0.2751563618322046,-0.7088712117297825,-0.6320465076675363
9.919854769979603,-5.031868438015168,12.518109092139607,0.0173411016114281,-0.6843142116243441,-0.702389930865891,0.19509415927203932
4.300892131143657,-1.5783784589842522,13.930961730278618,-0.19641205176756457,-0.6649865200050674,-0.6052520000033416,0.39100543554273093
2.466238553475474,8.927574323022071,17.51762468629238,0.6901239307462078,0.22030694246877264,0.20292057834453167,0.6587997041558115
-11.436774194874907,5.4700292115164455,15.502617458306585,0.5679306521453713,-0.7114351455187513,-0.24044512749915303,0.3368990186040351
3.916638651661799,-2.2955353384533685,15.343465088515467,0.22079550723064242,-0.6518845854212116,-0.7132305882940108,0.1326572998321525
-9.414316747807455,-3.8571912383369087,14.645453484717601,0.6807909639582933,0.23558765106782295,0.32050560965207614,0.6150595712925986
-2.586488143749218,-10.995908038276998,17.654035995626664,0.6861264331067571,-0.19500225380018943,0.054172746978722874,0.6987631589385812
1.1096643552714394,2.7733195260905497,12.672589394324472,0.08894657332524836,-0.13216114737514584,-0.6103358065209952,0.7759588529661529
8.808353192140062,8.562176296397029,13.482990782645189,0.26701403662163953,0.8535171778058271,0.4013814980362397,0.19774939815730863
-1.1425129220910026,8.146415666978159,16.951702513142152,0.4853173676185702,0.3071955496583514,0.4880278899927783,0.6572113248773802
-1.3837642855371648,8.173461267338716,15.690558753878761,0.14750633507870572,-0.6619606928510094,-0.7319087437673537,0.06602660849047279
-9.928181481164911,0.9618087895423422,14.813768527781752,0.5650075134784345,0.5886045340969696,-0.24736167718717886,0.522612105497521
5.434331748463771,3.7824567059231384,12.153613181891298,0.5279388449536893,0.2806293797018151,0.5145940599493152,0.6145898475422612
5.197005729876764,-6.745412248029485,15.580691005754344,0.5826602730424286,-0.709382148442034,-0.32915443419953955,0.22122687932678423
-9.528926271297484,-1.8232585729053437,12.679936785722816,-0.19641205176756438,-0.6052520000033417,-0.6649865200050673,0.39100543554273115
2.237634304234767,-4.35259539883339,17.419829146788356,0.6810860058530421,-0.28222034508040794,-0.3986009065848153,0.5455188784300765
12.987040382878295,-7.386140248977943,16.51264131832108,0.2080079132865636,0.1476563402068898,-0.656915562187184,0.7095014146308475
-0.4530638213859923,-8.364511987227452,18.267062145424223,0.12119960182384323,-0.6047063266595551,-0.785538666993982,-0.05069435543496684
-4.054252628807692,9.481859713326623,14.968660700520749,-0.5112389271810396,-0.5215157841647489,-0.6475835613994391,-0.21746626682551418
-14.603674565907662,4.21646364696403,16.191144413996046,0.45022248829498435,0.5071979779155399,0.6078990907599198,0.4129268914531031
9.569847665566522,9.838539707924644,15.600338957924084,0.3072497454590262,-0.43418939786685723,-0.060136604837522034,0.8446660579507118
-6.76388398229035,9.129802570876569,16.02586918253775,0.8988637354129914,0.05851879246924125,0.3167335944745166,0.2971520927380433
9.449344330507033,0.3980836798399796,13.475998610154548,0.5218345311303415,-0.4331729445476906,-0.1030124333495584,0.7276251513020031
-12.619620639143653,-5.518286643512343,16.59189581129503,0.29845908269999855,-0.47822884031123825,-0.8199401191620806,-0.09958691298015102
5.188880874276755,4.227422133433963,12.729604533112676,-0.9561950617738293,-0.20691174924469846,-0.20691174924469855,-0.008127723441489224
-3.7272102571147574,7.237168787856023,13.148005815540284,0.3099012616658363,-0.8388976556055744,0.0444974757030501,0.44523241806212865
10.472382292110158,-1.0608913102115825,16.181803012294367,0.23761433472538152,-0.6467957759343737,-0.678960402996589,0.25339183753462846
12.784219003578933,5.886161863604395,16.586627787159497,-0.23124969031945877,-0.8359881844051577,-0.29076300528154575,0.4038616236061133
-7.743445924094399,2.540332681683319,16.14289801951888,0.27661731005524626,-0.733929434645165,-0.035229731887684634,0.6193458764941849
10.172997246645092,-10.956054242577352,16.911425880628702,-0.19982934324133672,-0.35827285001156234,-0.9119656699968467,0.0052359594661699205
6.632223255541394,6.625997827146106,12.762545694977169,0.4992402680721898,-0.6344033855710536,-0.11585096868341774,0.578679576420584
-4.2590078439904655,-8.810724291859733,15.168169669793121,0.5572680507814007,-0.08504685373283707,0.2226002189300509,0.795404610736408
-10.074581423053662,-3.84610955522505,16.89536925670042,-0.5640998977272218,-0.47763608495523224,-0.6580185496578559,-0.14375904854633617
0.788785804982794,0.5918284585324596,12.636275209602413,0.6106468413916503,-0.5375885533892708,-0.5375885533892709,0.22160218777814927
-11.918826528116075,9.4196206297556,15.307622747060124,0.2565206849242767,-0.5139058194339645,-0.513905819433965,-0.6371803164801861
-14.191126847242714,6.260808304239681,16.456341589597343,0.21446878331275723,-0.7485298607955577,-0.6274493379210333,-0.0036765233829206823
-11.512640020729895,-0.26045624491131925,13.668493683198479,0.32589536834922944,-0.12910740100263754,0.12910740100263754,0.9276070110241774
10.0157916155199,5.5061885123691585,12.692817915086849,-0.3394156647764408,-0.8623299109051878,-0.3423457451512507,0.15486614232766582
7.3982867707632405,-10.099969621422739,15.968406618323055,0.023137720707453284,-0.44156756394667607,-0.06769165803361829,0.8943716072099573
9.343684263808253,-9.609899021987744,16.424422110160773,0.7097230604005628,0.17215438226734936,0.2499867195700009,0.6357379068770688
-1.698242563310341,1.7190569292592937,15.58723880660795,0.7988925693153349,-0.15382353633144397,0.15382353633144397,0.5607560093603278
-0.4198174373356647,-0.7764729984369279,16.574001685255627,0.6825019901419312,0.08885495020157913,0.19500225380018937,0.6987631589385812
9.43682960211866,3.5816735606749397,12.673440309309031,0.4066310803184558,0.17369062199319613,-0.773159878709035,0.45464990300811936
-0.3618441806961954,0.875040403963574,12.105982045041534,0.3654811360520731,-0.6578119970942887,-0.32765148589615656,0.5712717562237345
-4.113883650165937,1.0276028001810715,17.76294771881336,0.2532090432654388,-0.36249475590405295,-0.773159878709035,0.45464990300811936
-6.692890729256169,3.2160345073588488,17.39698312237075,0.14190819959610448,-0.15707069295566595,-0.07238870539808677,0.9746541620660162
-6.2989676356795865,6.769188203611494,14.39780548767196,0.412695181200506,0.21666392806513424,0.7352163449527702,0.49213448954890027
8.889881340191659,-5.3038206785951125,13.627760014975536,0.47135472128788675,-0.521034601064562,-0.503648236940321,0.5026789478782832
9.988354586789562,-5.65814650632706,16.314527226464296,0.46736077164419343,-0.7938559448146527,-0.3492770699157054,-0.17138312764586439
-12.416451720358264,-4.19245897431296,17.28428350541189,0.3545757394778439,-0.6023378280282192,-0.6636838309010182,0.26643753207935406
6.295261563331001,-5.785552014422403,12.611982024062112,0.41680115741375684,-0.5925225597959018,-0.5021083291253248,-0.4723145531681603
10.07890765479367,7.296467433312094,12.869127816842102,-0.24296641588615778,-0.4710626337956439,-0.4710626337956439,0.705100922446182
8.001301469552992,-6.095736091241525,14.407567103578698,0.398600906584815,-0.4135448830681844,-0.6810860058530424,-0.45411430233921807
8.957616741791394,-9.418410800165047,14.643066535583221,-0.8225875003785181,-0.36705621930935245,-0.3670562193093527,-0.23214062107625794
6.0896387142164965,4.317988450946222,12.590019993998101,0.2445958109075567,-0.6449881465111974,-0.680768032419765,0.24641036135245337
-10.8680700514469,-5.374584757848062,12.504834556956586,0.6802191910769095,-0.6675163195008931,-0.24101316384349228,0.18340248129402917
2.9912017346424555,-1.9122451138767094,14.834220685927674,0.4560509475163778,0.0005997969572111572,-0.8267882697561338,0.32929975782967447
3.846344856005576,-9.19584230160809,16.697119466709843,0.2670140366216395,-0.4013814980362397,-0.853517177805827,0.19774939815730863
12.822953405090281,7.914790135581535,16.077293024771148,0.22497297856064466,-0.6397946832271207,-0.718108796247924,-0.1561079081379852
-5.752061380727579,10.86181455845527,16.82227061658501,0.4507010899795768,-0.06965166170449304,-0.3309556776305572,0.82612681408917
4.843833518853906,-8.724366264297274,15.10833985419576,0.5150895550456036,-0.6000075136298567,0.3987089935411962,0.464440386206891
-11.893783126819784,7.2013920683469745,16.631085270426603,-0.6350979935839276,-0.5452782851622988,-0.5452782851622989,-0.044651114281667514
-5.063425872123238,8.476303350126612,14.111264785473873,0.25249296903101387,0.036290320789803376,-0.03629032078980338,0.9662366820939118
3.286096606578674,-0.7501182558294239,16.14718844820864,0.8753858485805062,-0.30416358237364716,-0.30416358237364727,0.22060971515381486
5.614723051048738,9.009188325334483,17.55533739511194,0.7307531062152954,-0.3126663374615784,-0.362889357247207,0.48636506203855595
5.194766078496583,-1.3181309991696697,15.430438829924224,0.810355778950385,-0.07221169682595155,0.20976506202316544,0.5423168825674236
0.9128877446339629,-5.293752882253836,17.93951116515272,0.05971643068572678,0.38980827129284146,0.9083606881804773,0.13915573903412118
11.340679305945454,-6.7054555643425005,13.14475852494005,0.66648393658557,-0.1254959761966168,0.2630493413938312,0.6861887249322389
-10.4983795037837,-0.7499706015556047,16.66679728812779,0.7367064624703327,0.028107982862577763,0.2521059294675947,0.626830224048845
8.562842110518709,-3.0579034386715467,16.87014698112259,0.41885504727502787,0.18039754948227546,-0.6299222514608438,0.6286613799395706
-4.825041913025927,3.1327281949116514,18.1738853812728,0.6539778343905043,-0.5509645527361356,-0.43449893025430975,0.28277505788530366
-6.380616648286537,3.3893987103757475,13.139890452269775,0.6375066768119252,-0.041584219891775465,0.18241372671324146,0.7473829152334128
12.752541199333471,-8.167142296301536,15.600191821773736,-0.759342705965242,-0.2920439565102353,-0.472426421212859,-0.33900185678435657
-11.757253913556957,3.9125948463853337,14.210243132497387,0.18485698792972302,0.6294839350583061,0.7356312386569164,0.16859581913307314
-10.007643504704635,0.9532124403008666,17.106644135656083,0.6429871091462482,-0.4158283647445852,-0.6227082178969884,0.16090004322296494
0.07839585446249409,10.177025574948534,17.353396906917048,-0.4200945794442704,-0.7581013458840656,-0.49679732995800163,-0.04466885533467693
-0.39361453597002516,-1.9563954659819878,16.650060522877347,0.3343569979464232,-0.6337201209197811,-0.35174336207066415,0.6023958943293848
5.595919221549067,0.014786498033565465,14.128086006267674,0.2503308215310091,0.9668345988262721,0.04903230144234921,0.012695342426222892
-7.363520584569882,-7.02860695249286,16.667293412546805,0.30877248797869283,-0.16500594109518404,-0.34176396283298205,0.8721410343398805
-7.65980830125365,2.4053026207722414,12.872859770502851,0.4648388159040911,0.03443029973170014,0.681655767150021,0.5639901105519349
6.4293594859238805,0.15323628775568388,12.643837536937685,-0.060862309566927134,-0.42394576676494466,-0.3452133997679048,-0.8351008769825039
10.646393827641127,2.697843262941568,17.26693179860938,0.7889470467533154,0.0179829785716593,-0.01798297857165932,0.6139346727320458
10.326404581710431,-0.7324857482477238,17.89997882766118,0.544818323157772,0.5731485504482361,0.4436500011703396,0.42172077294365923
9.535923354002426,-1.8083864307240072,12.101035758695367,0.5615223672251661,0.7043245665305873,0.13272645277211378,0.41352536176379556
12.762124837992921,10.155914560608288,18.36527797513854,0.8167059381130032,-0.4911899788883146,-0.11713718585897917,0.27928962562131765
3.3472954308232694,-4.506709513652139,16.806494958186004,0.843115704707368,0.26534071601739406,0.004036700091329948,0.4676899805977748
-6.200451300973208,-3.537449747360342,12.603213933752029,0.7425008216583927,-0.07836490239940955,-0.5452759685022186,0.3810847544608814
-11.803950306057747,-4.2143202715238,18.409868345743362,-0.49118997888831456,-0.8167059381130032,-0.19916096215561813,0.22816381493108315
8.925291262673344,7.765602019350348,17.304889871022986,0.4895710494060741,-0.8297858352349994,0.03538565533247483,0.26556263032189104
8.880610053082366,1.9134723428089728,13.586893397397976,0.08894657332524813,-0.6103358065209954,-0.13216114737514612,0.7759588529661527
-6.359994362534486,-4.373989026100031,18.02553807348874,-0.442552141979917,-0.5372581055697214,-0.717640570272345,-0.022211292799031446
9.909384644729494,3.019201895432765,15.316663744025597,0.7011121037477955,0.17095996909661557,0.6455369878540533,0.24999300841651767
-9.216642744697772,9.019510891364332,17.161043566154238,0.04110613706582891,-0.5964751111810002,-0.7937698824725374,-0.11161138345470464
-4.847755539685382,-8.727217404243147,16.182939307809146,0.1327190470231132,-0.25546318614475816,-0.5383837724756717,0.792001975134475
-6.556519342386296,-3.48319661836931,14.6691747496846,-0.05734873494491921,-0.7142176953384335,-0.5607956582854167,-0.4148643584521328
7.36754428890268,-2.6043190825827516,14.028009229065844,0.4777831865456287,-0.5408407526337857,-0.6726462192819539,-0.16358964096335332
-11.849511261884903,-10.200976955704249,17.42121777728646,-0.6465552778266667,-0.3966001739647127,-0.5874447261154077,0.2821050663934191
8.245742495785596,-5.8560176100541135,12.875584470156623,0.8103207099787219,-0.4636739119819457,0.24304315600562762,0.2632809804102129
11.247025619372849,-5.757535974531435,14.668518083638583,-0.43207384936827237,-0.5110262459279168,-0.5110262459279168,-0.5394594893388415
0.466021433786139,-3.714560304859808,13.026162121778723,0.8103207099787219,-0.24304315600562762,0.46367391198194563,0.2632809804102129
6.86671522756256,-5.236616483682056,13.289106380536882,-0.12350247582446688,-0.7057924143822698,-0.6916642735114455,-0.09058001442679287
-0.32637781852633374,-1.1438420985490652,16.237119969520187,0.08830469636501709,-0.6933520712451174,-0.7149686416499668,-0.016882753246715898
-14.145391152057634,-10.179022028812224,16.127269491745928,0.2568725524212072,-0.29922070829869196,0.5985838312720495,0.6972667039788416
-11.883993790667624,-10.242881754090865,18.328714667736936,0.6310340939712381,0.2937594979184117,-0.15837618185117572,0.700298732435569
6.278023607888429,8.900083072514693,18.46692051430144,0.6853401471483772,-0.07151384859015127,-0.07151384859015128,0.7211660153018106
-8.658513003912178,6.0756683799204545,17.773815594690053,0.3033404754780083,-0.858294674259563,-0.41309423639946125,0.025844920738741617
13.86528428691667,-0.46939315570136486,15.854177346740514,0.5194602270672563,-0.41829190507982417,-0.6710872881183578,0.3237820352735374
15.970007815714919,-8.142903288482266,17.954596665060983,0.2726125895618061,-0.3712484769480705,-0.25239239395355806,0.8509729865574676
2.344626606734229,-5.045501853326306,13.155693029491545,0.3389082051637788,-0.6785769328138297,-0.5874447261154074,0.28210506639341926
8.414179263298507,4.989139760772991,17.422766262372278,0.35590495464750227,-0.10654204696063024,-0.9168618479037495,0.1460986219829592
-0.2679519245809914,-6.295562213858834,12.665721356480862,-0.48953248936776156,-0.3004330123264043,-0.37512268238238144,-0.7275856788860893
14.055372575888233,-8.31746082934221,15.976161083046478,0.5055942334272323,-0.11024644221780516,-0.5391840088433197,0.6644552638899717
-3.2248159287682956,-3.743682794252515,16.559488486436287,0.21666392806513424,-0.412695181200506,-0.8391983368579066,-0.28015278171774605
8.14447485067294,-4.4354752559881705,12.468824341327597,0.7441846427135904,-0.35625682759667554,-0.5522726557477099,0.11943702965734834
2.614356087188213,-6.332939161884401,12.82254423632496,0.6538098000253519,-0.7148003965527583,-0.054358769980091065,0.24215338652407925
-3.630834065253607,9.031277078990506,15.475194357091024,0.3660675446853119,-0.41649247848661836,-0.48084363914307127,0.6792039184131586
-8.96184328792313,-5.943712029867493,17.259120986849215,0.8515096344497055,0.07861481212311736,0.19508043460494348,0.48030685794450495
2.620790008168326,7.36586546266957,13.26397164290189,0.6951224968267689,0.16000023625068033,0.12458750038945615,0.6896974652351224
-10.220906606722188,7.721847011038518,13.688299861025785,0.3394443328884551,0.1509870503821885,-0.6005117523607567,0.7080720943261438
-10.272914625428907,3.597229271642272,15.24767641194943,0.43359266227944787,0.5768733797572878,0.5410934938487202,0.43177811183455117
-3.2735980165751855,5.520920445352875,15.000898327677245,-0.06282066652803076,-0.7189151945202917,-0.3448624014909566,-0.6002369790197165
5.68748349871661,-0.6263486965174483,17.618653264778843,0.4413421467016915,0.4128355146072432,0.1148909745442106,0.7884059940106976
-2.9171197748007236,-6.046939799787934,12.345461542221177,0.8535947677924866,0.05123395986174607,-0.41607667428273465,0.30924303528454045
-8.953825665528417,-4.31575276989956,13.250072269913838,0.5456445531604579,-0.5182326754821764,-0.14160744810171788,0.6431595807503987
-1.464813513973894,4.91365017870854,12.252899422211229,-0.1939073924760401,-0.7040908158336793,-0.6717493016551865,0.12413267872553146
-9.18124775399398,-3.509668559174809,14.81819620590207,0.054358769980091134,-0.6538098000253519,-0.7545109128697318,0.017063173138209792
-8.39394439001142,-1.1919480779511247,14.71716382297335,0.2505396767377797,-0.7986912670763321,-0.5452782851622989,-0.04465111428166749
6.292128225784857,-5.187145729556621,13.878007329613476,0.22074749481997766,-0.2722995696578305,0.03460054791128656,0.9359093385467969
2.893081374134333,-5.094064716171284,14.249151316828826,0.22476235098928413,0.16504592030355733,0.9422784870190665,0.18534557634316595
-10.815770004494203,-8.116124327076944,13.950158613380587,0.5814259806087733,-0.13934167300555686,0.5145940599493152,0.6145898475422612
-0.6345271302055036,-4.911110006631985,13.374456853781348,-0.6344033855710536,-0.4992402680721898,-0.4992402680721898,-0.31472313840326516
8.153092937840706,1.8217478465859198,15.270507223190243,0.0697016271077382,0.07332607007256403,0.7210741098299603,0.6854320526202269
-9.321020739258358,-3.159669815003838,17.72254601595433,0.4334100893026862,-0.4693609536534002,-0.7513377125025172,0.16537119291972485
-5.263435062857752,5.832630095681193,18.33243824623959,0.5967039721743047,-0.6286027966061692,-0.4967973299580015,-0.044668855334677376
6.491207140107193,10.635268388878144,17.035546197011968,-0.02345518340426953,-0.2540069707007966,-0.9631584496564843,0.0851828272728414
9.380322366067963,-6.543349027195344,12.7874064162229,0.4357063050229944,-0.7849923611329224,0.21372414603813022,0.3850571361842818
3.6694786348261452,-2.879180743589048,13.500480987715905,0.589912144668916,0.34726116340337543,0.2059734567071171,0.6992769702313787
-8.315501096070749,3.479817828917037,15.012189411814166,-0.17745179119307503,-0.8007949380187533,-0.1832499620613675,0.541902002626322
-4.505317001770408,-1.2026974826986576,13.030892039858044,0.015519455775630242,-0.6880867061755009,-0.7202340067195832,-0.08694139889393193
1.5786582932057822,1.9132034047444524,14.899528881332937,-0.09738750447916594,-0.33673756261583926,-0.6545017051863251,-0.6698888010730266
-8.502212489956154,-4.840561224348812,16.60288921362224,0.47723997705765214,-0.6512100971230912,-0.5301295742485667,0.25909467036197403
8.462420370747326,-7.0742124578675565,13.476192867351113,0.6486854877089141,-0.2608722659980093,-0.2966521519065769,0.6505000381538109
2.7471760246339105,-2.261804382176514,15.697351503543615,0.15926829111860596,-0.6843142116243442,-0.6843142116243442,0.19509415927203927
13.559936157120134,4.302176685681106,16.432095909763984,0.028107982862577485,-0.7367064624703328,-0.649997680019902,0.18432727802088894
10.629196964176467,4.493835946144014,13.959795031274666,-0.8523949981526565,-0.49063912604729293,-0.1605472854401788,-0.08319004900630009
-3.0493635084897885,7.556702857367014,17.13517418562636,0.5751496119559596,-0.6711577392593595,0.09809936955794049,0.45730375746489216
2.284179143958294,-1.4060175066244938,14.700927863556089,0.5444148701852644,-0.10528001248585078,-0.7780464482317566,0.29524954273646153
2.651353807089629,-6.540028070156091,13.401799428106715,0.23837813697273977,0.5006468772710612,0.09080501421468441,0.8272140094834058
-4.7671806747808105,-5.7415312016898,13.68787939238291,0.8931981948209154,0.09082937874107107,0.04455393732616476,0.4381346315858913
9.31999809437027,8.314477223550117,13.906199033310221,0.31182043545081434,0.26656934840850705,-0.14327251464786964,0.9006563079614806
-3.2174487237582614,-7.2305686994036105,15.872096801264096,0.3885568316736428,-0.4265527736627237,-0.7425465719014641,0.34014836233291085
-6.457971345622272,-4.102138491466172,15.470067351623019,0.8378104754378825,-0.48629257527513253,0.02062595766079771,0.24732106329506903
11.924081631284979,-1.4938285382971976,15.835827229290214,0.31181223262084384,0.8419181212337906,0.41298055460827604,0.1529512021581043
0.27533374571350855,-4.1097634674840915,17.160616295982038,0.43997924363526814,0.8738076065738356,-0.043994690810086855,0.202343764530482
1.8461188558007393,5.68857864286344,16.094478535186333,0.6398647873059684,-0.25352953021080166,-0.16861157162654855,0.705596179971663
10.867452820001237,-2.221487625490056,14.111057058195554,0.4468362960687022,0.8761514192191447,0.09121486174181757,0.15612771731278802
-7.386922361398561,-1.6306625970479152,12.785925332334468,0.19003179955526672,0.11753539697828996,0.8162350997357701,0.5327603659942054
-9.809553543539108,3.5034301293997885,16.3550708944271,0.6498949240485663,-0.25784450513244617,-0.5291393111258925,0.48079557848437837
-5.761236657654702,-5.284564218993998,12.735200933809368,0.9833968130186284,-0.015319694152424278,-0.10000168171000391,0.15065085054871688
8.25041474422621,9.251627638360409,14.61513939243154,0.7656255572431129,-0.01277331400138515,-0.12915387550579258,0.6300584298201471
-16.171781464894174,-0.8129944676387382,17.843930887278315,0.7815749482033518,-0.43465925608864414,0.32377496667056144,0.30883928246722503
11.642225491597781,-5.30261489371946,14.098472814764007,0.2012985200886601,0.0,0.0,0.9795299412524945
5.4422974286627905,2.2244368941857626,18.456034551403548,0.5591129347692534,-0.3635928650754666,-0.6348876710689131,0.3900135892050655
6.848539872792141,6.704961135106219,17.880053960331324,-0.25345926646796496,-0.3845795832664248,-0.8856589367419841,0.05886588269279844
9.996810091432582,4.240652281726161,16.89927558649476,0.9890130101149256,0.0954222760753475,-0.09542227607534752,0.06035266589484007
-8.866949270778544,4.612650507211743,12.195120996289319,0.37373796775365936,-0.4749062897410914,-0.7619166668594286,0.2329526565324663
-12.77008799893069,10.065378218543641,15.590287955026069,-4.897114222529586e-05,-0.5069045205202495,-0.8370650317183815,-0.2058395913138869
8.429069803877795,-5.755665430050907,12.462106842021521,-0.3238740198786979,-0.24015360993341978,-0.39720008995126227,-0.8244173405662134
-2.6315476564167692,-2.2076247971005394,17.4362091693337,0.24841319155649505,-0.1454877011251154,-0.8182541368710212,0.4975785190052977
-14.24766966748108,1.4157853413060746,17.246245737365925,0.4830695109829434,0.31554322638637367,-0.18553612708918557,0.7953946601437067
5.485394392201901,-3.7415794070058173,16.112651649960686,0.5757813289264552,-0.6487129758202491,-0.42646413095829255,0.2564677002433452
15.011089558865695,3.387380987783395,17.26579355633296,0.9428836554042385,0.27977561948043367,-0.05031622112668099,0.17367870625788212
10.993981217928575,3.1795133449364634,15.534917435343177,0.1807462698016326,0.8264504913510494,0.5071805514880567,0.16455473098842982
-9.216072596898703,-4.332914843134856,16.158099030512737,0.9016662461225557,-0.2140417000040913,-0.28028430270028853,0.25024955728718234
-9.38464763143067,5.9262693016608665,14.773015112501042,0.5503924294264365,0.5507830654153559,0.09864738564576872,0.6196570678907674
11.319314996948396,5.703838194354647,17.21025345779825,0.3032534064651977,-0.6534640383450108,-0.5370834768406034,0.43882053388816356
-12.269055239932761,-5.334276273556433,18.12785550430273,0.18861077630113202,-0.8466278041742795,-0.49734174806435144,0.0172777861549806
-5.147025505803351,2.9924366230866646,12.391407527698776,0.5309706513436909,-0.15981739367013756,-0.8039244443259992,0.21502105921810155
-10.797525712611172,-2.1203959369736527,15.612066890314791,-0.5421855446795525,-0.6770432031107134,-0.4264641309582929,0.2564677002433448
7.056452905594055,-5.381214377416166,12.981820290913099,0.6613835089188688,0.22606783988479365,0.33002542083510567,0.6344670263320222
5.900462086067359,7.337457375555585,12.675014993482566,-0.6664242686700601,-0.7233136795413829,-0.1780885004177713,-0.03131295474448774
6.564137450398086,-2.9784557359194093,12.414065881573771,0.6465634708410111,0.11125560056448475,0.1726016034372837,0.7347016782395009
2.6377348455691205,8.179237121212594,13.30189987364724,0.694506062756331,0.24736167718717886,0.4281940175216058,0.5226121054975209
8.490691610855205,11.281566410675365,18.071949089741672,0.3833892993887721,-0.5846878194774322,-0.6150912367556075,0.364438704496887
15.777775888784294,10.944403814452938,17.98648753384576,-0.2118680354162979,-0.5436290076969724,-0.7061433325572034,-0.40117456480221975
12.673414677781375,10.080562017225402,15.976205069318631,0.42963084235337484,-0.6178271794197954,-0.657186174204055,0.04258225104367691
-10.009147611546682,-3.337900649302294,13.25995353356986,0.6400024129781485,-0.32839718678213936,0.19553144687554422,0.6665730660463863
-6.9218652347102045,-5.930012150862989,12.26885367296701,-0.19863059498973717,-0.5177038908892633,-0.6621203984485685,0.5041082681829867
-10.394631890136848,-4.225433359496599,13.022639803136505,-0.18814583930866252,-0.6984793252695761,-0.6701490979791122,-0.1662166110819822
-0.5884366921165558,-4.271823605468738,15.331059868442793,0.6819304518234064,-0.11326250122433662,-0.6805844573960935,0.2427905703341817
-7.92743659606206,3.6003901442996824,12.515851489385568,0.2477620885503754,-0.14659376656294348,-0.9569135675060629,0.03795575588583233
5.260944498745134,-8.296667130897577,13.451600801338913,0.4841684146799101,-0.5467402491353054,-0.5683568195401545,0.378980965068177
7.9075486963334765,-8.488242395384543,13.639980272086689,0.5523740924538674,-0.5209207838672002,-0.2743026557839297,0.5901546000420828
11.211719334680982,-8.234891050609772,17.751254465277047,0.4258049290369802,-0.4197170894432021,-0.7937698824725377,-0.11161138345470512
0.3646094545943992,-3.180727218639346,13.614100913336381,0.7604051253622596,0.19223318283682944,0.09016483115500865,0.6137595229094348
15.461059956863306,10.515834802233853,17.637735263861384,-0.8046219918731826,-0.2895382469378717,-0.5043087116825584,-0.1200990302844055
-7.526566675524941,-2.11370009975073,12.316362225241017,0.03671015225344908,0.7238625208842389,0.6880826349756712,0.03489560180855236
12.411439443918892,5.214247945304363,13.912687665460354,-0.022252730265727133,-0.6521815659723859,-0.7561391469226978,-0.04916921285257363
0.021353836189479836,-4.4977300909817055,15.859989694576523,0.6172306297279474,-0.3694240796563172,-0.6691125029852566,0.18665652264126462
-5.34711161953724,3.389050259894436,12.08647837415616,0.6972973770412593,-0.49500031739101336,-0.1648398061928811,0.4915067568695977
0.0018067942792363567,9.186985608725902,14.265355551088279,-0.1132625012243367,-0.6819304518234064,-0.7155262360703089,-0.10081998902692335
-4.775151526222237,8.552407445340586,15.021250253922387,0.7514992187880588,-0.4080415057402387,-0.3686825109559789,0.3644506274783607
14.541134087028986,6.103004437095665,17.253265735001058,0.7220719199922118,-0.2322446288574174,-0.18989647297993265,0.6233890472854198
6.506046193903845,9.403385481112997,14.760768783743016,0.6575156175786595,0.22841165253010323,-0.22841165253010326,0.6806830735497165
-9.040121320894901,-1.12953340827635,16.187321450455244,0.5042988030259887,-0.7259011670795001,0.05133139963600897,0.4648820283798704
4.561857903119456,1.8654263126270774,18.23639732025204,0.38210121174872774,-0.4788688822556805,-0.6304959433067822,0.4766110815550145
-0.33353925341139856,7.363599874070202,18.025841894258875,0.8943516700480874,-0.267858619340985,-0.3582728500115623,0.005235959466169976
9.113084277552609,5.82456978403407,16.566770400001573,0.8039244443259992,-0.5309706513436909,-0.2634295285588336,-0.04879076459803415
-4.4711201588751575,5.178477948950297,15.308459458125942,0.3694240796563172,-0.5825484265050914,-0.6172306297279477,0.37840392422934227
3.8056181226410324,10.653756359084518,17.251336423590793,0.14897227003151625,-0.49556742190968484,-0.4358329019079592,0.7363897573418117
-6.684881805333331,3.2855979008494067,14.598433328272616,0.5594334516501981,-0.33596159330080944,0.556592349277128,0.5141682387387368
7.7303519898341015,4.8871559697967175,14.001260869496393,-0.39479917990564095,-0.3661078166343452,-0.7723252367258957,0.3370643897853268
4.504040708744775,-5.883290166553408,13.584897877612056,0.7937698824725374,0.4258049290369806,-0.041106137065828496,0.43235381527502614
-10.63862169651066,-6.567524885327969,13.66761454279094,-0.300018766934675,-0.18043322702943715,-0.8675855956602269,0.35316826623244374
-10.653141709766649,4.675991190643236,13.156082625818087,0.6459275452066289,0.14989041669344966,0.39906541747236196,0.633290819374805
-8.659404736671853,-8.51442698280548,14.222358165945232,0.23191150189803533,-0.6745460818078721,-0.6512100971230912,0.25909467036197387
-1.672210043643533,4.253624851191452,13.671367973025976,0.2721994923056876,0.9296850530742643,0.09371884179011582,0.22980408432477395
3.1058836802780405,-9.302212768697446,15.075895736922364,-0.5212260981056442,-0.0962083097274847,-0.8459169578638032,0.05909159154562012
-2.7547721083265344,5.6164117522754236,13.803167568360822,-0.44255214197991677,-0.7176405702723452,-0.5372581055697215,-0.02221129279903128
7.345838524278751,4.963522011083366,12.215028196135735,-0.6749799298158927,-0.5964751111810002,-0.4197170894432025,-0.1116113834547047
9.039805294839262,-0.4769363676720726,16.66372645327845,0.33566734875845267,-0.0994728149130738,-0.15920733491479958,0.9230848360687479
-2.84009195418359,7.157141556303648,14.137618291724074,0.15916652033404202,-0.31182275211089444,-0.7787338182137036,0.5205825875315532
-2.2809303756554318,1.6806302599274723,13.517048726951977,0.6238581505787933,0.13764090336887314,0.522199220215021,0.5649459833320631
-6.749528653749642,5.231956361918595,12.698655146370626,0.9396299004314342,-0.15928538829583938,-0.09304278559964183,0.288213211596061
14.083754858874762,-8.746031273783776,16.362882499109283,-0.0039843180886597745,-0.5743571869938457,-0.8158878066596914,-0.06652092830021618
5.178868481191401,-3.4931819869151353,16.227264267686195,0.21782522748561803,-0.8388976556055744,-0.22487994040567386,0.44523241806212865
-10.62693396549798,-4.4780933163809555,13.322349966995484,-0.17690262745905644,-0.4484518515034591,-0.7313724378343726,0.48238030065230547
5.950856328574131,-3.543759046942987,15.486268437421277,-0.11651654257157248,-0.7139300525859452,-0.6835266353077699,-0.09756594767968738
-2.669891769727384,3.2109929364007357,15.188984130985384,0.24001923525308672,-0.1589545583696112,-0.08637391679000522,0.9537629483159845
3.218973865438988,6.645270192091264,13.977174738487097,0.07220825377965262,-0.9607342571488243,-0.12266423757980821,-0.2381787984807936
-6.472782426393319,9.525229118027555,16.884678512600225,0.7023667308098662,0.018256621767174352,-0.16018381127435233,0.693317256253394
0.10790998215529335,2.762624957181231,13.974660258293747,0.09770716258113074,-0.7830799068290739,-0.20094766673291276,-0.5803957314931867
-0.6990581978153276,3.539909655433112,12.837625003772095,0.2868606318764428,-0.6812164869897614,-0.5848051719394753,0.3341526396807551
12.951022056320095,-9.473914245474285,17.82837906875908,-0.44169756565431223,-0.5416992473643163,-0.48035324449151734,-0.5298357730528022
-8.909244294359112,-9.183264127427485,16.34164355113993,0.5817660733128577,-0.2279685049253457,-0.19200254778202713,0.7567784473341275
11.299319947677224,8.314167247228927,14.313941475253081,-0.831779335607149,-0.2459589408718603,-0.4965380130242808,-0.03312609068425178
15.300739859225626,-2.9577354068151607,17.241913730071385,-0.007934335927901756,-0.8550941425125114,-0.2877721863407547,0.4312055455613231
-12.197657311221747,-5.198737976040839,14.716534307854442,0.4927317414952226,-0.14098837942455847,0.2738541193311532,0.813843737529312
-8.558735427214952,1.7677423601251459,14.694559610080656,-0.08300872624371541,-0.4748822528650595,-0.6192987604243645,0.6197301369290085
2.63793527340143,8.880535205224465,14.63530405207365,0.1282804346761054,-0.9601827907229333,-0.18295022400742433,0.16769720932222398
9.754884191475524,0.01024520883858493,13.570272928176156,0.5447257146656566,-0.37567366676741776,-0.7497264597967532,0.007309402173970858
7.811816781420736,6.932615410349143,12.191603693428295,0.6380388497343896,-0.15273688720330883,-0.13112031679845962,0.7432262993461226
6.277906643393161,-1.8149898686114394,15.827885300093762,-0.21442863662435818,-0.7967120367205581,-0.5650100993537228,0.005820478356187181
-14.933862442533542,-0.18422073523438875,16.870371480371738,0.24134569407884554,-0.8777456624074845,-0.35381702874980103,0.21477504101060807
-11.05504597737897,3.1024592964085933,15.313772029220761,0.5380296420509831,0.805562515138125,0.02062595766079771,0.24732106329506903
10.22899008011921,-0.6253951445296897,13.20573971608137,-0.7298677118123449,-0.44558059820826523,-0.5181612397878715,-0.016123998749447477
2.685323644269797,-0.6658035681606247,16.810834168345565,-0.6578119970942887,-0.3654811360520731,-0.4359405998274424,-0.4936220305972972
10.716521896014193,3.269666512157796,16.119711998928413,0.7907793377254787,0.5319250170238254,-0.2177836311124931,0.2104616480742141
12.09540168557665,9.298455739780763,18.39913840624664,0.8065500947549336,0.034430299731700115,-0.17380061654323598,0.5639901105519349
-4.478013993932756,-4.194152025463256,13.349750407099851,0.3874849119174223,-0.7431064970239618,-0.43620637945484464,-0.32767693180939694
8.979530485542341,-3.203623204489743,17.683583245491505,0.5874447261154075,0.3389082051637786,0.6465552778266668,0.34930816616040045
13.191707049467375,2.29591989809502,17.868018332761974,0.6528552761885891,-0.45336555799670275,-0.45336555799670275,0.40336005007610487
-2.4355867731846708,-5.2433270014470015,13.56670494074755,0.5293812628151128,-0.22283969938588427,-0.8049719394820459,-0.14872163125920454
12.129144552670711,1.895197460768875,14.543135608859718,0.8235674617411564,-0.42491470285059774,0.049662315906839755,0.3724483664098783
-11.149754689618982,-4.073422288417816,14.181129309842204,0.00502889173496579,-0.7391343819057139,-0.6691863309893697,-0.07645083485326709
-15.223376096394501,-9.354846078899595,17.284358726311847,0.8711894643393113,-0.049076881337706546,-0.33562191063344565,0.3549342334082519
3.1301900833970713,-1.0035800694854693,16.80241744226618,0.2594356249530698,-0.8896679297595216,-0.2357321968046494,0.2925994918865577
9.503622270985458,6.06987969269475,13.135758745281024,0.2098015389242392,-0.6922828460558765,-0.07687632047697289,0.686161647625192
9.6858132769713,-1.2191672787240542,15.480813765526559,0.5416992473643162,0.3638652283516608,0.44169756565431223,0.6156844008878101
0.1983021589329681,5.560087356516812,18.46738039020648,0.25943562495306977,0.2357321968046494,0.8896679297595216,0.2925994918865577
-3.164272981679302,3.7564007214207464,13.86835829174636,0.08994981152572823,-0.6933658720600357,-0.7040908158336794,0.12413267872553135
-7.9345402081922725,-3.868597165620195,16.516510936767112,0.8167059381130032,0.11713718585897914,0.4911899788883146,0.27928962562131765
-1.6114207936190326,1.383626172024048,12.003669001418638,0.5069045205202494,-4.897114222535137e-05,0.7692081376750747,0.3890586660291818
-3.6339566872482294,6.559485435613466,15.044056957094572,-0.2796258182021568,-0.766484304889127,-0.3602668847975764,0.4522377514888108
7.430959435227026,3.9926598543733807,15.876289049050381,-0.6711577392593595,-0.5751496119559597,-0.394767147253336,-0.2508168900784739
-6.1522369952208,-8.827871320609585,15.524541875608382,0.9097415943334614,0.032487281590880004,-0.3737301385006704,0.17787802464249375
-4.0507327455747095,2.1354038927605394,16.106284708537782,0.1736720122244153,-0.8250444949466372,-0.35405447692703906,0.40470364576575174
-15.889722229811577,-0.7355504402335935,17.490564529731085,0.48347931130246874,-0.08473318454043682,0.7986619467681877,0.34814815490617645
-4.28891746392804,-0.3196538756337688,12.656606041139645,0.5718134327851335,0.05414287698854571,0.8125770997477517,0.09907776704900671
15.976875392841198,6.243432984511566,18.203932250883632,0.7655318970839471,-0.5925657960255086,0.19820994091219007,0.1534259145362839
-10.219567894950844,-0.10749304546040861,15.107719136404189,0.151307371574256,-0.8976587721583539,-0.3737301385006704,0.17787802464249375
12.610331043575215,-6.469198835133685,14.827996845377752,0.8827093446650601,-0.04554118950801728,0.39903768539093004,0.24396544537500264
-4.445870019063291,-9.014678889167294,15.183961425095099,0.4288386279156735,0.311496573680124,-0.6256379595914567,0.5724023578840192
3.7991827246646928,2.5831789854690754,14.864954129333123,0.7514992187880589,-0.36868251095597887,-0.40804150574023856,0.36445062747836077
13.116453101592903,-4.829283487623691,17.136728087681316,-0.8896679297595214,-0.2594356249530699,-0.33201626653267663,-0.17592421669662375
-4.174846157030389,-4.530285045274635,15.482748179628187,0.028934260278526337,0.5705349964373126,0.819709997216225,0.04157098611035043
1.5827235639078658,2.8471424175983984,17.519980008200513,0.39349190812916945,-0.7251853748503666,-0.09131158210030232,0.5576132040351434
-7.989821936052241,-5.296859301161769,13.128558860516925,0.6590680603773053,-0.2635605003132053,-0.2939639175913805,0.64011746548542
10.144128507429127,-7.553283320438734,13.778627365980972,0.5002536655186152,-0.28222034508040794,0.6103335974975295,0.5455188784300765
-6.868560311611812,6.030329566189742,12.322767908227995,0.7938559448146527,-0.03940913228397255,-0.46736077164419343,0.3870575775039207
10.73078979036159,-5.814038746703142,13.000617461616613,-0.4265527736627237,-0.8165084710338637,-0.38855683167364286,-0.01975440635199177
-1.0867737728651505,5.8460853788175395,13.132987355260747,-0.5182326754821764,-0.5637202724020045,-0.5456445531604579,-0.34047961782156533
0.6380550789313304,-0.14843180926036403,15.642110794129907,0.10255132283911747,-0.6813872423354295,-0.7160694455582857,0.11153116741214258
3.9733506083362418,-3.6507290532455645,13.531238909140868,0.6957394880528381,0.4217079349511261,-0.021100595616075357,0.5810884160159089
2.9770972059892316,0.8077215232608879,13.396284806272606,0.4942341621640557,0.42428611124771143,0.4942341621640557,0.5757138887522886
-10.660979246953433,4.523726750187867,14.495891497183367,-0.5410934938487203,-0.4335926622794478,-0.7201376915751867,-0.02483826291766056
-11.673979793686527,-2.4949998022877855,14.269881980938221,0.718915194520292,0.08020703065227161,0.06282066652803064,0.6875909679298956
5.959905806454735,7.890546468244011,14.537123994648786,-0.03450819978319446,-0.155522493323448,-0.982910560036793,0.09224298990350883
5.841477659134512,6.7994815948859415,14.97774743043973,-0.17085563942542106,-0.4277281918466285,-0.8556798312068493,0.23594272788531073
-2.4021410518033655,3.3159806071794122,14.361615972630103,-0.5703478981204533,-0.5714331644266331,-0.5714331644266327,0.1470766884870307
-7.822160301460953,8.360312584281534,15.244835725566332,0.1547375663183143,-0.6668155214195532,-0.6487398021780068,0.3324906239789256
-12.892809366850122,-3.5357348419668106,16.475444046961677,0.11316286029839384,-0.8056582306945387,-0.5522452487805056,-0.1820279307210534
-1.6388164945604746,-2.438649067150119,12.812289999885806,-0.14548770112511542,-0.8550941425125114,-0.2484131915564951,0.4312055455613231
6.514547657486952,0.7044167093372469,13.479374165698651,0.6156103875676797,-0.2164713138437605,0.6487001767237135,0.391601968483497
-5.082014069453114,-5.408014166228963,13.919039435713618,0.17696818765559388,-0.9364605946152983,-0.30258680186523385,0.012846891749619949
6.856042754265502,-1.3877419967193187,17.31264937291946,0.4830695109829434,0.18553612708918565,-0.31554322638637367,0.7953946601437067
-8.127035142771012,-5.816657920896535,13.680947911909595,-0.635149441224484,-0.34841265189536574,-0.3376877081217222,-0.600966574024681
-5.434084218928769,-2.45033034113977,14.176834802100537,0.43249730172559836,0.17380061654323592,0.681655767150021,0.5639901105519349
6.165093693518914,-3.4524076603699436,12.180050453516806,0.5799371776653134,-0.7451403758343247,-0.31863722017692375,0.08312046788243334
-0.3145749592562268,-0.49092127539346286,16.477066667729193,0.6364521625737398,-0.32912678178710464,0.05543153505904336,0.6953643298204703
-4.667907167062834,-7.567564356037076,15.812806788639884,0.2357321968046499,-0.2594356249530699,-0.919877251525737,-0.17592421669662375
1.7059131443933229,-4.476860896446941,14.413101969753539,-0.4090421936023677,-0.33707145838830305,-0.7109473643013611,0.4621916929001362
-14.74587717338035,-2.0740403227797515,17.965858266152747,0.6558140190300692,0.29556010107574415,0.2619643168288418,0.6433715068326559
-0.11327563657480688,-0.9120340399906066,14.730273629334917,-0.5694729654337629,-0.7771260428098433,-0.2571418770559061,-0.0751911583296565
-11.481838478397979,9.608525735433865,18.333107687292895,0.747381907902648,-0.16663113512847078,-0.25333991757890145,0.5911626127443365
7.42085943211938,-1.4780621868780077,14.712654110717754,0.4279279758674642,-0.01766016290163208,0.28202826042730733,0.858502082954147
-8.860319666441933,2.0055456789574926,13.07118568395898,0.7391343819057139,0.405636231070016,-0.005028891734965901,0.5376935221630332
6.2696124331390575,-2.0481374737105416,14.739310963320332,0.1473606145015691,0.06052198836405474,-0.744049914030019,0.6488541158458524
2.5223666612476254,8.584539359348522,15.53834048233859,-0.6675056970080793,-0.27876220895229314,-0.2787622089522932,-0.6316798288546458
8.132764502355691,-1.0510614966023333,12.362331003707832,0.7486310992429037,0.20594828163486728,0.0764497323569708,0.625533549028791
9.627421222074158,0.7857463917975096,14.511879239831538,0.3433002413098706,-0.1420017212212107,-0.9269382786985382,0.05259166255395628
13.735574175470827,-2.8648636690263416,18.281013784926284,0.5553775896829151,0.15645898196530011,-0.4151391317931733,0.7033745951442857
10.201117159930021,7.642949053082761,14.342283233473937,0.5645190274982627,-0.39512480993472177,-0.41251117405896276,0.595843254088659
8.483038418860833,-2.616466944881287,15.375765671651854,-0.19427265879522396,-0.689676683511166,-0.6789517397375224,-0.16008979159542092
14.280780365860029,6.348015898085775,16.005431212577328,0.5678273173065439,0.1940893495528846,0.5826346671433325,0.5481225289598752
-2.944839296476946,-2.278701043041563,13.294393553692966,0.6622310051550763,0.0963624986516729,0.18749470535009516,0.7190341439254359
3.102734046198414,-1.530235259612688,18.04449999756949,0.34825300974104084,0.7099620464050644,0.5495515298297007,0.26956789484743005
5.720934935357359,2.239411979226281,15.671336877267874,0.46706468774396337,-0.631131448851083,-0.2545062214706244,0.5645797153339042
-8.543129778550451,-6.7088925243823425,14.305604860890506,-0.7219134381303955,-0.4256674884573958,-0.361316327800943,-0.4087770644025488
-9.233535507688028,-7.250873798601563,15.15256862444891,0.04969078599787263,-0.5958213646301836,-0.5295787619339867,-0.6017259028375006
-3.2868649506212204,6.772684514495587,12.08133543385818,0.35011425044395605,0.6015967769257459,0.2700690268901724,0.6652548762265609
-6.2276710605408905,10.61621355134821,17.63906716211343,0.7764216079525499,0.05884979373497087,0.22136411859520197,0.5871150785666279
-7.79535970308231,-2.335923346458448,15.24813331643833,0.6518845854212116,-0.4547601874781426,-0.2207955072306427,0.5652335828326398
-8.01507891069765,-1.5037896742341523,16.51674418234076,-0.5114997860280812,-0.4020634422887574,-0.7335911923243306,-0.1963591602454764
2.8957055098309574,4.974532975767193,18.22926069707949,0.25895646703835834,-0.3411389483227456,0.1034399265762016,0.8977003663284161
3.7978124926537404,8.9539247511456,15.107665024080235,0.7287113066096627,-0.04820565752514305,0.04820565752514311,0.6814192988053502
9.468297008068966,5.207632824346499,15.074300972585954,0.713370032134751,-0.5024766863345164,-0.44940358668338815,0.1914596386146552
-8.659698655647016,3.7292185313009725,14.777372633812908,0.631034093971238,0.15837618185117563,-0.29375949791841177,0.700298732435569
-8.684068255782071,9.00933459732437,14.995603802472726,0.19539734345769783,0.39665746661195256,-0.29049490201883715,0.8485843766248166
5.489807827628443,-5.020956435798142,12.157672375341344,0.44680667144570474,-0.4566265527489636,-0.20321357083493047,0.7419974624651519
-13.509478017422303,-10.22459595927834,18.42597741154223,0.7233136795413829,-0.6664242686700602,0.04029279931751327,0.17627394997287424
15.696099552323812,-3.4386726408202684,18.007554408183857,0.5750657503341111,-0.44057413846162263,-0.620474827446095,-0.3003411390688977
10.17538875225795,5.0141941853146115,14.84042277604874,0.546823981400391,-0.17574295549904592,0.7076521758095784,0.4114928250040989
0.4107334909326834,6.075073628521185,13.474497044938646,-0.268529119075176,-0.4108820624322546,-0.6642950443462877,-0.5637199100946233
8.931450826240212,-7.664182320717956,16.532606031002935,0.21521960752674116,0.6569155621871839,0.1369313964332462,0.7095014146308474
-0.435240138862806,-2.1688228472486397,17.82050970690598,0.011667992342390271,-0.6932882689204343,-0.4604420849342008,0.5542637644239895
-10.983434647351094,-5.367458273920443,12.673187105109719,-0.50696906122779,-0.7691656017706683,-0.38456475208396673,-0.05896269553859018
7.4288472146613,6.551581466976364,12.299948206876111,0.54069135355424,-0.7418685102508378,-0.2966680723907357,0.26319579881497324
1.3474905469337841,-4.233921990419801,16.978990334091932,-0.3977869811245414,-0.6207189284966093,-0.6387946477381558,-0.2200339234639302
4.019172924670972,1.908651459770466,17.241296512300448,-0.3124061715747407,-0.5892447957530789,-0.7443862470860276,-0.03289482921532122
-3.4431513931885522,8.68271143490004,17.312117056915298,-0.13693139643324628,-0.6753185474310445,-0.2152196075267411,0.6920080727148358
-7.610500575400259,6.765142922131625,13.74843628757955,-0.4410444842229253,-0.2939599413926805,-0.7540588812969835,0.3878949849251567
7.013655381929926,3.680023186496264,12.067480721029243,0.6503682057144663,-0.19227915842307397,0.192279158423074,0.7092803729611968
9.469180066391868,8.13890214383405,17.164928587413797,-0.3903752326416665,-0.6069535985519322,-0.592825457681108,-0.35745277124399244
2.5975164561855717,-3.2868603714993814,12.093071673946284,0.8250444949466372,0.35405447692703906,0.1736720122244153,0.40470364576575174
-6.3717765916829405,4.775648201139035,12.053955376236978,0.4413421467016915,-0.11489097454421061,-0.4128355146072432,0.7884059940106976
-15.191954478073672,-3.57126938807606,16.794717217113956,0.37485432406815916,-0.41490645788187447,-0.23452399317925077,0.7951951732490448
1.0087165997309224,1.08174676905932,16.107101323315234,0.5988435882670459,-0.21516048517104236,-0.7162398386466018,0.2865184391062824
-13.21754365579186,-10.017821728184305,16.115479108108328,0.3757494013714728,-0.3856341701974993,-0.5117019474321897,0.669522061726998
10.222792762753475,9.322586571657084,17.670861020399137,0.5645190274982625,-0.412511174058963,-0.39512480993472204,0.5958432540886588
-4.586402489450314,-7.0448541293079066,13.381717522335856,0.02986726000086295,-0.34881994884080264,-0.06500354964859446,0.9344555252144556
-4.3587664692932275,-2.537636781793376,14.678272021563695,-0.8435792643627481,-0.2638632445757272,-0.26386324457572724,-0.386168876349641
9.048584964493152,7.081708150147467,12.379367639739842,0.5331824924261185,0.8264504913510494,0.07495168860810439,0.16455473098842982
2.9723106005957014,-4.618028471359483,13.64459876681497,0.6298967120811414,-0.09020980931671016,-0.6439026293019946,0.42483140937363495
-5.781067974277467,-1.726459412998242,12.255736581309666,0.9377521321470804,0.0,0.0,0.34730525284482033
0.09589638493487129,5.695076061178288,13.278449836427342,0.2982902227187032,-0.6557444784162063,-0.6666085034175755,0.19145554373917756
5.166886247601944,-7.9384423381136475,14.48591860929386,0.40071086793975785,-0.6650518910408112,-0.05103417584091041,0.6281180585162685
-12.208593111264735,6.508852129565987,14.493849922347408,0.051419542344522784,-0.36793419952252554,-0.28325221196494593,0.8841655048144346
8.968310685798002,-11.365514822333461,17.283521713713682,0.6128726935334349,-0.49713971036335386,0.3862554209452709,0.4775415371371424
9.863506060203974,7.6543041809190235,18.389875838614348,0.4553672334935943,-0.39731188660380573,-0.2712441093691154,0.7491398938491197
6.926309909831488,7.577930029052521,14.909177785008326,0.6015967769257459,-0.3359861095731316,-0.3501142504439557,0.6345192383234199
8.326878372146007,-4.928879441214158,13.748735997827332,0.15170179502302658,-0.8602973898095448,-0.4836721624290862,0.05418676743308575
-7.072108496918969,-2.574845921369845,13.059937532040713,0.4056302134792553,0.5623601121885939,0.06128075871303454,0.7179553626400189
5.609569750292017,-3.279235168108671,12.811479929034741,0.5634020989688394,-0.8184315608684039,-0.11171449288083046,0.01636236940033061
10.059827374014448,5.529913370744962,15.458190024430984,0.2921403001167767,-0.193728049473522,0.31319048346240813,0.8826297122595903
1.9248217462953932,-3.41921000283184,15.692915587923872,-0.010808285202424592,-0.65247157790164,-0.1419286020008842,-0.7443253945255404
7.823730321689533,-0.2382666635089361,14.713931169555234,0.8112986633999307,0.5646805353166603,0.08650587617081099,0.12428638375902636
14.676444812483126,4.073419808170311,16.52613695566014,-0.7026688089883373,-0.5190198246707309,-0.423105442920557,0.24053430242831284
-5.64755454729341,6.5667136121606084,12.278221605914558,0.7958179619000786,-0.29473860842451927,0.49603712851317927,0.18371197935241582
4.255560092309649,-5.637481297607128,13.932832079722473,-0.27048959629189046,-0.79321321293882,-0.5404178299002864,-0.07481140449817159
-11.408678279947322,1.1102097945347111,13.850754706073708,0.9078163822995859,-0.23504994655368008,0.33621826854111236,0.08705294109230943
-6.184294115097252,4.122030111808234,13.217574666728634,0.6757606403704393,-0.05742503543119315,0.3311202821592548,0.6560558520237707
-9.018379947336832,7.3780224321882635,13.708508784042868,0.07410628171632495,0.9605897166758508,0.24408593938058784,0.1104432407324509
3.337589730507249,-0.07804799402071794,15.44937059229088,0.44217272146750936,-0.0007429935088129405,-0.889795161448972,0.1129039548140803
-8.60945851233673,2.676049075087734,12.378094210061361,0.7486310992429037,-0.07644973235697078,-0.20594828163486728,0.625533549028791
9.637320120227189,-5.151777479083419,13.122488212148962,0.1582156943717922,0.9654477003911759,0.018597199688944487,0.2062345170614556
-2.898985510160184,-7.544516232295914,12.667706817308916,-0.6111724399735974,-0.4288551931691824,-0.6617013771554155,-0.0685766678919979
11.31840231971753,-2.5507991790089894,15.931034821427488,0.7551406606370036,-0.07133027356647953,-0.0713302735664795,0.6477550206664344
-10.92161219009758,5.34159394996723,16.98507511737386,0.25714187705590574,-0.5694729654337631,-0.7460823581637973,0.23008631324133402
5.201791306454933,1.395997666697708,17.872624546173498,0.7285818031328022,-0.1883126136902293,0.18831261369022925,0.6310667755428612
2.728813033471285,2.5108296972405846,14.96395204953517,0.09296941977886153,-0.39233254275221946,-0.03989632012773337,0.9142429362723152
12.773729372900767,3.379520939942397,16.726124758126915,-0.16798583291357064,-0.3313612899140992,-0.7375787100056499,0.5638777367773973
5.046644175776514,-4.160322721176424,18.329496267587903,0.3301464987824515,0.3846498208289268,0.7692081376750747,0.3890586660291818
-5.576877306176375,4.926040142901622,18.315682988231558,-0.38702009987339103,-0.6731111793425983,-0.5864023968921677,-0.23080080471507944
-8.324342690270276,0.4982524201816805,18.266458720050217,0.3186372201769241,-0.6860844812639235,-0.5799371776653133,0.3023760513802742
3.3295472553535355,5.496134347985352,14.11476793976738,-0.7986619467681877,-0.2506331273162356,-0.4834793113024687,-0.2560661746865883
-3.690885319606423,2.855981293183987,12.738552911425204,0.09652866751232926,0.030286064816131938,0.2978271876009893,0.9492438764363625
4.113582226659716,-1.8616382190328,17.19646484525653,0.3679341995225256,0.1814266416417106,-0.05141954234452277,0.9105299716041251
0.9757955964473091,-6.072449675106171,12.911278912154811,0.0619257351328155,-0.7867185223619355,-0.08000145437436208,0.6089654647013244
10.436769965368375,-1.7524348746121596,12.074675680484695,0.3951569044332671,0.16518248927309204,0.8949706637733303,0.12487304393417786
-6.222340794360239,2.511153170589907,17.825727141700856,0.5905518501724919,-0.605754191862873,0.2776409394457515,0.45522069377619967
8.344180759823939,-1.4622920691863017,13.275904632201195,0.5113280215560159,-0.5074657942310269,-0.41105447918074073,0.5586200293603283
-7.410367947210711,-9.81753512097551,17.239030638041843,-0.1955525076367518,-0.6933520712451174,-0.6933520712451176,-0.016882753246715843
13.582240995724785,-5.342904559029182,18.32648228174904,0.09947281491307414,0.3356673487584526,-0.12443159114585059,0.928412284061156
-9.711030019046417,7.804366450881934,13.091715435308627,-0.3417594774217503,-0.8554728584717534,-0.3885617923689444,0.01965658977576093
-10.547733767095345,-5.808794353831237,13.913047184867342,-0.39083482657992685,-0.5225745088795581,-0.5925225597959024,-0.4723145531681598
-9.811195043449889,-5.957523022924283,15.526080105519586,0.2982902227187033,-0.6666085034175755,-0.6557444784162064,0.19145554373917759
7.124444374061591,1.5869374229358666,12.985554266649892,-0.5707757350613502,-0.5263822543809473,-0.49041629723762886,-0.3957633610400806
-0.30069547076129055,-9.201340742956068,17.014586849463402,-0.6031146376869413,-0.5558906410093976,-0.4599762592592233,0.34008847372970863
9.66913068613607,-3.124613233329665,12.867547686219869,0.885658936741984,-0.2534592664679651,0.2534592664679651,0.29516952459917045
9.007615858678411,4.990833137374834,14.303870918005018,0.5375885533892708,-0.15382353633144397,-0.6106468413916503,0.5607560093603278
4.299258122141271,1.9837144175784562,15.67146979171624,0.3492759396990416,-0.36736700078992957,-0.8119458756888767,-0.28946795959101623
12.932808603130317,2.1436373515960376,15.810589907041827,0.2049209315281883,-0.9037827618177957,-0.34811075624061755,-0.1414320778755766
11.053423601710143,-7.658499603469652,14.974723710358075,-0.25527148795037785,-0.18126026802810621,-0.3130657346762738,-0.89664431545936
1.2102882957548324,2.716586242657156,17.01797331016818,-0.1217435265405549,-0.6884952540697409,-0.708961433823974,-0.0923389637107048
9.364267479038446,-4.251302129298201,18.005464449945485,0.29396391759138063,-0.5928254576811078,-0.6590680603773051,-0.35745277124399266
-10.627455438412348,-7.822788448316783,13.113949290731483,0.29845908269999866,-0.8199401191620808,-0.47822884031123825,-0.09958691298015096
-0.22709673509189443,0.3303988470951378,16.0156994826403,0.8422380272508806,-0.038671590662583605,0.3030396881882589,0.44419203157073095
-7.603432308719721,6.033052051481093,15.377922519470264,0.7004006414655117,-0.4744771544935494,0.3635928650754666,0.39001358920506546
-11.859649452673102,-5.038143890216427,13.632504450103918,0.713036648365367,-0.2608722659980094,-0.019341646332163454,0.6505000381538107
6.353547818596972,-1.489261420853544,12.190962898608044,0.7731598787090351,-0.4066310803184556,-0.2532090432654385,0.4156442552018215
-7.64170245456422,-6.483333308119171,12.232142197729017,-0.32912678178710464,-0.6364521625737398,-0.632827719608914,-0.2934847245773712
-11.111244054513508,-3.1123857162934687,12.942304056828343,0.6682318980932364,0.651981042702755,0.1850699765999459,0.3068158308957253
9.561607982736097,4.55758798386794,14.690937233243993,-0.7026688089883374,-0.42310544292055713,-0.5190198246707306,0.24053430242831264
6.373140201923851,-3.9845315036251883,12.681186782895448,0.49071039302469144,-0.40908106837318303,-0.12710430952406615,0.758749289407653
-0.660231976272879,-5.351188928398054,14.225559200276475,0.6668155214195535,0.012810376811137003,-0.15473756631831442,0.7288684656437068
-10.879402770313678,4.580606263930511,17.54085312521811,0.4452690774788926,-0.7515720073069649,-0.40228595119703675,0.2739360873327411
3.2023623181661627,5.06195016334188,12.758959233169952,0.9168618479037496,-0.17600426566303057,-0.35590495464750216,0.04145495850074052
9.629819279715017,-4.632167256820388,15.09633864537809,0.3762704023548272,0.11805560034955215,0.27510208036739503,0.876813723042343
2.5514738130356065,-3.3581277494272053,13.037834946333563,0.5246299042446781,0.6304959433067822,-0.3163545573954493,0.4766110815550146
-14.76278040774489,5.789160825077808,17.229599242598525,0.7215821345673286,0.010233089877116658,-0.010233089877116602,0.6921775717374783
-6.587838797223207,7.9241069015670185,15.885610528650943,-0.773195866624179,-0.4282732059516564,-0.33619717177143815,-0.3251486961254195
-15.08841415474078,10.385543427840178,16.632860993262966,0.7586357770498808,-0.3118227521108944,-0.23713308205491704,0.5205825875315532
3.0466225775519433,7.291219544551755,13.619829065274475,0.5357079867329984,-0.7696726669804983,0.19840445188570602,0.28505545447427794
-9.738725853977925,0.6098009864919955,13.242570356167882,-0.3952432269158286,-0.6246020459815886,-0.670877487396495,0.05982033631919559
7.687187146634493,-2.60943065578188,16.69971066440604,-0.0881186733636487,-0.7472852747313716,-0.6465841618869917,-0.12541427020553003
-11.114443556582547,-7.380801415710617,13.2586086899418,0.7149686416499668,0.08830469636501703,-0.08830469636501709,0.687913077835395
-4.497079732710491,-5.04150143205372,14.178700327074077,0.6534640383450109,-0.3810857437678492,-0.3032534064651976,0.579478884821517
-6.109243326222912,6.641598506160504,14.609686506418551,0.28325221196494593,0.05141954234452273,-0.2967480175041389,0.910529971604125
12.996941807877405,-4.5291622736284864,16.04464087667808,-0.5096106931280737,-0.5536218238791127,-0.626202465458719,0.20413301993482397
-2.624635054314501,-3.2662815366183304,15.001521181565904,0.7036354702090175,0.2777385795617875,-0.5071979779155399,0.4129268914531031
0.9744651366310304,5.353852956825152,14.632759313139076,0.6845632303016256,0.09607663101228983,-0.576689804733616,0.43539790285282276
9.663877499916623,5.038490036322855,18.030921409515727,0.5650100993537228,-0.2144286366243585,-0.6572371671915599,0.45035902731679356
7.994686718909154,10.961634096678821,17.651233312890895,-0.04449747570304964,-0.30990126166583654,-0.8655732672430142,-0.3908504851068145
7.211408634899971,6.478902063359019,17.42858826210952,0.7575191806031558,-0.4873860430202913,-0.4211434403240939,0.10610249176778269
-2.6938960128981133,-10.505161232644081,18.129495984827486,0.8554728584717534,-0.3417594774217503,0.2222970434328643,0.3192971539046135
-0.6807304845663076,-4.9709738652604365,17.811522898405862,-0.057425035431193205,-0.718108796247924,-0.6757606403704393,-0.15610790813798534
5.225632508214973,4.428888100570775,12.07794668451973,0.2480483160959041,0.5281028264672921,0.7772778272462043,0.23541159026408015
-5.198651838525734,-7.7818951926713895,16.831310831555335,0.12748644948024923,-0.09552626330354752,-0.8058759166556064,0.5702507739342995
1.9956453921682176,-7.991184308283386,15.406195142311205,0.42963084235337495,-0.657186174204055,-0.6178271794197954,0.042582251043676966
-0.1699893292743475,-1.6763605929341399,17.582262189436477,0.21271483212788103,-0.512077955101239,-0.8215530877378678,0.13258616866218115
-8.164620940759564,8.082795224538769,13.638374385857858,0.521034601064562,0.47135472128788686,0.33006701459162846,0.6303994266270245
4.572381513475481,-9.80493609685675,16.200478012412173,0.047850238572522436,-0.20620255664451292,-0.5362943972516279,0.8170551877188785
9.982533130992788,-11.414422078802284,17.998000720881137,0.5296825206138693,-0.48252691229657263,-0.6713310462074296,0.18952264419776363
-13.699123582101759,-10.158264336465631,15.581998097777662,0.6682318980932364,-0.1850699765999459,-0.651981042702755,0.30681583089572523
-5.147519685983495,5.751771467682291,12.939008416906276,-0.03734483502798881,-0.8150424229101981,-0.20836147195418198,0.5393484116584495
-8.29935354382815,8.679464137827505,14.411566931168714,0.28780470032325123,-0.006651269788422537,-0.4739619039329033,0.832156432831197
-6.918445260533037,-0.5059144710862178,12.73514337718578,0.20512797291657753,-0.6369914835083998,-0.7281236902068221,0.14832483414621792
10.607463287012626,0.050236001253172624,12.117818155560226,0.4904791005483489,-0.3739673001122155,-0.4274544357672996,0.6609549271432372
-13.394335103326252,-6.795831281297741,18.34917861959324,0.45683623781411203,0.15396186066245865,-0.5188045750834471,0.7060015652629148
10.518502657121433,-5.013629646514787,13.33550874361553,0.2777385795617878,-0.7036354702090174,-0.6187175116247643,0.21200718689609313
-5.900357554035775,-7.831260346901482,12.488056382265443,0.07297877699648575,-0.3965378105862512,-0.915090227473887,-0.006460531351908938
-1.220507563875037,-8.525402574776383,16.20754641074079,-0.29393049249653,-0.7709309795570213,-0.5627000632820854,-0.05137050829353132
3.84887027643569,9.098005404690243,17.158643941859086,0.10103847317164472,-0.005124091421470732,0.9935924157495821,0.05038930433293225
-6.079260208615766,-2.4470985786735096,14.669416291060216,0.42558958008676245,-0.4710626337956439,-0.3159211824626951,0.705100922446182
-9.353645460524579,-4.507812511360025,16.757609328577438,-0.23533640519107216,-0.09841983125806958,-0.9495989914315949,0.18218690589330352
15.108689343143329,5.179543189605093,18.110738393613524,0.6465634708410111,-0.17260160343728376,-0.11125560056448477,0.7347016782395009
-4.1475027835421585,-8.306028961603545,16.26138800564684,0.7300830223956382,-0.3142278174105386,-0.1024951264978245,0.5981090270337461
-9.912061861224993,-0.4662124394279248,12.847452262927966,0.07861481212311763,-0.24267137883971854,-0.8515096344497055,0.4581065985621755
4.860925110007418,5.647170228426161,12.087507876054094,0.2802843027002885,-0.0657000348384072,-0.9016662461225557,0.32267971068120205
5.321265476364257,5.532800592920916,13.759335796270983,-0.16751848509653638,-0.5117019474321898,-0.5117019474321898,0.6695220617269979
8.723233654137788,-8.551793624064782,15.17716173280532,0.41490645788187436,0.37485432406815916,0.15287216508329488,0.814841682830515
7.821386604337288,5.292812367825697,14.71149646331975,0.17083083311543315,-0.10647967245898024,0.8312724596881002,0.5181360859602534
-9.512317605050622,7.430771094008403,12.200795952116424,0.7584826421972697,-0.005432012500684522,0.0054320125006845285,0.651647963217744
10.897207449985277,-4.083448067713672,18.279120511647772,0.24267137883971873,0.07861481212311736,-0.8391874852608056,0.48030685794450495
1.3529410126574746,0.6016861324143257,14.855219469894436,0.025764170217268234,-0.7298494100368983,-0.6037816328022081,0.3195368305727936
-5.550647597319321,-6.314906490878469,16.891919808415068,0.03513628964773133,-0.9329408292184729,-0.09487080964945689,0.34552334190817746
-6.04422462539319,6.517479748391134,15.329610020027019,0.606953598551932,-0.2635605003132052,0.39037523264166685,0.6401174654854201
-2.203087298804263,-7.987324288800373,17.48469712873306,0.7348333578839413,0.34915749136711915,-0.07978007525839542,0.5759723274212016
3.933018843011972,-5.2798596103461,15.862287772811571,-0.129780268066004,-0.7086148177702978,-0.6565003559449245,-0.22367253899679146
-8.450045716164588,2.4581632942042067,13.921584589373149,0.6571861742040551,-0.11363704411463454,-0.42963084235337495,0.6087777048633232
11.211306085288761,-8.118181054936874,17.429744570905363,-0.019929418912678354,-0.40974872756053116,-0.6245191923052178,0.6645935426760988
-10.39977434642878,10.258470350827666,15.765879432176165,-0.4193281141589386,-0.1792951732838451,-0.8896448266359035,0.023436210295111753
9.778274106565657,6.7881049126481035,16.446565272644385,-0.042347739832371195,-0.8359931451004595,-0.40804150574023856,0.3644506274783607
14.396491149369755,10.649696277349738,18.338950744550086,0.4136940333566729,-0.6333236457596958,-0.5633755948433515,0.33221430676844
5.7128129350134635,11.257369122131786,18.428442484947535,-0.5405365715966195,-0.31343518957247163,-0.7807458237169524,0.003815160911326554
10.161707589292376,-9.017829849936032,16.34879286267841,0.12934007491393656,-0.9245995320647302,-0.059428041497256334,0.3533484939981196
-12.775377064833513,2.882226201174312,14.42097626485322,0.21871167800029748,-0.9382907580699623,-0.04573681549202469,0.2639768909117587
7.035491806189935,6.890456973769281,17.635488350877758,-0.6503284107766794,-0.3864124113559797,-0.6369914835084,0.14832483414621792
6.32824707877476,3.035229683506765,13.390067040788704,-0.2184270293030423,-0.5768109937386643,-0.49212900618108457,0.6143189331668691
-8.820824749704173,-3.854501383815336,12.316083061589916,0.08882691729954705,-0.2050278838307532,-0.9742849926480532,-0.02901893719152121
-0.02974904348884344,4.149744862475375,12.434489441376178,0.30043301232640385,-0.4895324893677617,0.26890173339144385,0.7731686780625309
8.60987339252946,4.161163600839554,13.228210885582197,-0.02602137857157749,-0.7652898400682185,-0.6357912907903221,0.09707617164253518
3.1237017137360006,-7.489155156204552,17.04144750577186,-0.5182326754821764,-0.5456445531604579,-0.5637202724020045,-0.3404796178215653
-1.9258159823386478,-6.015958910975777,15.93083032412249,0.66648393658557,-0.2630493413938311,0.1254959761966169,0.6861887249322389
8.30695513305122,-0.7430704564452677,12.586052856075597,0.42871532219762865,-0.6499976800199021,-0.5997746602342735,0.18432727802088916
7.3800712254684395,-6.783795702121388,12.414276963453723,0.13709712570620666,-0.43495655485355356,-0.7664843048891268,0.45223775148881135
11.02650922426037,-4.7772010580013164,12.904685363613902,0.5522726557477099,-0.04966231590683973,-0.7441846427135904,0.3724483664098783
8.171923850711579,-5.591743727668649,13.690032638204576,0.6781031255348553,0.011235163906243184,0.39579348075239107,0.619190958288125
7.479104422373641,-7.758313741707046,15.071795900447517,0.7280548613412626,-0.482764075303537,-0.2939599413926802,0.38789498492515684
-3.1834009027033137,5.598970612063038,13.663825771800111,0.7074215260089779,-0.3253438120779316,-0.09137913183043156,0.620770523420406
3.8573774402181,-3.8266984307349476,14.672474448821184,-0.4564053026388539,-0.5814113208309242,-0.6734873550111424,-0.008358132140094288
3.4565149045758776,5.434607298255887,15.186341007339426,0.13564740299672318,-0.7733538066929506,-0.5845496727820939,-0.20451247341938256
7.151409264717165,-2.899062087037838,14.885906390651346,0.15872059858840204,0.9041702261708536,-0.013632071213068822,0.3963560776931879
-3.588435254842974,4.5720763370461235,17.17796597540556,-0.01766016290163208,-0.4279279758674642,-0.4279279758674642,-0.7958915840654663
12.621456879312788,10.912091354098145,17.66805781552183,0.35199297461597345,-0.37931616458773953,-0.8221246951549408,0.23734190257904428
-13.092965628872712,-7.992186379219198,15.656962184809613,0.26817580710588973,-0.430155706465858,-0.7370558240349753,-0.4469860366209296
6.437183912868406,-9.956042483253013,18.48790016725596,0.5843154618115681,-0.4804342146446258,-0.4380860587671411,0.485632589104776
9.511872185795223,6.448804590887608,13.281664099717217,0.37210839556658715,-0.5346227204268181,0.4334543984393861,0.622760927825308
-5.702044263265041,0.29566215397148277,17.806173193785362,-0.14098837942455847,-0.4927317414952226,-0.5458048411463506,-0.6628987729446542
-6.466636387182293,9.474480265374122,14.678528261686102,0.7113350498167769,-0.05289431063090211,0.1937238174523685,0.6735545422285616
10.492536993701771,-5.976014401895947,13.757515959056647,0.44568537680743364,-0.3664535783146868,-0.302102417658234,0.7588217505352804
-1.6948228237334604,-8.725261876127325,13.843247821035527,-0.0040367000913299755,-0.843115704707368,-0.4282732059516564,-0.32514869612541963
-10.302781210747215,1.9520713289941245,14.426907552612386,0.21701253752146965,-0.7343372590389907,-0.5772907790211477,-0.2835307831660461
-12.296898105754945,-2.302065678203185,15.969058227221492,-0.37312530272867467,-0.7159679425509842,-0.5011974778062969,0.3113976588601024
0.2822776851164548,8.136729036226798,14.778873310706958,-0.48155668596840895,-0.4538281242051996,-0.46469214920656854,-0.5883913649479346
9.860647694499963,-3.777986838628192,14.368002906140626,-0.6671390181951885,-0.27515636183220465,-0.28236805607238225,-0.6320465076675363
7.946380068698261,1.3430915775667156,12.638029476138053,0.0212198017905936,-0.28709842376774314,-0.8070825895216808,0.5155016088946996
3.5472546781827266,0.6380337184680318,15.267327473445771,0.6740811217472277,0.1624789437803972,-0.4211590936082704,0.5846710630799732
-5.066885306809585,-2.6074900082532224,17.622948838025646,0.42708336538480146,-0.7866369850040643,-0.4449257061532219,0.02903736970465176
-3.737725802877849,1.1322730004301746,14.97190976154495,0.3966574666119526,-0.3323291456937569,-0.1953973434576978,0.8330906741004366
-0.5474288001860685,-7.654121855898582,12.58214579405185,0.3972000899512621,0.06928366083824897,0.3238740198786981,0.8558840354459076
8.832969044631712,5.9794715607376485,12.829049217601547,-0.09800791407551677,-0.18762619347187914,-0.9391249962148244,0.27061984736217165
11.377005645257599,9.647092143397503,14.992934449951072,0.9871996323221949,-0.050065099050614216,0.1512334210380464,0.007669691069700381
5.4167379163663085,-10.391845341636861,17.3700264163762,-0.8345443964080708,-0.13865525278720697,-0.13865525278720714,-0.5148641492402823
-1.092477036928285,-6.83821193256555,18.00483688534584,0.27169813851688096,0.2858262793877052,0.6660539936301995,0.6331315322325254
-4.561178904001064,4.331750506099647,18.137975506649653,0.6929894125130399,0.023461458028559146,-0.5302313619567252,0.4879241098055334
10.94812160875584,-7.652132359749262,17.571261254431587,0.6880826349756712,0.7238625208842389,0.03671015225344908,0.03489560180855236
-9.186046086585575,-8.357921603736944,16.92578041752602,0.4083600962007871,0.38861636556177126,0.7652415929422298,0.3108450686108464
13.042175015226842,-6.830583190514439,17.03866126750822,0.589912144668916,-0.20597345670711706,-0.34726116340337543,0.6992769702313786
-11.582327578172265,-6.052305017667474,13.245563348764978,-0.4981763053572093,-0.571966602219919,-0.47605222046974505,0.4450268060594407
2.59316186500255,-1.3659047204386585,18.3784224544822,0.449194063121696,-0.8405360660706744,-0.28486406049349633,0.10284105371793138
-1.477233949815684,-0.921583150975664,17.894759009416468,0.6018444108384035,-0.11445543916837686,-0.16794257482346092,0.7723202374332918
12.08431050887879,-3.3707901603838444,16.576342189324382,-0.11952001060746299,-0.5617980242992201,-0.7857959709042368,-0.2293962490289507
-14.156984634607248,2.682757142198902,15.690669693802356,-0.04820565752514294,-0.7287113066096625,-0.6330108294646184,0.2568138157933145
10.545607624009063,-2.8312105270819705,13.61343484670289,-0.40908106837318303,-0.49071039302469144,-0.41602072296871406,-0.6471342578915108
4.191995861565179,5.892063614570221,16.447722422118787,-0.6031146376869411,-0.4599762592592235,-0.5558906410093976,0.34008847372970896
-7.345474302328482,-9.714382892290303,17.78323107195758,0.8488536032046342,-0.43327098337628456,-0.17505618137100942,0.24714196052968626
10.509027096919631,3.6004511174405422,16.641528754028904,0.2932351422592566,-0.19206682027182445,-0.060261353623656526,0.9346079697682387
5.848779135691483,-6.037259847992183,15.897055111816195,0.007064070435412184,-0.2787622089522932,-0.7233410838512403,-0.6316798288546458
-11.239544971100553,0.07195715388802171,17.24752814440087,-0.24304315600562748,-0.5233103328603846,-0.810320709978722,-0.10225784478443446
8.569218539479177,-3.4322579999622373,14.985474820013467,-0.3870200998733915,-0.5864023968921672,-0.6731111793425979,-0.23080080471508
5.563384539792654,-6.605964436460494,16.308976629731482,0.3500518870654945,-0.005575508151337623,-0.12443159114585059,0.928412284061156
-0.06356473535777596,10.03073661822307,16.139445263033565,0.5568146574779786,0.2177836311124931,0.7734556366896715,0.21046164807421414
-7.84868540912772,-0.22426326872804836,17.724623327935134,0.30233402532004594,0.08132007415022782,0.9464915647177021,0.07832560623586314
-7.258843461525443,-7.4672807257456455,15.707663779446367,0.11426915261718054,-0.6142995719157797,-0.7437981211936762,0.23736670283129327
-11.17199391904851,5.392811925015472,14.191899498400502,0.019341646332163176,-0.713036648365367,-0.6989085074945428,0.052264107729837195
5.525650233668191,-3.0199239256913826,13.043867664818242,0.40301607916850957,-0.012090370055623995,0.14495610996221883,0.9035593998560252
-3.742391514005578,-3.6102041117764374,13.07311835536811,0.43808605876714135,-0.3130206558181214,-0.5843154618115679,0.6071854043313293
8.300671222962903,3.7618604919756535,15.52425294696414,0.22184685028376894,-0.3984555201100203,-0.6597595360360845,0.5972725743933622
8.861034867362603,-5.825784317216529,14.378203860677878,0.3301464987824515,-0.7692081376750747,-0.38464982082892674,0.3890586660291818
6.712634737495229,-4.281910141985102,17.27407211634326,-0.4377554224611586,-0.6194316874201797,-0.4285871352694845,0.4909049217589273
-6.9012996595326594,8.636362480782449,18.155887122138413,0.430155706465858,-0.6174618632158179,-0.26817580710588973,0.6014886966120094
5.693359867918522,4.357483730258615,14.965075159061296,-0.1625582204550307,-0.3766510672202657,-0.9067569558332127,0.09747113199514115
-10.044574451989646,-5.261961479825682,16.80681146071752,0.5249713887917054,0.225282965462766,0.3236728687030455,0.7542469757897284
13.162297917851852,2.165446658592902,16.010419586214937,0.7253242084446825,-0.20026226571625086,-0.22187883612110007,0.6201367588329494
13.036155934737181,-10.036903457962431,17.350632460637026,0.8327818993235244,0.13166128751813355,0.3862516465585829,0.3740979538288789
13.820052334716348,1.865608294562275,15.888901613888295,0.1131628602983939,-0.5522452487805056,-0.8056582306945387,-0.18202793072105328
1.9564807189844444,10.750399480848536,17.956007833786593,0.33480759080745004,-0.4216695424057152,-0.5768109937386641,0.6143189331668695
7.27296325835974,-2.9913325571333695,14.161578209236435,0.4016637269527999,0.799915119006435,0.08341134171117226,0.43800068596892605
-7.886082378198258,7.321314745686907,12.557673933964535,0.8024629244162763,0.08810082761293685,0.4298121064637793,0.40441692873612684
11.394093915535482,10.115239464240357,18.447713580051577,-0.12330906404163516,-0.6879895993582956,-0.6771255743569267,-0.23014374302116086
-2.8098684301484713,-4.1859902627991445,12.931821806817034,0.9680771188662045,0.0,0.0,0.2506525322587206
10.193128881277882,-8.641572522442138,17.84092883029631,-0.03271798433750228,-0.37006631569773096,-0.9001722043106779,0.2273113681126693
-3.223472757126748,8.743707823651661,17.427407268218694,0.0005997969572113793,-0.8667160703213597,-0.45605094751637776,0.20204065669989232
5.808573209912369,-4.992081931504446,15.944487802881024,-0.17260160343728367,-0.6465634708410112,-0.3919731118005621,-0.6312855489319293
-2.806044049196899,0.48086738734552803,13.792892289363163,0.6588752380036861,-0.5720690900610151,-0.4664674925805581,0.14501191436552693
7.279193847986264,6.15361168577714,16.795722196921606,0.6621203984485685,0.22459692582356708,0.19863059498973717,0.6868032364534513
-7.576654466376694,7.385487810066394,16.42590752483101,0.19138167042211615,-0.3448037074751332,0.44597202946256526,0.8034876529697789
7.013068636019302,-2.795615808171516,13.803929010241083,0.2765969076504664,0.2031087100457753,-0.07981187628513833,0.9358798357618284
5.592192225166169,-1.6821731725963076,13.192886424449656,-0.10200327500287884,-0.7455169443509638,-0.3973493845023023,0.5252744846363003
-13.629325088039588,7.001962229007281,15.467253947415752,0.14318982471242914,-0.7945623074346516,-0.5530316877688056,0.20572643492398537
-4.785415647221107,-5.543203567594284,18.21731395622178,0.33005649395506753,-0.7692467617884111,-0.5469979169264546,0.01074286527195753
-4.779575677891886,7.35916433314104,14.46151710954356,0.897359701028855,0.20827606429646373,-0.07826896499927549,0.3811044700977954
1.5773890489292555,-10.57017473326472,16.587799946379327,0.789760781950034,-0.6113203489085073,0.04005213381371519,0.031002659257242878
6.6280633997180285,-0.0974190524704781,14.920377763626323,-0.4265527736627237,-0.3885568316736428,-0.8165084710338637,-0.019754406351991827
-4.801102412020372,-6.10844062125644,14.858707677850814,0.04335439122521528,-0.34041062583261195,-0.6233312121635253,0.7026373193365776
-10.280277355949364,1.5074621830006425,14.150329518952168,-0.06977389502284201,-0.658018549657856,-0.7358508869605075,-0.14375904854633592
2.6039236166948534,1.7988759363836007,13.382761610614356,0.8143177502636997,-0.13272645277211373,0.3850546266675946,0.4135253617637955
6.4375605746019655,-0.00971338417557277,13.292661482868947,0.23248052701073837,-0.6195236982402661,-0.6195236982402661,-0.42229560641595254
-8.07792272384128,2.648717382095736,16.277089268789815,0.4312689131655011,-0.6248861701270877,-0.6248861701270876,0.18177368705301686
3.8258499432366886,2.1946495786708695,13.61311067962277,0.6857068259612676,-0.06790800147006232,-0.07511969571023992,0.7207993364889198
-2.9642841497983934,-10.859269787622768,16.907311083694953,0.9925766779806224,-0.04520711533528889,0.04520711533528889,0.10346096739870514
-8.141771316846768,1.1516001171403474,12.389557333375459,0.23453847201666483,-0.6487129758202491,-0.6770432031107133,0.2564677002433452
12.002349564192954,-8.63398796829892,16.941232152483614,-0.049194951620139704,-0.2744779170829058,-0.5813780346520228,-0.7643567953469591
-9.110415211456072,5.427919233409392,14.514904524547509,0.15918198556757834,-0.12321602842425972,0.7745885111464821,0.5995761371252125
-12.51152113387082,7.509541632396994,16.403964857107407,0.7202340067195832,0.015519455775630464,-0.15744664528280788,0.675449980343677
-7.231230896394813,-5.646917631361626,18.08785860435308,0.6280146707138173,0.10249512649782447,-0.48719391846897697,0.5981090270337461
-3.8300696780346914,3.809938650015763,14.704238965230408,0.6084049932065985,0.6411654633104503,0.23050034050546825,0.4069641334639179
-1.7762292097995456,-9.431789353884929,16.733601124475523,0.10249512649782452,-0.6280146707138173,-0.730083022395638,0.24914072895064932
1.5581987563337076,0.08864022468160293,15.17963321545355,0.4638496805622087,-0.16054728544017832,-0.8672643534277514,-0.08319004900630034
-8.656657709081781,0.7630231645651779,17.4682629617661,0.455079613047379,-0.5534422639471748,-0.22328175274904255,0.6608702332190406
5.106427158998265,9.557327629610207,18.379910914690413,0.9799011897443503,0.08424751166489013,-0.08424751166489013,0.15999491208833785
2.7116485874906946,6.733167677670426,15.524533703040557,-0.002845275226302846,-0.6617013771554157,-0.7466193357396687,-0.06857666789199768
-0.09692441656735262,6.047285515088335,13.262583034574753,0.30416358237364716,0.8753858485805062,0.1588820712852431,0.34050054138977326
-4.244067566695312,-4.824428676601889,17.292540284660195,0.14750633507870584,-0.7319087437673538,-0.6619606928510096,0.06602660849047295
-5.400882168013913,-6.928665434110184,14.068295378673914,0.9067569558332126,-0.2820206544439167,0.1625582204550306,0.26801305654315466
7.754432247423155,-0.269600780581305,14.02028644247289,0.44074505131186525,-0.40400008973632934,0.15167191584084866,0.7870980607156299
-9.271922417106202,-1.0652589612753811,14.830820945237228,0.16550444756946406,-0.7011320530239955,-0.6144232705735648,0.3217237427277756
8.960126921822217,8.330067392780112,13.617349949070057,0.5059698073655994,-0.6370914939560773,-0.24854617636562953,0.525674595712268
9.627731361642025,-7.470621531786418,15.321985799065438,0.24521525824137083,-0.24987374222770425,-0.5871772770749966,0.7298324707475913
3.121358251530939,-0.8149681561585247,18.01986990418734,0.37147764868256933,0.8310773420415354,-0.004888869242612781,0.41387305666348295
9.805643321500611,5.888022460813104,17.88911871479528,-0.42491470285059774,-0.35625682759667554,-0.8235674617411562,0.11943702965734831
-11.234123644043253,-0.7334239847837942,14.331504656809551,-0.05417274697872315,-0.7077430035116061,-0.6861264331067569,-0.15936019659045614
-2.577611336284324,0.9375919655485436,16.649879834993673,0.37109733314837023,-0.6623914027289451,-0.43839345612392816,0.48097357156985776
-13.992405611022892,9.87589910814922,16.10215190297667,-0.5074657942310269,-0.5980368040064465,-0.5113280215560159,-0.3512464990727153
10.000334143554298,-5.147492491059449,16.510382830022806,0.8672643534277514,0.4638496805622087,-0.014324978583640582,0.18025207378684718
1.0083871400707984,4.217452508151499,15.36927422686555,0.42203671938772924,-0.8327653674123968,-0.25063312731623555,-0.25606617468658827
-1.6347213929106594,5.031474922135933,14.774497047201645,0.2959109645311055,-0.04533189237868495,0.9431364319494265,0.14448318702652907
7.297935141162624,-6.1338963600356795,13.095858488006733,0.41901970063592975,-0.5896564382394032,-0.5896564382394034,-0.3592117205279047
-0.7126616909409442,4.076332143892394,17.192336619207946,0.5025605096168425,0.6427454566313583,-0.19322075465278996,0.5449559175977561
6.31601179919209,-6.815343758452396,17.471828318977472,0.8377798393126631,0.11753539697828996,0.021834919833245814,0.5327603659942054
0.42334819160153003,-4.298918082284433,17.754286759339276,-0.26976677248448244,-0.6679848549227907,-0.5980368040064464,-0.35124649907271543
-5.488193297288351,-8.183677128604497,13.459339802535013,0.4154859843392324,-0.5665895565614919,-0.4502089950570845,0.5510531117621981
8.269252026180887,-0.5263392867462784,16.162624977102244,0.302180326028867,0.48480349022947156,0.6965361811421857,0.43415432139075893
13.632765326989155,-3.5996859211305,16.409122528132976,0.1940893495528846,-0.7900761621685004,-0.567827317306544,-0.12522427913022538
6.2488891369663335,-7.546500684727817,18.11832371394209,0.6057165886221417,-0.33006701459162846,-0.3560333454254584,0.6303994266270245
0.329927543887095,-3.968049477203171,13.721354286971604,0.9481640333165471,-0.17090731610468807,-0.2613215467752652,0.05904832273462983
-10.769168302865683,3.1348882409236403,15.265856187637606,0.4211434403240939,-0.3006958755429493,-0.7575191806031557,0.39797598435303694
-9.631224798960801,2.8091095789623814,16.61329803486504,0.8672643534277514,0.014324978583640596,-0.4638496805622087,0.18025207378684716
6.312488319904009,-6.70413452886316,16.88871226705539,0.25624932441253273,0.31129474915995736,0.8032413524028439,0.43844633956005313
-7.392187332737769,-5.561966150782081,14.1730341041909,0.12585495172884317,-0.22187883612109974,-0.7418630018750374,0.6201367588329493
9.338900242890498,1.2124896002072312,12.643807682705088,0.6017017495989327,-0.05631213995106332,-0.35609297333796275,0.712728378671036
-8.239334401717588,0.7667997465322234,14.988396176554417,0.29473860842451927,0.7958179619000786,0.49603712851317927,0.18371197935241582
4.063214576204562,2.216962058791891,16.748506225713037,0.6541849074033609,0.22984097283480645,-0.359848072131995,0.6242792637232896
-0.10727933586552396,-5.8050688157142,18.21171661964126,0.24101316384349256,0.6802191910769096,0.6455369878540533,0.24999300841651767
10.454877076069732,3.93647314265384,12.551009600614096,-0.7581487891537977,-0.2190233859744597,-0.20094766673291317,-0.5803957314931866
5.755228673499397,-6.818321397282329,14.921874099387146,-0.5685574452780167,-0.7843145369939961,-0.239089357870384,0.0665538686475554
8.089010568829579,-3.299348692542253,12.624608534994222,0.06928366083824897,-0.3972000899512621,-0.3972000899512621,-0.8244173405662136
-5.981628167216402,7.80901240591232,12.582012192983045,0.3969234793102151,0.2336553170722404,-0.10364821777505209,0.8815406918164356
-0.7856218355006508,-7.359525003760954,13.571324837823964,0.29922070829869196,0.2568725524212072,0.5985838312720495,0.6972667039788416
13.843479474998347,-10.45922040010217,16.357943815620526,0.2831307522487097,-0.20667242011506004,-0.9364605946152983,0.01284689174961974
-3.0022985778073465,1.6968227463785102,15.920785116181074,0.24307260490177723,-0.6886651309195619,-0.48043421464462605,0.4856325891047758
0.962869217000021,1.1732753175036628,16.490464616776414,-0.1901138571212471,-0.4759401365089523,-0.4759401365089523,-0.7147158136281587
-11.507555052679246,-8.06534318489943,14.345517048580282,0.3967539215614302,0.28899529882940966,0.5966423714922976,0.6348904815164375
-1.7060484993496559,8.486328505527224,15.078436746856134,0.776379659256884,0.05940064149852281,-0.32877805760724643,0.5344260260482588
14.00259152797609,6.121260587287461,17.519781113973032,0.845916957863803,-0.5212260981056442,-0.010683122204888061,0.11239984854068737
0.2823193778245692,7.862449397465529,16.87095591948585,0.46286364875696134,-0.7927630597912,-0.32177304177160154,0.23183201521562502
-6.40613711085458,-11.029817304609589,17.45959378717118,0.6089726765566915,0.1845533982211342,0.0978446157707035,0.7651919717150031
-7.6665664602168295,4.9938353456985745,12.231304942171123,0.6067434859578699,0.48448483950448373,0.3169368963750322,0.5446905417337164
-2.1461931628822146,9.410855378639402,15.797941357707813,-0.42167192680424814,-0.8827877742024697,-0.13307912606615127,0.15864576284701631
-3.520767752217557,2.2860818439034674,15.720894816921776,0.5041208602941649,-0.7857959709042369,-0.2752529950034808,-0.22939624902895095
-2.366812703506289,1.2037498936715956,16.689377063128557,-0.14523625171473784,-0.5351428436368298,-0.6077234852164362,0.5685074613481598
-1.016879271137837,-3.1379067325250807,15.883174221931032,0.39660017396471275,-0.6465552778266668,-0.5501439627763807,0.3493081661604005
-0.6690944777813179,3.1431255205151007,15.306417053485854,0.12850831380445202,0.8388579671565106,0.5228641689177702,0.08009984446371998
-1.794578544893282,-1.5458640596451758,15.560961884775564,0.7581013458840656,-0.16776640554879005,0.4200945794442707,0.46974176614342966
-5.593888979790432,-4.919509123306839,12.035549022682801,0.28745539101441325,-0.6339306496361646,-0.33598610957313185,0.6345192383234196
0.8484159705770864,1.3375249660020838,17.025551672215425,0.36645357831468683,0.4456853768074336,0.06108452712073206,0.8144599440038864
-3.264937270651906,-2.1445503028684527,15.085844568701354,0.6592722423453925,0.15909176044351914,0.2630493413938312,0.6861887249322389
12.48619417410178,6.015712982592504,17.022009327084177,0.8934866897545639,-0.21070728877175898,-0.05366080875391594,0.3929433690670481
-10.511328344207389,-10.0996673072418,16.897085761063916,0.715967942550984,0.175830531437137,0.37312530272867445,0.5632504220304505
0.9477276041891471,7.975688552513811,15.280384801052628,0.01997379628816951,0.3938497022012274,0.9177783358589111,0.04654444935640726
6.531999115561797,-1.955627243288733,14.616685346208712,0.4096626652184158,0.4063252156656866,-0.021626423694534352,0.8164610325291478
7.415014537143243,10.737438824635182,18.259831238499412,0.5015771060854526,-0.7999885726608041,-0.32541155390336646,0.05045801075417493
12.150081760749277,0.4557098856261046,17.406479333800583,0.559356644152703,-0.24987374222770423,-0.30336087788278826,0.7298324707475913
7.42844901093733,3.346705661272358,12.566304495301672,0.3452133997679049,-0.31319048346240813,0.060862309566927134,0.8826297122595904
-10.047562651237977,-9.537354525076355,15.347110494079018,0.0994696227087577,-0.5683568195401546,-0.7234982708731035,0.37898096506817713
2.311210075819318,2.6058418216335664,12.663671423683518,-0.07126434624797542,-0.5936275479765991,-0.3976117198255651,-0.6960119593042176
4.213227819214353,-2.9852529478544305,13.160568413385699,0.41971708944320213,-0.6749799298158929,-0.4258049290369806,0.4323538152750262
6.437989008728614,8.238570480158895,14.944390569934859,0.7460823581637973,-0.6095780996803919,-0.25714187705590585,-0.075191158329657
-4.39252800504563,-5.264678881007214,18.426730368889462,0.13865525278720667,0.03217558032822645,0.8345443964080708,0.5322359470469331
-0.3252606454679672,0.49994637982207735,16.41777876160841,0.3044191278049933,-0.7991107187819915,-0.5171339599328745,0.036380231422031756
-0.6223146120849918,-5.56981214593145,15.462434674366532,0.3493202031249678,0.023298189156897776,-0.913836344114683,0.205756473156622
-5.770321702372856,3.2531700593785153,14.242980453428252,0.35328326988566,-0.6033557262096583,-0.39512480993472215,0.5958432540886586
6.471729868552886,-3.6438486881568997,13.37063894735217,0.2865291848507096,-0.1888386179970806,-0.9053423952923436,0.25019222583458356
-3.5981873011582,-3.267933725885884,14.96176724056308,0.6448730309684438,-0.387735678465735,-0.29660347176731267,0.5880698921980843
-4.942447111226041,1.2932326329199508,17.54573888227043,0.2806293797018151,-0.7239546731047237,-0.5279388449536893,-0.34411823335442693
2.639833430551045,0.10519250506558109,12.958781236974716,0.4664674925805582,-0.3396052981406934,-0.658875238003686,0.48265903139376093
-6.586977094964627,-0.16486359002355222,18.49561088344044,0.356505137134825,-0.18834071337052954,-0.8950577813581029,-0.19053459243368404
-1.3529480305611727,6.322802290710076,15.855482048137155,0.43531566903407504,0.8874513488036623,0.13595254606071736,0.06668790759638638
3.7959913069286007,6.480558932611645,13.35389266461737,-0.19372381745236877,-0.7113350498167769,-0.6753690926734581,-0.018711443431099206
-2.303496043026861,5.788793746002398,16.16746759648296,-0.7547633003305857,-0.28642775941393817,-0.3821282365589823,-0.44974382701212823
9.864669179769237,4.467726079646656,13.481309297626572,0.9243913533561501,-0.06570003483840721,0.19251476716686808,0.32267971068120205
6.223837251996244,-7.0085504729400645,18.011144556580504,0.7162398386466017,-0.3313024654821885,-0.5988435882670458,-0.13647537027743156
-2.001426880229854,-6.8284308056360254,17.12218834936963,0.31635455739544915,-0.6659176109409366,-0.5246299042446783,0.4257193829579117
-4.331283709595141,3.296918056562868,17.2084725183569,0.14051483932439401,0.27977561948043367,0.9337113524353056,0.17367870625788212
2.213893127075247,-1.603610976610157,12.058820954405258,-0.713155281392047,-0.6322070304354214,-0.2583311245223642,0.15807860511045738
-5.085531792005133,-2.0132770474742356,14.951970379347317,0.6879895993582956,-0.12330906404163527,-0.019351483091323285,0.714906081945142
11.254309687788897,-3.4474863000001505,18.26071540112336,-0.39524322691582897,-0.6708774873964949,-0.6246020459815885,0.0598203363191952
9.418117070896825,2.548723586095063,14.324263122365025,0.08650587617081099,0.5646805353166603,0.8112986633999307,0.12428638375902636
-12.740835278329865,-1.1160507710213459,15.269513016244154,0.7343372590389907,-0.06538547647036808,-0.21701253752146968,0.6398273892327039
-9.21071129885964,8.505409781376848,15.066713381354887,-0.06054026143726232,-0.33777784735439276,-0.8050884814988737,0.4838114710706839
9.995059441323086,-5.084434687906129,16.81657595611369,0.08961827939636186,-0.2856341075473962,0.2856341075473962,0.9103817206036383
-9.667669248631853,7.497630612798394,12.475027456272644,-0.4483475003521978,-0.5676766188651243,-0.5502902547408833,-0.4170232737618014
5.029891601108526,8.588855160019818,14.227180937025484,0.2989788925517705,-0.9529146255066426,0.015162493359562008,0.04832636029305014
4.260433560221603,-1.5108062197968337,14.585037444266176,0.2459589408718603,-0.831779335607149,-0.44323401801670115,0.2262541525251917
-13.023363300075024,-4.311509871901097,16.190574538308404,0.10000168171000391,-0.9833968130186284,0.015319694152424278,0.15065085054871688
10.666731126069884,-4.275894157136228,14.051751799387121,0.10561787880630111,-0.9879762186532849,-0.09542227607534752,0.06035266589484007
-8.285318342713051,1.0875845867295126,15.159758790359941,-0.08300872624371539,-0.6192987604243644,-0.47488225286505936,0.6197301369290084
0.8164954240276145,8.340563297017171,13.195800373555512,-0.03891616865132572,-0.6680727259457595,-0.5110262459279168,-0.5394594893388414
12.807515618681599,9.940204231637253,16.342301005536704,0.9364605946152984,0.17696818765559377,-0.2831307522487092,0.1075211254672162
9.301163663582875,2.089651270134551,13.09156742363853,0.40206344228875746,-0.5114997860280812,-0.6790477291575326,0.34001049806460404
8.760045427259435,-6.364833774021875,14.241757579473356,0.35039835403923014,0.0098744919734709,0.4844515107309083,0.8015174493705081
3.477169984173507,-0.6209524574037308,12.245992265306764,0.6933658720600357,0.22932012833726437,-0.08994981152572828,0.677174333246833
3.8807672033547043,-10.430660606778805,18.013860292595258,0.17716594896007215,0.1361575591516475,0.8659457336518855,0.4474498094591614
-5.24679940114619,3.50614170916125,12.814577596339642,0.4484518515034591,0.5875677502640385,0.17690262745905638,0.6498927112461397
-12.127291616937665,-1.6721424625362502,16.915307603838095,-0.09041617016721346,-0.5044672520411723,-0.6100688495216291,-0.6042794938053725
4.184005163207036,-9.365653715910764,17.849127789514192,0.27867720844045346,0.24567978754679404,-0.36100116340922217,0.8553704551268917
-5.069158230799035,-9.524296966419168,17.504710281348743,0.347499212540346,-0.6719269981159443,-0.5940946608132928,0.2735140590168521
8.92457946064425,0.25611526142835306,12.179388151498605,0.6685821443188713,0.0288712942743527,0.1137892528586058,0.734313536984566
-0.7601080728495617,3.2878515465829086,18.040502155218533,-0.11648689431779967,-0.17674824794145672,-0.9616848054187842,0.1742216844381143
4.645012412795092,-3.978592666552566,13.3483498363804,0.7586357770498809,-0.2371330820549173,-0.31182275211089455,0.5205825875315532
1.3082635637892217,-5.80127706319576,13.643544583526975,0.07151384859015152,0.0018122214824129318,-0.6853401471483773,0.7247008817572703
-2.029542182419826,8.878926991579844,16.77647128065732,0.318107240897214,0.14725588407224233,0.7612735992721429,0.5455144314737246
-8.724669557445214,-3.41396686280532,14.239531991189526,0.6812164869897614,-0.2868606318764428,-0.5848051719394753,0.3341526396807551
-12.134312404619108,-6.7294178463398,14.156509963720206,0.015162493359562008,-0.9529146255066426,-0.2989788925517705,0.04832636029305014
-3.3021135685226746,5.207061305503132,12.828896100770582,-0.38462855440864996,-0.5836057652504166,-0.5314913034250434,-0.4785208253394374
7.302798310666947,-10.827947708698192,17.361886795171337,0.6918494923532906,-0.20080377952969533,-0.35243084058079693,0.5973396225470038
-8.763209309340997,0.6787162344345568,12.421123973613767,-0.11024644221780522,-0.5055942334272323,-0.7384404174134656,0.4323493298637941
-15.018548411384405,3.6849810964857976,17.322482066012757,0.35631955465204856,-0.32471522553056253,-0.3247152255305625,0.813729942665156
-9.355208178851065,2.9416765130062785,12.362031497884093,-0.5416423351915756,-0.6984793252695761,-0.437175309343512,-0.1662166110819822
15.522828658518893,-10.913904365576645,17.290276077595532,0.7040908158336794,-0.19390739247604025,-0.08994981152572828,0.677174333246833
-4.580198152169018,0.49440301326268,17.61661757277915,0.7067425942661019,0.5479990638793336,0.2164713138437605,0.391601968483497
3.8144036172231264,-7.37772208866334,13.964173181488913,0.5233103328603846,-0.24304315600562756,-0.7731490446185744,0.2632809804102129
6.280487596872051,-7.437089994182076,14.008882496300846,-0.053623905635867775,-0.704160356447542,-0.7077847994123678,-0.017981848426134317
-4.282857555491482,3.117121453835747,18.37021341920022,0.7497264597967533,0.5447257146656563,-0.06411254094433039,0.3702346733576952
2.424178347718911,10.508359831400256,17.713063792242323,0.1364965895002001,-0.082138558768904,-0.744049914030019,0.6488541158458524
-0.11197218676380416,3.2230034046180496,15.541086829496859,0.22681546904573938,-0.6649865200050674,-0.5945270562296981,0.39100543554273093
12.730788865705073,-8.910110992025059,17.071043915589485,0.7005405654292707,-0.05380748065953922,-0.08922021652076334,0.705965597020917
1.2102551868236482,-2.3836093802697667,14.079171776206664,-0.9245995320647301,-0.12934007491393673,-0.12934007491393706,-0.33415265276247014
-8.292350648795047,5.287648838027554,12.764003630426389,0.6619606928510094,-0.5123337885051886,-0.14750633507870567,0.526843441059847
1.057198253246808,-2.499300308248018,12.174155763556659,-0.5399884513186745,-0.22098197863901922,-0.1957409652693442,-0.7882035981107095
-1.6723890104527257,9.042415800406616,15.703073526658848,0.527099896199958,0.17215438226734936,-0.5369970966883383,0.6357379068770688
5.66358415813823,-0.8891826622085635,14.217331857829567,0.8025869324109911,0.39451525253875913,0.13321123661269507,0.4271612083013978
8.339597160262166,-3.1818725324396304,12.498500917601087,0.6167252531103203,-0.5209207838672002,0.003007849790483408,0.5901546000420828
4.684008033108167,2.3290858309497704,16.91593358540594,-0.49500031739101336,-0.6972973770412593,-0.48252691229657263,0.18952264419776382
10.799298168402634,6.942092916548161,12.925235713266105,-0.11011243731621329,-0.428243527443931,-0.332329145693757,0.8330906741004366
11.207371866583967,6.093860114624771,14.832190316449626,0.45174890287208025,-0.5520129436424716,-0.354718172350934,0.6044664233926137
-5.006687728586943,1.720881582164397,18.183939348394162,0.45377177803954566,0.8558609904511364,0.04554118950801728,0.24396544537500264
-11.660928999055617,6.404925922304727,15.147083959889839,0.670149097979112,0.5763245384144319,0.18814583930866258,0.42819546477048687
-13.41375917342327,6.613870378117348,17.365822213887256,0.6881947851582595,-0.49201378678099333,-0.4920137867809933,-0.2055062162462033
-2.275049157865677,-3.3154141995795356,13.106029162210927,0.2933928191055211,-0.6346399410913268,-0.6346399410913268,0.3292186872589544
1.4369417750879148,-2.1539199017301565,13.449547517763756,0.39116433478895946,-0.12361903035043705,-0.8401228076456999,0.3548273757728333
-5.536014543196457,0.41575660601525044,14.355434443165937,0.5522452487805056,0.1131628602983939,0.6370914939560773,0.525674595712268
-14.004076611959745,-4.618155696767159,16.38471059617876,0.4565257967465144,-0.18032236113370237,0.7122315814442349,0.5017910096579757
9.539904455850824,9.295486338852564,14.50727301993392,-0.21318127577900148,-0.9449659280515933,-0.19346712530864807,0.1554464856586873
-13.629640865245495,1.0514296510374308,16.155019800293687,-0.06998910712380876,-0.918550421519381,-0.36485760153409685,0.13507619558369796
-0.19629243620053494,2.108951542029537,13.616971645205364,0.2966680723907357,-0.54069135355424,-0.764689300159257,0.18679183396924798
3.0634456057740085,-4.635987449297503,14.557043125959716,0.5514888072485394,-0.5895494859368382,-0.5895494859368382,0.026886850741627666
10.543078352995966,7.789956270556058,16.72781919557223,0.38210121174872774,0.630495943306782,0.4788688822556805,0.4766110815550145
5.021291214429491,6.077767104444227,15.677611389189675,0.5985838312720495,-0.29922070829869196,-0.2568725524212072,0.6972667039788416
11.59058692539358,11.073895907070515,16.78786436940897,0.33130246548218856,0.7162398386466017,0.5432737375881633,0.2865184391062824
-0.08912404957014886,-7.851530308644209,17.550668897905748,0.5102801422099057,0.7344400894755434,0.32377496667056144,0.30883928246722503
10.933503439478393,7.6180763503948725,12.510512120362039,-0.18749470535009505,-0.6622310051550764,-0.5875413350990991,-0.42554789486842287
-15.278598795612169,5.25933481588496,17.26713412608163,-0.3238740198786981,-0.3972000899512621,-0.24015360993341928,-0.8244173405662136
5.730050864596505,-3.9047482378639593,14.454259522355333,0.6819304518234065,0.6805844573960935,0.11326250122433662,0.2427905703341817
-11.254448795248646,8.440136738636284,14.242535131813067,0.7244261084162292,0.0036058471200887954,-0.0036058471200887954,0.6893335978885772
6.3430739485696765,-9.750829414666564,15.167351185946565,0.06968515840576829,0.016170757089246462,-0.5254299790695401,0.8478241695116429
-9.624158214698143,3.3377609432675523,12.972266737000973,0.5875413350990991,-0.18749470535009513,0.3203604452566899,0.7190341439254359
2.151120387207312,-5.781746618136646,12.381397395234986,0.1648398061928811,-0.6972973770412593,-0.6713310462074294,0.18952264419776382
-7.050206378628477,7.52916619165528,12.321021616331745,0.36907711830234885,0.04244555640860198,-0.7849425103047432,0.4958283079890521
-7.9534795661495545,-2.9372916802683733,15.462940354583818,-0.45854315718731586,-0.5772907790211476,-0.6132567361644661,-0.2835307831660462
-2.174821779546832,-1.08733771397538,13.310958433751493,0.28780470032325123,0.4739619039329033,0.006651269788422509,0.832156432831197
-8.95613422959611,-4.3130309705580006,13.783518863031281,0.7099620464050644,-0.5495515298297007,0.34825300974104084,0.26956789484743005
-10.376754555234164,8.162143056944533,14.822726810626603,0.44074505131186525,-0.15167191584084866,0.40400008973632934,0.7870980607156299
6.09846274591364,10.346062865817913,17.235390963393375,0.7639959245932467,-0.4663777164162143,-0.0515352176605024,0.4428839285591569
1.0090555301278386,-11.070014834777346,17.48102542508991,0.32890748316928076,0.33027327749302016,0.8488256943806561,0.24946817482088662
-4.840855963806126,10.139063974339223,17.266983072074567,0.028744122186635968,-0.40217149644916417,-0.3117572657785868,-0.8603715883952812
-13.144672206479774,-9.097529209510405,16.536636602983826,-0.7200022801025122,-0.4836831404804813,-0.48368314048048133,0.11703826672102198
2.2716770107227244,0.2895070266201607,12.988849084757248,-0.9303562196670305,-0.302586801865234,-0.2066724201150601,0.012846891749619657
2.9329020148348874,3.9629540832444548,16.953067433859854,0.36094012296282707,-0.6189652828470311,-0.6972793958678345,-0.020140763735802536
-7.199328060500461,1.6638140725808555,14.783241920969768,-0.10775958843872144,-0.1957409652693446,-0.5734182012635052,-0.7882035981107093
10.440662441367474,-0.060801173344010806,15.377519224372577,0.9631102282375961,0.09793873767012183,0.025358096090515477,0.2493665151746985
2.6009451866497137,-5.325586152749721,17.226732003666044,0.5925398351716129,-0.07980486512524623,0.5741308678296256,0.5593759682381251
-4.183056013559996,-2.750628411198008,13.710988945673003,0.22769607393775962,-0.6292774692045051,-0.6823505688556332,-0.2942143195823362
-6.951872004390097,-1.2637846628221805,17.204376831615686,0.6796759815889325,-0.2517243422287116,0.6460801973420301,0.23928183003129821
5.193544050558815,-0.09343813581464033,12.278745710856663,0.764213167768942,0.38370194220824944,-0.2604051084476122,0.44826357564335256
-2.113821315045241,-7.247249780371385,15.095120981855715,0.655954698922399,-0.6866347351004861,0.012064967656994413,0.3132261324834603
-5.425060330623172,5.655213960407805,17.169580414664765,-0.03538565533247488,-0.854398502832557,-0.4895710494060741,-0.17050290712363747
-9.399036308743671,4.363676846804102,17.423356093260942,0.5509645527361356,0.6539778343905043,-0.06252594290475844,0.5146275937200095
-0.4962352432602959,-7.8162468418629425,12.696450659404947,0.7764083774196303,-0.5373558794779718,-0.2791410774726966,0.17469673474468256
12.06985418671982,8.27985874747229,14.275162145769995,-0.04554118950801725,-0.8827093446650601,-0.45377177803954566,0.11331984095472243
6.217258504975451,-4.33079660968696,13.299289729743633,0.4699254009831836,-0.5177038908892633,-0.5069789471156196,0.5041082681829867
-7.814974508547241,2.094642591330773,17.938609547119786,0.688266209999343,0.03309036123517713,-0.7166182869011414,0.1079485203480785
-7.080979556986438,-6.925533361536185,13.72063557603832,0.554079172777721,0.1609967405060702,-0.021626423694534352,0.8164610325291478
-3.195533791926321,-2.4675393954826825,14.125731418416603,0.1197454123490197,0.7816567676101344,0.6050473748801004,0.09268984853444792
-3.2251210374475985,-5.521848636460003,13.284028940569112,0.7867185223619355,-0.0619257351328155,-0.08000145437436208,0.6089654647013244
4.958947434216894,-4.939072435835524,13.736891890667586,-0.39146025720665567,-0.6034953752366086,-0.596283680996431,-0.3563677466790034
0.46897119943453447,-8.05362131887747,13.753146583355415,0.8182541368710214,-0.2877721863407544,-0.2484131915564946,0.4312055455613233
-2.4568476252191953,4.055095106521209,12.782606238314035,0.6189652828470312,0.3609401229628275,0.32516023705425995,0.6171507324021346
-8.669912006979857,-2.2472838134152937,13.478829861968968,0.25569120568213544,-0.3897211537080692,-0.8816677569509558,0.0734941905346145
4.179562607501531,2.531814557957766,17.636096446088967,-0.5565923492771278,-0.5594334516501982,-0.45736509996837754,-0.4099467468243029
3.709129267321238,-11.06183219172264,17.263813957381206,0.5671305497605773,-0.1893019077852261,-0.09091200454494662,0.7964061367586005
-2.6444805525602177,-5.931664403105687,12.521987715347008,-0.17745179119307503,-0.18324996206136765,-0.8007949380187532,0.5419020026263225
-5.190829476984142,7.4414013700124,14.37773334939642,0.9371733080722915,-0.2426509812655406,0.2426509812655406,0.06282669192770897
0.3811334269595239,-6.036717310064484,12.914580107489803,0.08567896223538302,-0.5571712153205909,-0.7142176953384338,-0.41486435845213265
4.372588296697458,9.274419612913778,16.32797876436754,0.15482600987645342,-0.03750957807754137,-0.515684237223391,0.8418382895173577
10.879287095839011,-0.32653606288752535,13.449291880616842,-0.2646944565545426,-0.6700109869339543,-0.688086706175501,-0.08694139889393149
-7.163823562116289,-6.682470757628556,12.202029827051751,0.5799371776653134,-0.3186372201769241,-0.7451403758343247,0.08312046788243296
-9.797118607024736,-6.121176748946843,17.57124509698471,0.7430765250988677,0.07270354832089754,-0.45740234029204924,0.48304717264869584
4.142756167660984,-0.24959248883026497,12.490845483906309,0.34665602712863264,0.6005117523607567,0.1336006862579475,0.7080720943261438
-12.501007962461323,-4.737125931239929,14.343990392326816,0.04065727213007986,-0.40821340950367135,-0.7455169443509639,0.5252744846363003
12.031663683763853,-5.162045375764568,17.423349085890735,0.3051808939449273,0.5312074588930634,-0.3199717012804615,0.7227042050293029
8.953669196857991,8.153813789700944,17.675932390727727,0.45862986345178786,-0.5541718589521399,-0.0831818409325416,0.6896614969931244
-8.614808744603152,-6.181472888054636,12.69847577138194,0.46304565365889,0.14528151108840398,0.26174713357022994,0.8342484301640906
-3.572514566049417,-8.589786299546711,15.629410483097882,0.160183811274352,-0.6915027058084973,-0.7023667308098662,0.053349132294826296
5.856975886030879,3.5727450895010886,13.564310025843117,0.7003965251554517,-0.1850699765999459,0.6172988394798987,0.30681583089572523
5.951963362344969,-1.9777441293087943,17.76819769334231,-0.10654204696062972,-0.3559049546475022,-0.9275030684059756,0.04145495850074071
-2.272079537403087,1.3877905802705772,13.106532881691482,0.46593713391417335,-0.6211004787486792,0.01277331400138515,0.6300584298201471
5.733751253911199,-0.2567671994815166,12.688607128996857,0.6666085034175755,0.020979717144289367,-0.2982902227187033,0.6828000422307782
-5.832884791484461,0.28650410454711306,12.328194123830764,0.2457631669070536,-0.19395691046682687,-0.9006739784543999,-0.3012765626614558
5.093554376975721,-6.324832976127061,15.048891516594656,0.5695253261178701,0.316112344203837,0.36822680602921026,0.6634175970486575
-8.171382188141365,9.90226355190586,16.855999413174224,0.2856341075473962,0.08961827939636186,0.2856341075473962,0.9103817206036383
-11.395656399216366,7.872451690166088,16.56212257453663,0.35243084058079693,-0.5600440257051225,-0.6918494923532905,-0.2889419869281851
5.091350441649045,-3.3023601854799525,16.98682264565164,0.5522452487805056,-0.6370914939560773,-0.1131628602983939,0.525674595712268
12.220849272810366,4.833226395358379,16.7159516234211,0.7111418326297172,-0.05543153505904336,-0.08759616212125876,0.6953643298204701
-10.939553595381168,-8.600412171628623,18.04060606403269,0.25895646703835834,-0.1034399265762016,0.3411389483227456,0.8977003663284161
-11.091254716167207,-0.7837149372297283,14.089189323173773,0.16054728544017832,-0.8523949981526565,-0.4638496805622087,0.18025207378684716
8.449046588678877,0.4224661165244896,15.987623023822053,0.7792316408447351,-0.09630357300045914,0.23385693819767298,0.5734410206730736
-1.3587491962593514,-9.003066551752621,14.387255463867648,0.2920439565102353,-0.759342705965242,-0.39451525253875913,0.4271612083013978
13.541856357560556,2.668987053199448,15.085197923981479,0.15707069295566647,0.026586823733676254,-0.14190819959610446,0.9769769706116789
-11.977481048928679,-1.0989942636081729,17.410301036842917,0.3118470419429309,-0.24138757816756165,0.7266895406986427,0.5624995742016512
5.192884927045155,-0.9602935856600308,12.223221511327633,-0.6465552778266668,-0.5874447261154077,-0.3966001739647128,0.28210506639341904
10.738541217077998,12.223201871315382,18.37994088135068,0.42321008961105705,0.5741851454420916,0.5437817281639163,0.4421606845029422
-13.063031915418902,1.3016076437254007,17.65898042627918,0.14410608980248146,-0.06790800147006232,-0.6745889524260787,0.7207993364889199
-1.2405706461390977,-3.741821345076894,15.239349344865683,-0.6167499981370432,-0.7220548914610627,-0.31221302840468623,-0.027914125626376962
-1.0583620294910272,-5.8118649327500975,17.80652939739526,0.6244068512142106,0.41990030552795027,-0.29660347176731267,0.5880698921980843
-15.022470678605437,-10.368807677981549,17.024534240571775,-0.07852324000892105,-0.19657884035847364,-0.9069284937105323,0.3642410844451291
-7.762503058367578,8.804733564905161,15.340187341605308,0.2997346283579196,0.2708003680793933,0.9046741608294578,0.13561333245194576
4.514498610770534,-10.773157796741692,18.05884473226463,0.5370834768406035,0.5327128048189508,-0.3032534064651976,0.579478884821517
-0.37005532245990125,1.7503468843890442,14.389942860419037,0.5479990638793338,-0.35430637164161577,-0.7067425942661018,-0.27327445261412
10.450574059648032,-7.1081377720765255,12.291076098503073,0.54069135355424,0.2966680723907357,0.7418685102508378,0.26319579881497324
10.5558792927263,-4.5277951766937665,12.307356244369506,0.4589011486919613,-0.5079334501343106,-0.40586509845248986,0.6055467511447862
-5.232271241752353,6.225790069529218,13.698529146877808,0.381158187999537,-0.778405769525509,-0.460641626955023,-0.1913431085943236
4.41256531475797,-8.170184995647082,17.453716641718717,0.6015967769257459,-0.35011425044395605,-0.3359861095731319,0.6345192383234199
-2.127774304525401,8.904127095157937,14.263337796502292,0.8404960379686369,-0.0962083097274847,-0.5299231596250626,0.05909159154562012
0.9466084118284357,-1.679640017679521,13.157306290095168,-0.2539275753033925,-0.7224032377799431,-0.6356944553295124,-0.09770828014508101
-8.919145997704355,-6.266147643717739,12.530727922023424,0.5925398351716129,-0.5741308678296257,0.0798048651252462,0.5593759682381251
9.889010571104999,-5.228638062808501,14.85122181441604,-0.7152573360752849,-0.5892561513704118,-0.37448568662572557,-0.030734374486507454
-0.22563063569695174,5.635667189490373,14.27658832936209,0.7655318970839471,-0.19820994091219007,0.5925657960255086,0.1534259145362839
3.9492636284876923,-2.8371869700365835,12.706193351572798,0.15782642876181552,-0.021653640943508662,-0.4278710610350594,0.8896899984527833
6.570510806206299,-0.160063799461442,15.400441820207416,0.10364821777505213,-0.396923479310215,-0.3969234793102151,0.821072804382536
-0.19679954786451148,-9.6296525222038,15.357144256028114,-0.4505064156618661,-0.5607956582854168,-0.5571712153205909,-0.41486435845213265
9.06522319418566,0.0037054085469012676,13.096542976448875,-0.11938266412807097,-0.7117115093637726,-0.6857451785299425,-0.09469982612318825
-14.156501485090063,1.1089989558299163,17.063052016495348,0.5975734291910821,-0.6277763160828075,0.019449151335513504,0.49842213454323825
12.794664426975032,10.1222876677329,16.519936732689636,-0.5087907070635876,-0.3486449569887279,-0.7548623770802783,0.22307286262738013
3.3661807235777896,-6.812458635863726,12.031257208092848,0.7231968776259372,-0.28858289573425316,-0.3869727989745325,0.49392129062791407
-12.920837011377726,4.690111217000689,17.869972798302925,0.7551753679578462,-0.37492739310640005,-0.48052899058685716,0.24131204431968709
8.707829442388267,-9.133230888493522,14.589167051279288,0.621656775674412,0.5284237325335489,-0.2989643341797962,0.4949055859877086
9.060846002205356,-4.7719179819760145,14.938082215435278,-0.20064721760234833,-0.3126663374615784,-0.7908409966074279,0.48636506203855595
13.604539088783383,9.343525847923935,17.089161876114535,-0.008337577286163605,-0.8950577813581029,-0.40311117811521624,-0.19053459243368415
-6.818390956201242,-4.608040858947994,12.241576858649047,-0.29393049249653036,-0.5627000632820852,-0.7709309795570213,-0.05137050829353168
-13.961594380695626,0.37182380625559297,17.844773082684938,-0.11651654257157243,-0.6835266353077699,-0.7139300525859452,-0.09756594767968732
5.870730027706635,-0.730505596859242,14.352417140492099,0.7619166668594286,-0.37373796775365936,0.4749062897410914,0.2329526565324663
-14.637577247663884,2.3667381810405903,16.85662109617867,0.5291393111258925,-0.6498949240485663,-0.49323809068179175,-0.23316166712756348
1.444226908291748,4.2658486651740315,12.64240170898156,0.570561239727738,0.3497077452036814,0.4558550488022917,0.5868224085243878
7.672534879094952,7.178170026528619,14.197429004057476,0.7525244063128611,0.1416074481017178,0.00031974140545953933,0.6431595807503987
6.444166887941643,4.750727263262666,12.073893286676181,-0.192514767166868,-0.9243913533561501,-0.2140417000040914,0.25024955728718284
7.412842206212007,-7.620089647865198,13.04584005595554,-0.02280428410378857,-0.5314158484004164,-0.7848288303144494,-0.3179950751232359
-4.255731493983214,5.630756926442617,14.428447114009739,-0.365586865938537,-0.17004229053290998,-0.2231153901840378,-0.8874972594586327
13.6355076856908,3.096974301226247,15.566857464634618,0.9529146255066426,-0.015162493359562008,-0.2989788925517705,0.04832636029305014
7.801311917802428,-6.925770227604702,13.690858705766694,0.655954698922399,-0.012064967656994413,0.6866347351004861,0.3132261324834603
-11.048962453233257,2.6021885336923525,17.330624677606117,0.6969161224644448,0.08922021652076334,-0.08922021652076334,0.705965597020917
6.405593977043326,-0.6432013982485172,12.025517955020316,0.35804303344086075,-0.18702639651466768,0.18702639651466768,0.8954593459325464
-0.5158753731793766,8.713808547753434,14.462071419259674,0.08020525828768188,-0.6297567881173826,-0.6620983022958753,0.3982453294892534
3.0298663794008593,-3.071807539850038,13.710906934511623,-0.1974486467614202,-0.6854264315643499,-0.5643459086898255,-0.41559395345709826
0.05011044543763532,2.695133841372771,12.930089055321774,0.11716812597190107,-0.10793373910900868,-0.8594325418519541,0.48579588740958957
-14.38644070990567,-3.827026362735115,17.913022008500207,0.5504879335600932,-0.8087549091912186,-0.19334838361231482,0.07412782485914043
4.069335061130088,-8.259009809694847,13.389378212587788,0.46168546290324675,-0.38995203028077635,-0.6994271629174051,0.38155679943754683
2.2115411815909543,4.301795443093123,12.820236173204053,0.8391983368579066,0.08128061199789838,-0.2166639280651343,0.49213448954890027
12.193222834514089,2.1227232592244327,16.542305410141548,0.7115270473390809,0.610825934494701,0.2262250848079997,0.263520681649881
-3.1789966661962143,-1.130231691768242,14.074800212740971,0.14229386832006813,-0.7103229151076621,-0.0036058471200887954,0.6893335978885772
-8.927455039945535,-7.14748756979359,15.080662941149152,0.6289336812217436,-0.7561391469226979,-0.17400690682653636,-0.04916921285257357
1.4113088157957527,-2.6875447375548234,18.387586804669347,0.6829862785087996,-0.3316705359958171,-0.08505240791254659,0.6452057709205843
-1.0781488213264012,-3.7958125694734988,12.283848225903803,0.33201626653267613,0.11243536304401208,0.8896679297595216,0.2925994918865577
-12.197690654126939,-6.3535095132378725,15.983569399339418,-0.1517952456014824,-0.7370558240349752,-0.48364284212094194,-0.4469860366209295
-4.40656332090151,6.081843205171628,12.511008118098445,0.16326816223797466,-0.7345363773327673,-0.6305787963824553,0.1901846448248211
8.394886767611565,-3.117615662274938,13.87700623775217,-0.006651269788422565,-0.2878047003232513,-0.5383837724756717,0.7920019751344749
-0.8219194990969072,1.6859130719381348,12.12313231952539,0.5672242895253728,-0.7971060616433638,-0.13666443507069648,0.1555678760240998
11.228663840401405,-6.175744998478757,15.584971373801224,-0.7152573360752853,-0.3744856866257252,-0.5892561513704115,-0.030734374486507926
15.053908990847926,-3.463811090458867,18.020509852547683,0.596283680996431,-0.39146025720665567,-0.15749557695915564,0.682934683585003
-9.802245128225259,-8.141068318325736,13.350902187891151,0.11794530178696794,-0.7500430033440975,-0.5418120870691611,0.3605052859899665
11.496716189916457,-0.12060308854779045,15.036433486479691,-0.07486995398228431,-0.6203353071415887,-0.7807458237169526,0.0038151609113264984
-10.2332398370516,5.954044634562781,13.100287862912854,0.40890958028369395,-0.5536218238791127,-0.6961505163750632,0.20413301993482388
8.500770433134377,5.01563602184908,13.652704410554238,0.07410628171632495,-0.24408593938058784,-0.9605897166758508,0.1104432407324509
-11.151963691896356,-1.3829692198027157,16.518969515160148,0.6244068512142105,0.2966034717673126,-0.41990030552795027,0.5880698921980843
-3.6687071715058526,5.784018317066826,13.306295594991337,-0.2619643168288419,-0.6699421599008935,-0.6558140190300692,-0.22904185543116776
-9.013009949575343,-9.402702447192743,15.245963927608134,-0.19508043460494356,-0.16435726581891572,-0.8515096344497056,0.45810659856217545
9.146419053931492,-8.791580963354834,16.545102780301654,0.6545017051863251,0.04527304265379273,0.09738750447916597,0.7483939761171126
-8.752257722315715,2.8567533145387944,12.811892504256237,0.6330108294646184,0.36419945576388346,0.04820565752514311,0.6814192988053502
7.83204394477878,-1.7710652975844994,13.048354761864672,0.5607956582854168,-0.05734873494491896,0.4505064156618661,0.6922884671117534
2.923366512276605,-3.2403252050747824,12.087914496421474,-0.2776409394457511,-0.5905518501724921,-0.6754698087567452,-0.3433723321114459
3.0745864036874835,-7.220181363172731,12.071796578651549,0.25352892679596317,0.028156172872223086,-0.9186943278300086,0.30154774948562685
-6.4763862990115095,4.847563646049805,12.50901256579679,0.6491306847656394,-0.5300765765232112,-0.5300765765232113,-0.12910073639819486
-12.401462078507183,0.9815407237884681,14.440197129222119,0.47570861264419145,0.23795830550909378,0.8258192905021547,0.18734903290355573
-10.07949138767831,1.6088665039815435,18.022767011336292,0.7379309990403536,-0.0424589792921265,0.0424589792921265,0.6721996063746589
-8.71794812887251,7.49661482192883,16.960973914984567,0.04673462869400362,-0.8418291162419264,-0.45365041713615717,0.28868826190262886
-10.554320577643328,3.521935290917522,14.157235237342118,0.704160356447542,-0.05362390563586744,-0.08940379154443506,0.7023458060026453
3.167460951540818,-10.39145099138413,17.462683911936125,0.09607663101228975,-0.6845632303016256,-0.7128934575920897,0.11800585923897014
2.6598035002207414,-5.497055570250179,13.275652157640097,0.3260959248444825,-0.2371277818313617,0.5652410342484826,0.7196766191042091
-8.90811328517059,5.745594522585366,17.586202741288652,0.26534071601739406,-0.33619717177143804,-0.843115704707368,-0.32514869612541947
-10.07711344961454,3.869407494520349,15.254976480370912,-0.18075074205992156,-0.44691472560611145,-0.8758522922316261,-0.02188971159718195
-2.557710809429393,-2.08443248156576,12.84502327345347,0.5692165266801206,-0.38965287835161005,-0.41798310564207425,0.591145754906801
6.681116125286309,8.437139824568893,16.953952517194793,0.34184995964123616,-0.5726653913528905,-0.5366994342095719,0.5168623336625058
7.0776617400233,-9.089734774431996,14.879947634695618,0.7418630018750375,-0.1580022522729252,-0.12585495172884295,0.6394021472054754
-1.0006274425645127,4.4272547483168125,12.157572645585569,0.33169441272987565,0.6754790158804889,0.5150684993051252,0.4103795276234864
-6.956733802955386,6.94343999527011,12.450432007419394,-0.5183770296584882,-0.6025326513537532,-0.602532651353753,0.07206984964377186
3.262351337188969,-5.696447775670159,12.03177344146835,0.7155262360703087,-0.11326250122433662,0.6451717215348695,0.2427905703341817
-11.754054186992708,9.185111821770326,15.617339427834326,-0.24360149143571952,-0.7372391273069315,-0.6208585658025243,-0.10803436401275374
0.38264887999060626,0.44697532538771334,13.732561414419518,0.2391304617086238,-0.610932690863699,-0.532200323866659,-0.5351081057069531
-10.981641030510154,-3.6181856705627595,17.697832934410545,0.4058198663954034,-0.5558906410093976,-0.6408085995936508,0.34008847372970863
9.234438154779372,-4.539199925458607,16.608487585207808,0.1306520079630325,-0.38223518886154745,-0.8568122076189847,-0.32046708736824564
7.2713690820878885,-9.89601893168876,15.627961924773551,0.7948097794242251,-0.36249475590405295,-0.17369062199319613,0.4546499030081194
-1.2473276662769006,-3.290464643747362,16.009261250954403,0.5124112388873524,-0.07221169682595147,-0.6619007417927527,0.5423168825674235
-0.8049765940829854,5.939521734937792,13.706655567440407,0.14989041669344938,-0.6459275452066289,-0.7443174484469085,-0.07938517030457365
3.759512706208806,-3.235540974778286,14.469058827332704,-0.14523625171473786,-0.6077234852164362,-0.5351428436368298,0.5685074613481597
1.4288824698548037,-7.363520789700273,15.388038727931285,0.12321602842425972,0.15918198556757834,0.7745885111464821,0.5995761371252125
-9.016286554818143,4.204796067635266,14.476177205366298,0.2600351193653437,0.8267882697561338,0.3746525899865465,0.3292997578296744
7.134558059288317,-10.792758868240222,18.403802657770907,0.27302421943610883,-0.7663868430747438,-0.5775827091638872,-0.06713565697999699
-7.880564817406171,-5.172293777408792,12.755957589860733,-0.6866347351004861,-0.6559546989223991,-0.3077871390737378,-0.059356975461306694
-12.985810975131535,-10.08049419028833,18.376054613027605,0.4135894707268604,-0.8488256943806562,-0.21495190163059194,0.24946817482088662
-5.970183876369427,-9.859410377988711,17.465946812222846,0.16518248927309212,-0.3951569044332671,-0.9030120550400522,0.03368968044675529
13.658365452024801,-6.772636702519186,15.85140673394504,0.6140575149000512,-0.05791940972343212,-0.7682690630754908,0.17129319044600094
8.104553510677379,-9.157434790489896,14.491562328232831,-0.2630493413938311,-0.66648393658557,-0.6592722423453925,-0.227956830866179
-11.509357940666819,9.741021387724455,16.13065310659391,0.5882215357741296,0.36032241771085993,-0.47564379357328845,0.5458261277932158
-2.864198015739327,-7.759476738218096,12.360079310607185,0.8717096994107183,-0.2979187002232258,-0.37665106722026553,0.09747113199514125
3.3209061406146354,3.75249561288992,13.692390698948994,0.7796633430580853,0.46990452585290554,-0.24044512749915303,0.3368990186040351
9.275223478674334,-2.3707846930612977,14.738524435102809,0.6227082178969884,0.6429871091462483,-0.0515352176605024,0.4428839285591569
-8.414432218223148,0.7879719504581946,12.940930276728576,0.15835231807199104,0.2540527952170352,0.8097248007942133,0.5047053274757557
-10.84589939256884,-3.2635316101885534,12.778169053783412,0.6902909410071386,-0.36026688479757657,-0.43495655485355383,0.452237751488811
1.9680757932865731,1.253042838280244,16.614354284591514,0.03931169250970967,-0.42648426080660856,-0.8716846986667103,-0.2381838622295572
-3.7287729945835544,-7.143151463643313,18.44506040924866,0.6565003559449245,-0.3941483655916796,0.12978026806600396,0.629929702876687
13.025378220620619,4.61573304843539,14.530879552265326,-0.22260021893005089,-0.5179090559971411,-0.5572680507814007,-0.6096488102397489
-7.631579171902162,-4.114048599514724,17.480676555671312,0.41829190507982417,0.6710872881183578,0.5194602270672563,0.3237820352735374
-9.505923870100876,-7.081645069391698,14.057261831146636,0.6829862785087996,0.08505240791254659,0.3316705359958171,0.6452057709205843
-3.7256364974437446,1.4191388392073776,18.315822594455785,0.7938951571913376,-0.4672941593659841,-0.3885617923689443,0.01965658977576093
7.721222514435679,-2.865986937692056,15.372297067530802,0.3291544341995399,0.5826602730424285,0.6833613858868084,0.29185883735765855
9.609180706259483,3.9935735245837094,18.086945673414238,-0.8949706637733305,-0.3951569044332671,-0.20431235228257208,0.03368968044675529
-8.78290332189814,-7.824672070610319,16.934493451611278,-0.4191790592885244,-0.47874481077247943,-0.7652898400682185,0.09707617164253518
0.7498828646033893,8.831844805786167,15.91677688142297,-0.3087196317963489,-0.6038561639262008,-0.3816073190642443,-0.6280332604794588
-11.351894397501532,2.617988624119599,17.034636890286542,0.38265632045677694,-0.3694549765791511,-0.8440319953365886,-0.06846277487450103
0.2872401605826749,-4.081977538982684,13.074594475518207,0.1420017212212107,0.9269382786985382,0.3433002413098706,0.05259166255395628
4.584009780041807,5.929989341609598,17.555234092507586,0.37641824688569436,-0.9030120550400521,-0.20431235228257186,0.03368968044675556
-0.27470948875911994,0.03920278715263237,14.671635556302506,0.05123395986174614,-0.5043087116825584,-0.8535947677924866,-0.12009903028440547
-5.315043398337224,9.438016689750741,15.42930468363391,0.41622415635816257,-0.5519193663675919,-0.5660475072384161,0.44914661775583664
3.9051420564920996,2.4638583075580485,13.547798570515523,0.528701915789511,-0.03750957807754137,-0.10186073873399445,0.8418382895173577
-0.6678262021458998,5.876205271031301,17.195382838894798,-0.12812875467483606,-0.5625892839230926,-0.6814453669176054,0.4502316423208256
1.9722109148073415,7.32102935483176,12.22014827069601,0.5156842372233909,-0.12248449569796038,-0.15482600987645326,0.8337243084249625
5.425621270671627,-8.329331802579953,16.44613948560605,0.49184674535633477,0.603639454145148,0.16083092357794657,0.6064978173932639
1.8798691467411786,-5.347816631713313,16.02521957294549,0.3678073715448145,-0.6194316874201797,-0.48993313814228323,0.4909049217589273
-11.115652419266926,-1.0918547390175437,12.844159405309798,0.06423974740123573,-0.8355986343554551,-0.5261235017188264,0.14436841086693572
4.350604056008292,-1.9874114372579994,13.355076460229135,-0.00031974140545953933,-0.5637202724020045,-0.7525244063128613,-0.34047961782156533
-11.471123765827192,4.962162280955468,13.737817339547282,0.4062721204115657,0.343315894594047,0.731861212184495,0.42597690875823446
-3.9606441593999966,-5.664762994266441,12.859806740082757,0.5813780346520228,-0.04919495162013976,0.04919495162013973,0.8106536216500457
0.6627524584473274,0.7297549017043234,15.275087684212806,0.07238870539808684,0.14190819959610443,-0.14190819959610446,0.9769769706116789
9.397511350393547,6.888800244064955,12.41849994121611,0.36583752657600965,-0.6400698201719108,-0.6653108335415858,0.1176223797839745
2.7894630526519784,-1.184227088207182,14.511687348548135,0.6159718416476272,-0.3660252505382064,-0.6194382324522396,0.32078105062818
5.795479485420563,8.845363023289298,15.949919000747151,0.7443862470860277,-0.3124061715747407,0.1795404316681459,0.5621892319385072
4.663478046023252,-5.841185468222811,15.823914424201803,0.2482156019258281,-0.6451717215348693,-0.6805844573960935,0.2427905703341817
7.427685981263378,6.741870436264545,12.369085093326131,0.05031622112668151,-0.3090098626541743,-0.9428836554042382,-0.11380507477929294
-4.250606238033269,-0.6810778419766912,17.552693814548626,0.19574096526934415,-0.5399884513186745,0.10775958843872174,0.8114713907818328
-6.012591920413022,-2.543751788854987,12.782406111724242,0.02887129427435281,-0.6685821443188713,-0.5629805468384144,-0.48499202936380614
-2.9440652466601005,8.30162377194063,16.343797403497767,0.2473736289235501,-0.6038561639262008,-0.4239554749417289,-0.6280332604794588
7.643334370451688,-6.642519828497723,12.65791181886247,-0.6870044002904464,-0.5379633603129638,-0.4782288403112383,-0.0995869129801511
5.171545026056743,7.831054679559111,14.378793346428882,-0.49713971036335397,-0.49649213202902737,-0.6128726935334347,-0.3615725829403883
2.7863778917915063,-5.545355454184042,17.561042125043816,0.11125560056448477,-0.4135896822054113,-0.6465634708410111,-0.6312855489319295
-0.9540997316108779,8.38413216089114,14.924417752444453,0.9017873206515122,0.1243576303960483,-0.35381702874980103,0.21477504101060807
6.874184819869475,-5.284668475319043,12.62556073561031,-0.051978790475155856,-0.7185235440009299,-0.6825575868576113,0.12303358354611371
-11.960019026389492,-5.293829450523835,14.703201145903492,0.3178384092226516,-0.19234939598557588,-0.1923493959855762,0.9082852885249116
-9.733717600303017,6.246866343933116,13.793497817514908,0.20104015488164864,-0.9782727215971581,0.010195602730953603,0.049612377377072206
-7.668068217085632,-5.55659373950673,13.24142956062515,0.5404178299002863,0.6994271629174051,0.2704895962918905,0.38155679943754683
9.448223360912353,-5.036216668121643,13.073600518362998,0.6429871091462483,-0.6227082178969885,-0.4158283647445853,0.16090004322296494
5.427324687573137,3.5311879737917504,18.040902817315946,0.6521815659723859,-0.02225273026572755,0.7361814924934783,0.1794459002362593
7.403240399986299,-4.860959067364897,15.133044198813762,0.37662651773865286,-0.5821831601859078,-0.6175958960471319,0.37120148614700643
12.641351644059256,-6.023014039689955,17.133315156857115,0.21161376040665247,0.6565488833742928,-0.005362471886821804,0.7239712867523047
9.455955608786212,4.062700433059186,13.082281302763162,0.20502788383075324,0.08882691729954652,0.9722220486081713,0.06969672743446106
0.3566121421535655,-2.921972859058455,12.12177608599572,-0.6623914027289449,-0.5262387844813192,-0.3710973331483706,-0.3828800603695253
-5.045941199885624,-10.608268783196214,17.139919163235756,0.7420092348510668,0.4118487236529347,0.25670727231998586,0.46249789249164736
11.315362723269569,-4.5938849553178,16.19651581901516,0.5281028264672918,-0.24804831609590405,-0.8121048369505187,-0.00807287809984808
11.169260004175777,-7.390339515253444,15.873844152878057,-0.046767491144340395,-0.7201376915751871,-0.6918074642847231,-0.02483826291766003
-11.435064788809825,1.8859743268260836,17.18579027515072,-0.2896186343842973,-0.5694427600217308,-0.41602072296871395,-0.647134257891511
-5.117880542832948,-7.001189662709452,14.937621007267083,0.39233254275221946,-0.09296941977886153,-0.03989632012773337,0.9142429362723152
-11.850940472006432,7.466103343680489,14.006705505605154,0.5369970966883383,-0.4949525956558758,-0.527099896199958,0.43453624201877616
4.738949586339288,3.94921270009516,14.594017253925868,-0.13724410255380998,-0.7771260428098433,-0.6095780996803919,-0.07519115832965648
12.027059208203848,-5.719362201438144,15.922996342980587,0.2324199172127945,0.8643951233362496,0.16987279652949894,0.412244206550626
3.704792994561542,1.6367125391760684,14.49360389875747,-0.1291074010026375,-0.24716300135218977,-0.32589536834922944,-0.9033459684182146
-3.8070732244734007,0.14444906344043495,14.029844436831297,0.07064385334812903,-0.5546824127812312,-0.6467584469614494,0.5186910238468887
-8.343314196474442,-5.547331106517987,15.71953452540826,0.1447914556121604,-0.7628228181194536,-0.5952748749900023,0.20684439983631395
-10.306662121600832,0.5781605442538265,14.99828281392796,0.3694549765791511,-0.771201638047225,-0.38265632045677694,0.3497501882324824
5.608155622855399,4.7543569701428705,15.546933015731424,0.4640479320542896,-0.13062587597767777,-0.5188045750834471,0.7060015652629148
-0.6234300429457225,-2.838753810447466,15.844193122328004,0.44318648643384256,-0.4837435981233909,0.24604457637684718,0.7134703469329321
11.45064342875629,-1.9350013587123334,15.047610705187806,0.3756403577202965,-0.2332629188300307,-0.5312074588930635,0.7227042050293029
10.967122621068262,7.939524850046375,14.517904489143358,0.4786708623833199,-0.42310544292055713,-0.7307525155834452,0.24053430242831264
0.16565449748250316,-3.1117475788969395,14.433116955236448,0.42646413095829283,-0.5421855446795525,-0.5757813289264548,0.4389066431557062
11.866991075848153,4.940345199885433,14.063587989795327,0.01997379628816951,-0.9177783358589111,-0.3938497022012274,0.04654444935640726
-8.307356531041467,2.231505324687852,15.744073540406516,0.7920355168819008,-0.15616734897675358,0.2890330888833483,0.5145399621426339
-9.24365116296266,-8.251496629621776,13.952718188288015,-0.03312130134809881,-0.9524595341043903,-0.06340736616423098,0.2961474653053311
-4.353496154433238,-2.1750668520886443,13.347475621939218,0.4861095593606367,-0.4944514760481574,-0.5302313619567252,0.4879241098055334
11.556232932090218,0.7266809794885418,16.62373817032112,0.4185255096513505,0.19230042484335075,-0.19230042484335075,0.8665318753405502
-10.721448029825115,8.825590924274358,17.010271202730976,-0.052800798740228264,-0.13218404876283807,-0.39972517154769494,-0.9055160076642613
-6.441151133261346,-6.495188723019725,14.359393893898048,0.12435763039604839,-0.4098407174086258,-0.9017873206515122,-0.057839384751472225
-15.629802676422578,5.017074080473845,17.32534398880002,0.5069045205202494,-0.7692081376750747,4.897114222535137e-05,0.3890586660291819
-6.727089468701169,3.8082837963987224,14.79744625347499,-0.2697667724844824,-0.5980368040064465,-0.6679848549227908,-0.35124649907271527
-6.059121262025914,0.3074980745452063,14.46530976907007,0.10738523237234367,-0.18242135721049407,-0.2671033447680739,0.9401311948422554
3.7960861550186173,-2.99915884391286,12.367722130383129,0.20594828163486723,-0.7486310992429037,-0.4904162972376285,-0.3957633610400808
-1.7785401028914052,-0.5571469915073264,13.162102371682332,0.5113280215560159,0.41105447918074073,0.5074657942310269,0.5586200293603282
-3.4222712091111394,1.5266619664716075,14.491378792625346,0.6929894125130399,0.5302313619567252,-0.023461458028559146,0.48792410980553347
-10.750896324931038,5.596158588773058,14.236896011411563,0.5600440257051225,-0.4531319534251768,-0.35243084058079693,0.5973396225470038
0.43390019788482803,9.17579867966704,15.781955439375265,-0.3222703672955779,-0.6204748274460947,-0.6488050547365589,-0.3003411390688976
9.298235813932578,-6.713553083306956,18.002058973916043,0.28195317544995147,-0.8555015317147848,-0.2082760642964637,0.38110447009779547
0.4137070259205622,1.9068515521695772,17.29662935233562,0.24736167718717866,-0.6945060627563312,-0.5650075134784346,0.3704592274012913
-0.6285757556333973,-1.5339546159302042,13.113632875223136,0.02312461604133631,-0.6778018367495626,-0.638442841965303,-0.36392397526836173
-7.5222167785112655,4.796000167011373,12.999733426160182,0.5128871968245792,-0.7368851434295961,0.2515831808985151,0.36145941932000275
0.39927533748711497,-7.16710126565197,12.98252285392978,0.3951569044332671,-0.8949706637733305,-0.16518248927309206,0.12487304393417786
-6.545135350637183,2.0265758140431043,13.543403659900532,0.09372294447574114,-0.7142785784424122,-0.643819114667043,0.2579129109727326
0.5384368526706602,-1.3855539868267694,12.654822197235536,0.16903364925266198,-0.9484998525005359,-0.14613103642069114,-0.22454704500706477
-6.528686947504182,-9.03896771211905,17.33919234109748,0.39451525253875913,-0.8025869324109911,-0.29204395651023535,-0.3390018567843566
10.531976655861161,7.911620339764125,16.027430971402143,-0.5459828165526569,-0.27788398018215904,-0.737982920086462,0.2829566525954252
-10.021232013114268,3.616021405887988,17.65055087770964,0.4967973299580014,0.5967039721743047,0.4200945794442707,0.46974176614342966
-12.082420684373968,-3.854241316437623,13.978827824327023,0.34760158761720816,-0.563054122093501,-0.04527304265379273,0.7483939761171127
-2.8162293009045527,-0.16185874535077005,16.164378142810804,-0.09020980931670988,-0.7711844187773997,-0.6298967120811415,0.019155016245752776
-11.605179932310412,5.925579786171328,14.064498579896783,0.8291320824014435,-0.3062511665830374,-0.46290799994981224,0.0668311041479876
13.978592855395808,8.370703961825233,15.806203330356695,-0.33596159330080944,-0.6372657889528495,-0.559433451650198,-0.4099467468243033
-8.026690423635138,-6.210004671861851,13.194571589958406,-0.7581487891537979,-0.2009476667329128,-0.21902338597445942,-0.5803957314931867
-12.973817795168344,9.289317425651928,16.638893095053685,0.5039246287018627,-0.7466193357396687,-0.4288551931691824,-0.0685766678919979
-4.337131759785061,-0.646409317240586,14.185751797707349,0.619523698240266,-0.32361273370916055,-0.23248052701073832,0.6763268370106257
-11.114068051135943,4.348665061596254,17.541728873338926,-0.19553144687554447,-0.6823505688556333,-0.6400024129781484,-0.2942143195823365
2.98215509809771,-0.6082055855873838,12.9512451974206,0.45382812420519925,-0.10630429902465152,0.4815566859684091,0.7421877039458352
-6.441244623486024,-6.282001955328263,15.733168581662595,0.6885507998101688,0.0817469384672678,0.06128075871303454,0.7179553626400189
2.0419010077932214,3.195222856404307,18.317462771179283,0.171016636926193,-0.24570630698217036,0.5450694299555282,0.783122619473856
-4.934972598872275,4.604415141517995,14.51560493612706,0.15645898196530023,-0.5553775896829151,-0.6814453669176053,0.4502316423208256
2.1520320472439707,8.445753504000331,18.405834221274898,0.42745443576729986,-0.15895135051277548,-0.4904791005483487,0.7425950615499046
-0.35312289874348046,-8.061612916764249,14.268589043391078,-0.8026284915010323,-0.3288467247345713,-0.49734174806435155,0.0172777861549801
4.71769448167235,4.78347288917916,12.841641266824878,0.5363744563989877,-0.3205056096520761,-0.48091612622743996,0.6150595712925986
9.385515315747526,6.807936892476068,13.761934368795389,0.8401228076457001,-0.3249217320927621,-0.3911643347889594,0.1887061188103266
15.533307691829545,-2.088102048112747,17.3033991715321,0.28858289573425305,-0.3350181785201678,-0.7231968776259373,0.5305365289428782
-2.913972747015201,5.367166632409585,14.221251788102723,-0.4547601874781426,-0.5921500654194862,-0.6518845854212117,0.13265729983215288
-0.5657130675265236,-4.218035373630801,15.11587532897848,0.10301243334955842,-0.5218345311303415,-0.6536399977785092,-0.5383603941594237
-9.213316110365213,-0.25108657955172653,13.20840296316101,0.5983496203015237,-0.31926135007727185,0.04556610334921113,0.7334668720926862
0.2046601029761348,-0.5846347853477223,17.522939304313493,0.24277071092467478,-0.5534242807226775,-0.4164924784866183,0.6792039184131587
-3.4688586360870843,9.409896155034176,15.901362733121445,-0.06108452712073206,-0.534948601644467,-0.36645357831468683,0.7588217505352803
3.996158898496038,5.82008625901674,16.86361594343191,-0.026021378571577436,-0.6357912907903221,-0.7652898400682187,0.09707617164253532
-8.29587342353834,-3.9422694833164167,15.480074304893437,0.5629805468384145,-0.3781573503842807,-0.0288712942743527,0.7343135369845661
1.5650781076909883,5.520267999913761,14.784743028037482,0.31306573467627363,-0.255271487950378,0.0029433140548970754,0.9147773773512217
-1.5599661363922994,-8.793224104414257,17.79072832954893,0.7164347118774695,-0.6810219760162454,0.10975376092145335,0.10432872932980693
-4.221366801490312,-8.735300716398115,14.266383424016459,0.6225479299110954,0.3603912816199719,0.3257090783971156,0.6135680853380704
-0.20593157192375244,-8.509791667818103,15.728428158054003,0.8761514192191447,-0.17929517328384512,-0.4468362960687023,0.02343621029511174
1.0758967955053027,8.367280977307427,14.918642559055133,0.7071122624458706,-0.13206077844295153,-0.1525269581971848,0.6777076996160204
-5.069372294856194,5.011499209622979,13.278339104081097,0.693777783779151,-0.05631213995106332,-0.08671555722923868,0.7127283786710361
-6.238592676623748,7.905022516936006,14.884603744054731,0.6745889524260789,-0.14410608980248107,-0.14048164683765524,0.7102310096358124
10.265091771429923,-10.660980574880012,17.054725940324523,0.4021714964491641,-0.23562397533903923,-0.02874412218663598,0.8842585623724473
3.974893124898186,5.92451991376244,13.5477260616894,-0.31071363265941937,-0.9119656699968466,-0.26785861934098515,0.005235959466170448
-5.73437077829749,-0.4791558819187438,12.662394287518309,0.42997287126117634,-0.5412770688723918,-0.576689804733616,0.43539790285282276
11.869269966305435,5.167024929121547,14.996489650075207,-0.07644973235697039,-0.5263822543809473,-0.7486310992429038,-0.3957633610400805
10.856562490114946,-9.670061165418055,16.29184301989901,0.11021310343084195,0.2300494699521516,-0.2300494699521516,0.9391525725789245
-6.137294330727226,-3.286878992741496,13.619219642711233,0.6514378332147781,-0.6467957759343737,-0.3050844970835311,0.25339183753462846
3.2482827409257595,0.5617569444557677,12.858171318082222,0.2289548620180799,-0.6789517397375222,-0.6789517397375224,-0.16008979159542114
8.688840533204013,7.4191181309888705,15.844699004500843,0.2836609780858783,-0.3897948848178501,-0.48187091899806833,0.7317081485846378
-1.2942520076534016,-0.1291757667343596,18.009976630945104,0.09019123235131193,-0.26386324457572724,-0.8792697701546307,-0.386168876349641
-7.086346945657745,-8.080998390920627,17.646977318146664,0.2049209315281888,-0.3481107562406176,-0.9037827618177957,-0.1414320778755763
-6.40151228009609,-3.229651394879334,12.691280307690057,0.009874491973471178,-0.3503983540392305,-0.5833721426748302,-0.7326666575229432
7.095929594403396,6.090978439831913,12.905198103892587,0.910219401331347,0.013632071213068822,0.1192336686935261,0.3963560776931879
9.0622630550688,9.940046755205396,17.342139121657482,0.6717493016551865,-0.19390739247604025,-0.22932012833726437,0.677174333246833
-4.548506343251544,1.254302578228348,12.265048127398204,0.8007949380187531,-0.17745179119307494,-0.10276212113709751,0.5627417485004254
9.923570652013993,4.9844713324682655,12.161294271548678,0.3827278893680985,-0.6632232008564277,-0.19223318283682947,0.6137595229094349
6.981789679669781,1.284071495882106,14.471903469378132,-0.3236127337091602,-0.5771755423627816,-0.6195236982402663,-0.4222956064159523
-3.8753094143617757,-6.408539252607137,12.169902138401719,0.1304124756867457,-0.7451403758343247,-0.6487290607840386,0.08312046788243335
13.595889924430132,-4.15106006547666,16.7250298094419,0.12075452406214215,-0.2888549155623745,-0.64129113818686,-0.700518992431312
-13.709193842615864,-4.653171168142939,15.9210408165516,0.7520114381729006,-0.026057230912686663,0.026057230912686635,0.6581191672421131
-10.686432039953136,-5.627259985866436,16.027551316224155,0.13615755915164748,-0.8838830169476454,-0.17716594896007215,-0.41088217041686154
8.90647745955343,4.026332442672455,12.026579443893674,-0.19372804947352198,-0.2921403001167768,-0.42394576676494466,-0.8351008769825039
4.454859674155891,5.340732708105662,15.564751075311131,0.7006101060431333,-0.052894310630902,-0.22950370336093617,0.6735545422285616
14.19572659749507,-6.6435462928203,16.454775016359463,-0.24408593938058795,-0.07410628171632497,-0.9631584496564844,0.08518282727284132
-1.5788158806823898,3.020952510669673,12.579293092063049,0.5021083291253247,0.4168011574137571,0.5017191159980102,0.5678397217910194
12.306169841044902,9.479924620441157,17.697922382282442,0.0211005956160753,-0.6957394880528383,-0.7162056678070715,0.05050515844592546
7.525324609975158,7.5813331014166145,12.17784197940072,0.38979488481785,0.2836609780858783,-0.2836609780858783,0.8289347663070745
11.129326873869775,-8.767391847143626,16.41061979196483,0.8675855956602267,0.09313891378227176,0.30001876693467516,0.3854985297369436
9.931922319793276,3.980606926070738,16.217437786285863,-0.26414420271798034,-0.6808610680371405,-0.6808610680371405,0.0555360444498082
-12.313586589428406,2.668197996444018,14.576584658357456,0.8558609904511364,-0.2207979894039458,-0.45377177803954577,0.11331984095472236
3.8901750144866885,7.546171776953262,13.685546133225408,0.08132007415022834,-0.302334025320046,-0.9495594927383669,-0.01783122049761616
5.467095901153378,10.898678935951185,17.53940647084758,-0.12168082998866925,-0.6557444784162064,-0.7200956390726594,0.1914555437391775
-6.05681011754447,3.778977431046803,12.070241351108859,0.6995159202634318,0.16770592774937967,0.5825484265050914,0.37840392422934227
-5.5924650039653905,5.29240837232987,16.615226301434216,0.8135036417068285,0.010141132407013975,0.2635541143210472,0.5183128506873813
-12.569818952444164,-2.79710215212649,17.904665043597557,0.4942341621640557,-0.4942341621640557,-0.42428611124771143,0.5757138887522886
-7.017314994765604,6.783911662849144,16.54267344730507,0.3481107562406175,-0.8588566644830605,-0.20492093152818833,0.3149468893071295
7.506030002215123,5.957190422129221,17.447815848665847,0.20691174924469846,0.18693795295652893,0.9561950617738293,0.08906589475363101
10.004124007450098,3.1990638860526595,16.744041833171543,-0.13934167300555653,-0.5814259806087735,-0.7239546731047238,-0.34411823335442665
-4.91686274512087,1.8953207305519193,16.85287152265507,0.6886314763185267,0.7022041545786278,0.04029279931751327,0.17627394997287424
-6.326186292316143,-3.8121084165637633,17.694640924632658,0.2885456694806562,-0.7302175873602286,-0.6137519648784024,-0.08265710702454426
-4.7764800552402775,8.89716651283256,16.191288495124127,-0.8697089208820356,-0.3897211537080692,-0.2938067719578956,0.0734941905346145
1.3544442691742518,7.201748376215399,15.597621930579407,-0.06615137670332938,-0.7203445148249948,-0.21342598188906498,-0.6566407888461432
-8.344497489951848,2.682035901957377,14.715277244116328,-0.5421855446795527,-0.4264641309582929,-0.6770432031107131,0.2564677002433446
5.081235674523505,-2.658037070105805,12.054508722743313,0.6157470102831343,0.10619332664127325,0.03573386286590395,0.779936976780126
-2.0474676134319356,0.9019960835357725,14.756943831298738,0.7061433325572034,-0.21186803541629795,-0.3413665846941944,0.5830457823430908
4.89380478108664,-7.246359570077812,13.527970693892401,0.27329498969934324,-0.49304208375836667,-0.8232025949564987,0.06750436952768162
7.342383334719591,-8.239439177597895,13.679558558259554,0.8913090280398684,0.3275851691079965,-0.08225669394838005,0.3024731555292024
-12.65145927107951,4.914201526784458,15.771946216875163,-0.06269736808534421,-0.666261716872782,-0.727607719745581,-0.15083557548383414
2.851859998729454,3.2793821393082485,14.478664007097647,0.4783320278884844,-0.6943045855875642,-0.5372581055697216,-0.022211292799031335
-10.37908685064146,-2.1147077433779504,15.303956863480428,0.0,-0.9680771188662045,0.0,0.2506525322587206
-14.342627296606151,3.039044049259793,17.159544225205185,0.22344139037497845,0.0007742430844116799,0.8659457336518855,0.4474498094591614
-9.019205034297347,-5.426100632124112,16.739767700642776,0.2248799404056743,-0.21782522748561822,-0.8655732672430142,-0.39085048510681464
7.87574072582451,-6.026030006915688,12.041969139785222,-0.2511904093118484,-0.7438949566544857,-0.6178271794197954,0.042582251043676966
-7.136744518685687,-0.6464497960615478,16.71025001105939,-0.33941566477644103,-0.3423457451512505,-0.8623299109051878,0.15486614232766532
3.468680392907988,3.43951921298895,16.244029256372027,-0.3728425765529229,-0.6605405652825088,-0.37672416609030035,0.5317456886606694
-0.08404099839435908,5.7028013270200795,16.904866801449106,0.45382812420519925,-0.4815566859684091,0.10630429902465155,0.7421877039458353
0.11608900100783437,-2.793380798059008,14.484359666508803,0.4608775348627625,-0.4219162252800687,-0.5948823263385071,0.5056615612386687
-10.86520997866143,-6.821915068953462,15.09670389135731,0.6506447643303068,0.22442272472408217,0.3316705359958171,0.6452057709205843
11.809600634424239,-3.681727030724975,18.22171175081656,-0.6167499981370435,-0.3122130284046861,-0.7220548914610624,-0.027914125626377156
-14.475319299886442,3.8789909170057157,17.19583088233728,-0.46037184737169873,-0.5952737575928071,-0.595273757592807,-0.28170209298166277
9.333782562342387,3.42947157215802,13.969717160534099,0.7577842620834095,-0.032991474854289486,-0.6505364508116747,0.03843046826401208
-13.427488020750138,4.6706831081595865,15.486832252490078,0.6536399977785092,0.1030124333495584,0.18084477065220997,0.7276251513020031
-8.778235864346446,-7.406281697641338,13.96435817486841,0.4494035866833882,0.7133700321347508,0.2565467270745445,0.47257104265444516
-3.752878680805958,-6.062427578243886,14.757514234408461,0.36736700078992957,0.3492759396990416,0.7259011670795001,0.46488202837987036
7.16037159229424,8.137127240340865,14.44422612339847,0.141199006995919,0.017982978571659307,0.7764172013308651,0.6139346727320458
9.340848998521404,-5.515490035651466,15.180111741957806,-0.40118440803992195,-0.7448091698195269,-0.4920137867809935,-0.2055062162462029
2.436607529769642,-6.53791208915888,13.62246242511694,0.654184907403361,0.359848072131995,-0.22984097283480645,0.6242792637232896
-1.3688355892931874,-1.9345133762400204,13.000047872778836,0.06411254094433033,-0.7497264597967533,-0.6585942530983311,0.007309402173970747
7.083805954251865,2.397955703073656,18.01070765657702,0.8009888422831261,0.10123962087538418,-0.4660823352963727,0.36184896079390116
12.399605891197202,0.897955733698808,15.830095149801707,0.3543063716416157,-0.6487001767237135,-0.5479990638793337,0.391601968483497
7.734811826115237,-10.026619859185168,16.06167631475294,0.6989085074945428,0.019341646332163398,-0.2966521519065769,0.6505000381538109
9.587374664250099,3.457266638402965,18.257708411034113,0.7425465719014641,-0.3885568316736428,-0.5452136650404174,-0.019754406351991854
5.812134221760148,-1.5604374233320648,15.680935207385634,0.0822566939483801,-0.42031901002027006,-0.8913090280398684,-0.1487749395929564
-9.808400781299508,8.936964064202556,17.694674487763415,0.3821282365589823,-0.12863183097803868,0.7547633003305857,0.5174593929552745
-5.309894885857675,-3.359788461834378,15.458097156144923,0.27169813851688096,-0.6660539936301995,-0.2858262793877052,0.6331315322325254
0.10338706416198029,-2.9158956690078393,14.227221847231672,0.555023371366853,-0.2689017333914439,-0.14782121051691946,0.7731686780625309
-10.81303907132345,-3.1575998737092092,13.705386609436118,0.4151391317931735,-0.555377589682915,-0.5625892839230926,0.4502316423208257
2.002130269171472,-7.736550230005499,15.82138190849902,0.6523463090219386,-0.3085932373864148,-0.6826460304157501,0.11492999653025311
6.851574364175384,-2.50908490738086,15.306038996753829,0.6909116622226521,-0.05853068317323615,-0.08449701400706605,0.7155945002275349
6.730413555368175,2.283858547310551,14.85350745402113,-0.9303562196670304,-0.20667242011506004,-0.3025868018652345,0.01284689174961974
-13.7786325632423,-5.741595968234426,17.154685255018734,0.9236803823329022,0.28980658958283767,0.07503612483815095,0.23915742074412494
10.646706365414172,4.18903487583985,12.717470897603894,0.6965361811421857,0.48480349022947156,0.302180326028867,0.43415432139075893
-15.36578837884266,6.256859436934503,17.088951275191484,-0.3130206558181214,-0.43808605876714135,-0.688665130919562,0.4856325891047758
9.687589048423755,-3.9592397294003634,14.316907977815006,0.6007204298713401,0.20533256140249098,-0.0659622445909554,0.769819775435528
2.6276211575101467,-2.646886583207392,12.161611909036784,0.4721100772765911,-0.5499424145792426,0.4487740925918102,0.5227592461153041
4.254108052730995,-1.75665819107195,12.320004979728067,0.6476763808263936,0.6166874202399709,0.2549783835759474,0.3676927458441228
-6.466915133856137,-8.155824721361428,17.385829625712706,0.9236803823329022,-0.07503612483815095,-0.28980658958283767,0.23915742074412494
12.364465508211955,5.207002098398437,15.164547160632296,0.5731485504482361,-0.4436500011703396,0.544818323157772,0.42172077294365923
0.4631444885204914,-8.527044198504136,14.477335141890595,0.35603334542545817,-0.6057165886221418,-0.5036482369403211,0.5026789478782828
-4.758323614523374,7.630766473823673,13.942155273050737,0.16854792080294462,-0.8199204035251667,-0.4550929500986837,0.30366517259410714
0.3420720206369232,-0.7755378868046279,14.795610957277828,0.6436414182062855,0.21371898029314482,0.563005036403073,0.47230842806013396
3.7000995120940257,2.1116085101795736,15.86011890367054,-0.5410934938487199,-0.7201376915751871,-0.43359266227944815,-0.02483826291766003
14.590668090690585,6.883253621616083,18.35912632694635,0.21404170000409128,0.9016662461225557,0.19251476716686808,0.32267971068120205
-9.278184472747572,10.702607948675706,18.467324426932997,0.31221302840468623,-0.6167499981370432,-0.6525298840456109,0.3103984779597895
4.540032855676641,7.781032358754965,14.31380556968288,0.5952748749900022,0.7442607123279994,-0.1447914556121601,0.2660061083365732
-7.715650703466448,-8.048619535291088,13.255543966778031,0.5079038300033377,-0.7646893001592567,-0.3498468014035449,0.18679183396924823
1.2569250750349514,3.7081965641138996,13.508527616837657,-0.20454968997123996,-0.6580005867521732,-0.28412468083911496,0.6666841965312638
3.797850856805386,-4.750740823630887,17.920843838799065,0.7063626448882486,-0.40366177865045216,-0.4819758916712554,0.3252817581896188
9.845740693033774,-9.726189808885472,15.399015446159986,0.437175309343512,-0.5416423351915756,-0.5763245384144319,0.42819546477048687
4.134678340008042,-6.567040613502329,13.314986926017793,0.05819028075220381,-0.45689927429340005,-0.6336572960311979,0.6215588271133916
1.6341480736781389,6.834921943001367,13.09281537049969,-0.07836490239940949,-0.6513686149599706,-0.7425008216583927,-0.13516804116976905
-1.3366801317648171,7.720474154467611,14.661411771461358,0.9041702261708535,-0.15872059858840187,-0.10564749893727354,0.38225983265075775
-8.19946769477004,3.4773685643585903,14.180252107861454,0.2856551696760197,0.5557180286198414,0.03573386286590395,0.779936976780126
-11.778151258988409,8.79177880150466,14.277075948392959,0.4468362960687022,-0.09121486174181755,-0.8761514192191447,0.15612771731278802
10.419894796396346,-10.114076744865974,15.705463917218273,0.5447257146656563,-0.7497264597967533,-0.37567366676741787,0.007309402173970719
-0.6991387068453836,7.863017528587958,13.661483185147581,-0.1137892528586058,-0.5521165218370454,-0.6685821443188713,-0.4849920293638064
7.333241690966215,4.936718338812401,18.44602959655091,0.5967039721743047,-0.4967973299580014,-0.6286027966061691,-0.04466885533467735
-6.1852416533028745,-7.780618041750517,14.959567095377375,0.9484998525005358,0.16903364925266198,-0.04573681549202469,0.2639768909117587
3.234445097231575,6.326006993156774,13.8843936362418,0.743798121193676,-0.4219162252800687,-0.11426915261718065,0.5056615612386688
10.733889543710951,6.969309527239009,17.594070777831842,0.005362471886821721,-0.6897884195525018,-0.21161376040665245,0.692374751527726
2.4775681164652,1.930548490429933,12.131078849149164,0.2503308215310091,-0.04903230144234921,-0.9668345988262721,0.012695342426222892
-8.47266692481119,5.437139298416003,13.129512175982928,0.6503016852207166,-0.42825404810388856,-0.47847706788951727,0.40591364104397715
-2.8478337134534577,0.9818010981676615,12.742064524756053,0.29460028862690557,-0.7321007444607818,0.1059692751082344,0.6049873408873515
13.67035802353767,8.25996545988956,17.632333482174925,0.37396730011221585,0.2610197021945963,-0.4904791005483487,0.7425950615499046
-7.610746825183977,0.020226114408268714,12.983626034179586,0.7540415654575854,-0.082138558768904,-0.06052198836405474,0.6488541158458524
-10.386205162673424,8.191446656652031,17.997209969050516,-0.02760920352837337,-0.34944848545338514,-0.775951641110786,-0.5244259133112538
-1.9693498058332484,-5.301252592259341,16.815909074022407,0.24570630698217036,0.171016636926193,0.5450694299555282,0.783122619473856
-3.6210610220320634,7.116760481814589,12.73197213750362,0.2729982582857703,-0.7734556366896714,-0.5319250170238254,0.2104616480742141
-6.438225806209007,2.147446857909822,13.453953031923254,-0.09121486174181731,-0.8896448266359034,-0.4468362960687023,0.023436210295112253
-5.488800235240248,9.029910045174459,17.710798778672547,-0.5653645312992114,-0.5436290076969724,-0.4731695439216032,-0.40117456480221975
-6.026692995621356,-4.179142421067979,13.223724973370159,-0.6252325618740954,-0.5833808274345151,-0.5108001858549088,0.0885111511888022
4.339042933425002,10.527926611471694,17.96282586534604,0.7458051660016229,-0.03497402545817213,0.03497402545817213,0.6643254394133902
12.977261234789484,-0.183970423462684,17.551569512071087,0.44281883516085374,-0.1267064909570166,-0.7103445283456843,0.532228893828108
-1.4123803295727964,0.8954590096865083,12.082702533875118,0.06296034992941421,-0.4053729095690004,-0.4779535511486068,0.7767040629923117
4.7204641278249095,8.679770047124425,14.912098636862545,-0.09738750447916594,-0.6545017051863252,-0.3367375626158392,-0.6698888010730266
8.58025035770279,6.912594967992243,12.211672867728133,0.892243688264519,-0.25043376267889833,0.12361903035043705,0.3548273757728333
5.3322289300099275,-2.6172282792604866,12.229325899776136,0.09863588738626451,0.6438610665098764,0.7500083701084866,0.11489705618291444
0.6958136947229789,2.5454106258250473,13.315618403997306,0.9935924157495821,-0.005124091421470732,-0.10103847317164472,0.05038930433293225
9.697338709502993,6.230684647452231,17.16765168187398,0.3485906273016718,-0.21627708161776726,-0.799915119006435,0.4380006859689261
-8.022482631627131,-5.735713546672837,13.18573660629226,0.015201708639087597,-0.5998895281165197,-0.7163551505983458,-0.35600106786611285
4.0894888069842885,-0.6530556932832994,12.696585844316173,-0.264597095307061,-0.5660475072384161,-0.6386281488180225,0.4491466177558367
12.75644614913353,1.0062241991064855,17.291180969826218,-0.09041617016721365,-0.6100688495216289,-0.5044672520411723,-0.6042794938053727
3.763526947144719,-2.531818930538579,14.801599139379709,0.3456416695566474,0.4128355146072432,-0.29751413874481525,0.7884059940106976
0.04370908994879841,-2.8380253761487024,12.979275360508964,0.21771908578283555,-0.34769181923300657,-0.13292135448832004,0.9022420473716128
-6.387720293517438,-2.4824430500655605,17.741894650460168,0.4082134095036713,0.04065727213007994,-0.632109163615826,0.6573787369524741
-4.809666985880289,8.364492051431059,17.281743673133526,0.4586298634517879,0.08318184093254158,0.5541718589521399,0.6896614969931244
6.75848704736519,-1.582294542292825,12.050685267871094,0.05123395986174602,-0.8535947677924866,-0.5043087116825584,-0.12009903028440558
-15.354920650406056,1.8412936405582485,18.106549344360168,0.6930073936864647,-0.3257090783971156,0.19284333849052043,0.6135680853380704
11.694849434808255,4.4446962665748995,13.765187625313386,-0.10528001248585074,-0.8314252473036017,-0.5444148701852644,0.03550529873534233
0.2876956388728473,-8.18802117556173,14.127293665651804,0.08830469636501698,-0.7149686416499665,-0.6933520712451173,-0.016882753246716065
4.360755219476848,5.5145152476912624,15.773874581947194,-4.897114222529586e-05,-0.8370650317183816,-0.5069045205202494,-0.2058395913138868
10.406767171958908,0.15716045809616297,18.04556497189896,0.8058759166556064,-0.15272746284992403,-0.12748644948024895,0.5576607698635715
8.779997162815175,-5.917906190536562,18.077912844473126,0.5285188395098445,-0.5806411667711825,-0.19608284992503464,0.5874310067565748
2.761190062364813,-4.6813229080505145,12.248131828938085,0.7307632443827542,0.5810320389894625,0.1530803996292417,0.3239648770720222
8.370345579333003,-3.778744505109753,14.890627640429798,0.8784142379601203,0.2953037339525591,-0.17200690019192166,0.3340625054521743
-5.9771909259402385,-2.388373153766783,12.586653847274244,0.5285188395098445,0.19608284992503458,0.5806411667711825,0.5874310067565748
-8.264137833041465,6.940482600990736,17.15720079803317,0.41439036678499386,-0.15426565257741615,-0.24634168675763446,0.8624375372837536
6.1656394884315695,9.365503052735907,16.504289382555314,-0.1517952456014823,-0.48364284212094205,-0.7370558240349753,-0.44698603662092956
5.498580175870607,3.9547998648596057,12.04213331237026,0.6808610680371405,-0.26414420271798045,-0.15799689911937015,0.6645998992404906
-4.24794979459625,5.393430474086175,16.44286562094012,0.016797892123450953,-0.7131011092511098,-0.6628780894654812,-0.22759015205328856
5.051647596540871,-2.3859735571788505,17.194265507364566,-0.48793064608725867,-0.8307514847305902,-0.2634295285588338,-0.04879076459803365
11.37094139237996,-3.0483882978010426,13.210468141445414,-0.07836490239940944,-0.7425008216583928,-0.6513686149599706,-0.135168041169769
-10.245353134109743,5.038770109787482,13.129482383238116,0.7731490446185744,-0.34340964387591283,-0.5233103328603845,-0.10225784478443452
-11.126207648374452,-2.9744246013755378,15.66197185884243,-0.5150684993051252,-0.3316944127298756,-0.7055703186429336,0.3561653871973787
3.515354345952879,-4.049732716867496,12.33818812802596,0.44786141467262675,0.1291538755057925,0.6211004787486792,0.6300584298201471
-6.227656810454242,-8.726573845946803,15.881976562210305,-0.04158421989177569,-0.6375066768119251,-0.6375066768119252,-0.43062887350527673
-7.967484432052226,-4.658977207154837,15.159937831351638,0.5683568195401546,0.4841684146799101,-0.09946962270875759,0.6577668782074088
-15.823058680965126,10.80222889371663,17.690449134242925,-0.21516048517104205,-0.7592541048424095,-0.5988435882670459,-0.13647537027743115
15.599158881452944,5.115040675142268,17.414616091960568,0.5287019157895109,0.10186073873399445,0.03750957807754137,0.8418382895173577
3.0360821997402674,-2.6565568237647463,15.932169016950708,0.6737969976017285,0.29920574287444957,0.12076530983292294,0.6647475230452562
-13.898123298892315,-3.2396730848945943,16.530948128517885,0.17600426566303057,0.9168618479037495,0.32717280293694817,0.1460986219829592
10.84443760383974,-7.527707565439873,13.54497434353687,0.16229014581695134,-0.5907441501897107,-0.7673535429197449,0.18934570963152303
4.4675368899473575,1.8611062412644035,15.849072796830294,0.7023341910669465,-0.12458750038945621,0.12458750038945615,0.6896974652351224
5.28806502222449,-7.525258927885419,16.625648100759843,-0.1249527667086403,-0.687920058744433,-0.687920058744433,0.19472748045914828
-11.674638862080124,-1.618339682834625,15.121602364480928,0.09137913183043134,-0.707421526008978,-0.690035161884737,0.12270335842082769
5.699056717372104,8.104755600040338,14.825525691234713,0.33095567763055717,-0.4507010899795769,-0.31376928774351787,0.767388885119041
-9.187550316042774,1.0966581893200775,15.208359467485856,0.9631584496564843,-0.24408593938058784,0.023455183404269855,0.1104432407324509
6.207104105727387,-1.7805784142901588,12.766054916893587,0.3189379014292561,0.14544802211456115,0.9147051309318612,0.20109204693818872
-3.9498306762136135,-5.381820225780621,15.433006070706933,0.6995159202634318,-0.5825484265050914,-0.16770592774937967,0.37840392422934227
-5.578473558540198,10.651465842189053,17.8636648432312,-0.05734873494491896,-0.5607956582854168,-0.7142176953384338,-0.41486435845213265
-4.258739295621245,0.3826964232432868,15.379829399440325,0.5625892839230926,0.4151391317931733,0.12812875467483606,0.7033745951442857
5.832947849124974,-4.213865518522125,12.369298444507988,0.05819028075220367,-0.6336572960311979,-0.45689927429340005,0.6215588271133915
-14.953026151418765,-8.788009374686197,18.008831572357792,-0.8488256943806561,-0.3289074831692807,-0.41358947072686036,-0.01607973191074466
-6.60393062343112,-2.4199710504917595,15.436487688300804,-0.45313195342517654,-0.6305034894804918,-0.5600440257051228,-0.28894198692818496
-4.2307170229068065,2.3402583837557795,12.983697064432095,-0.0062143201146405425,-0.6362932184245735,-0.5174371354300611,0.5721460768810208
-10.387530152332483,-0.7300725417862939,13.829562507956936,0.9137523435578204,0.2708003680793933,-0.2708003680793933,0.13561333245194576
-0.027994122839915647,-4.239006907005479,16.05864434145926,-0.277836002788589,-0.5318887980056242,-0.45357468498482106,-0.6589168894872188
10.752739863030149,3.7770976298713013,13.23704149974116,0.010195602730953603,-0.9782727215971581,-0.20104015488164864,0.049612377377072206
-7.017860832616347,-7.133911763895963,13.154907140867973,0.08845617999073685,-0.48281203510405535,-0.04909718520647715,0.8698606264137534
3.5414586836265443,4.17472820644997,14.88515999212123,0.31116172549055493,-0.16141528023974774,0.03460054791128656,0.9359093385467969
-2.67792334388351,-5.107571504797241,15.183733411915057,0.0,0.0,0.998716507171053,0.05064916883871299
9.85710349540519,2.2238393976064508,15.080704575769055,0.5367486871966097,0.5461194908141631,0.36767905777263654,0.5276992126401375
2.195865492917651,-1.0215827810659963,15.13047600235836,0.652346309021939,-0.6826460304157499,-0.3085932373864144,0.11492999653025364
6.782696476104499,6.424318943810633,14.886565928204067,0.021999614628193047,-0.6122358690642534,-0.7888452617942875,0.04905517844276476
9.259790935918488,5.632856895023947,12.848786629594807,-0.8777456624074846,-0.4098407174086258,-0.24134569407884562,-0.057839384751472225
-0.29430369116386146,4.942924760261276,12.407772755516051,0.007885567260706577,-0.3504487550757067,-0.8250257738331441,-0.44323352807057137
9.204298000791734,-2.140462619617323,12.856373214582591,0.26174713357022994,0.14528151108840398,0.46304565365889,0.8342484301640906
-3.7737042645455556,-2.882298318827514,17.340751660474687,0.5521165218370454,-0.3781573503842806,0.1137892528586058,0.734313536984566
-5.69422350979492,-8.941139935599857,17.966762966653747,0.5406732458581258,-0.5011974778062971,-0.5995873810465765,0.31139765886010273
4.289043728166206,10.196169545631186,18.054870821843707,0.8327653674123967,-0.08473318454043682,-0.42203671938772913,0.34814815490617645
11.421415954872217,-4.809760310007444,16.109363183084092,0.35984807213199466,-0.6118367515258762,-0.654184907403361,0.2611651994252026
-1.4230983468996765,3.46507293456658,12.802433103629456,0.1414602931654567,-0.9390062896181435,-0.24030658686066317,-0.20126827327348232
-3.0107684624536475,3.0292819865742793,14.857476399868409,0.6150912367556075,-0.3833892993887721,0.5846878194774322,0.364438704496887
-6.551857038862536,0.573573954973126,16.51752786857888,0.28325221196494593,0.29674801750413893,-0.05141954234452277,0.9105299716041251
10.65896904433521,8.49751497445835,14.962075162418667,0.030286064816131938,-0.2978271876009893,0.09652866751232926,0.9492438764363625
-9.344537753644259,-8.758814823521542,15.363135017721707,0.5517536670345031,0.4051599004715597,0.27566135119366325,0.674851217248616
-4.426631701652495,-4.783942692173634,12.437334217294687,0.5249713887917054,-0.3236728687030455,-0.225282965462766,0.7542469757897284
-6.375699801690863,0.4179194145075904,15.326134891707348,-0.8388976556055742,-0.3099012616658365,-0.2178252274856185,-0.3908504851068146
-6.347213899992239,3.7889532686246206,18.258779714838486,0.30416358237364716,-0.1588820712852431,-0.8753858485805062,0.3405005413897733
10.710465595634501,7.757325668442853,14.302875153990822,0.3583936044042712,-0.09784461577070352,-0.5257962551309244,0.7651919717150031
0.7430720771159596,-1.1337634194836586,15.642304610193346,0.5216485489323484,-0.45020899505708417,-0.4706751748113174,0.5510531117621986
8.519658051494016,9.39274497713372,18.425043704180634,0.3033608778827885,-0.1747557944660013,-0.5593566441527029,0.7513672435719883
3.9850712397147845,4.127144303925677,17.005691793681947,0.9444878841467599,-0.09841983125806958,-0.25507666462484413,0.18218690589330352
-9.886357759525097,-1.001429701464593,12.14784223815582,-0.0394091322839725,-0.7938559448146528,-0.5821232539019385,-0.17138312764586439
-10.402442592919193,-1.0614132890882413,14.724849175909453,0.6356944553295123,-0.25392757530339255,-0.426893676361831,0.5909104289536063
-2.917133301613916,-9.518964122673793,16.117888464270337,0.2371330820549173,-0.2575564235743213,-0.7586357770498808,0.5494582312156806
-3.679959503503639,-6.896145247717687,17.094374894210414,0.5295787619339867,0.04969078599787288,0.35733785866076084,0.767715321888994
1.8071293718842778,0.8099874694330786,15.793072990107756,0.020979717144289367,-0.6666085034175755,-0.7200956390726595,0.1914555437391776
-7.917971190877199,7.763103691894438,14.610654061480632,0.2618574103980685,-0.1196097050308727,-0.7637167556867346,0.5778070025236576
1.8995718956366403,5.9630222086521645,16.483617595110626,-0.18921270610146998,-0.1188495108732725,-0.11884951087327209,-0.9674441272653042
-13.686195264186827,-8.270117512332536,16.63747962090872,-0.2132515778287002,-0.8751595445781436,-0.40824847847533463,0.1481644893688113
-1.4800696166844425,6.407789054281171,16.94380448577951,0.9030120550400523,0.16518248927309206,-0.37641824688569436,0.12487304393417788
-4.757437004785945,-9.060264100521383,16.936423746714702,0.27430265578392937,-0.5523740924538674,-0.7592539456062709,-0.2077844101393536
-0.8308087077143593,-8.645809132926361,13.668751923299725,0.2207979894039458,0.8558609904511364,0.39903768539093004,0.24396544537500264
13.806585246687266,4.3463499787565105,17.270378385126772,0.3938497022012274,-0.9177783358589111,0.01997379628816951,0.04654444935640726
8.99168080309521,2.2464362954164336,17.30965033196963,0.3118227521108946,0.15916652033404177,-0.7586357770498808,0.5494582312156806
-2.218942537300128,0.6690341513280895,12.607831231215307,0.7095784250500439,0.018256621767174352,0.12440392536578465,0.6933172562533939
-2.249843774431529,1.006155089735028,15.47911093012159,0.7253344343862843,0.08505240791254659,-0.22442272472408215,0.6452057709205843
8.600533379628297,0.2175395317050537,13.050160528480898,0.3629455253343069,-0.3304580195118242,-0.7641728694094024,-0.4184589210887096
5.437943393958609,-1.2811761760198825,12.154545760705195,0.009874491973470761,-0.5833721426748298,-0.3503983540392301,-0.7326666575229436
-6.713011307277003,-5.71060007007851,13.426794306885952,0.5980368040064465,-0.26976677248448244,0.5074657942310269,0.5586200293603282
-6.274826736381094,4.496542077330281,16.592708794358206,0.3737301385006704,-0.15130737157425603,-0.9097415943334614,-0.09900552723545675
-8.079635475365091,-7.262766476977419,16.057999995858548,0.6699421599008935,-0.2619643168288419,0.2619643168288418,0.6433715068326559
2.0676908909808134,3.3197322272466128,16.03696365776743,0.7639959245932466,0.05153521766050245,0.4663777164162143,0.4428839285591569
6.731359770814349,2.4547396006062066,14.830578845568937,0.07978007525839537,-0.7348333578839413,-0.6734873550111424,-0.00835813214009451
12.31238540354974,-0.1976146981666158,18.308000256162522,-0.12350247582446694,-0.6916642735114454,-0.7057924143822696,-0.09058001442679287
11.11436461955386,-0.5122122279383969,16.298449288502887,-0.7481952341687229,-0.5759906260557872,-0.3254115539033672,0.050458010754174776
6.075602258441927,5.808923393724781,15.734943657316638,0.5362943972516278,0.047850238572522144,-0.047850238572522144,0.8413138705700852
-13.839061293756092,5.851130157141755,17.41666336708913,-0.9337113524353056,-0.3090098626541743,-0.1405148393243945,-0.11380507477929294
-7.4373091531687265,8.898383310632916,14.102818285891454,0.302586801865234,0.1769681876555938,0.9303562196670305,0.1075211254672162
11.836272183270513,7.611327845205805,18.35935870358778,0.3508026065278308,-0.5921500654194862,-0.7132305882940106,0.13265729983215285
13.703794440587227,-2.494979732201779,17.388049340251442,-0.4298121064637793,-0.8024629244162763,-0.32428826527042703,0.2572001731771249
-2.3878728706096144,-6.691451746347505,18.37543950451331,-0.039157056510401314,-0.136847623364031,-0.48928384598851654,-0.8604305730038552
-14.980029519128784,7.737637332121013,17.52302478864585,0.2607693979769895,-0.9329556166291567,-0.23425591387167635,-0.08195916846194917
-9.875572110504358,-6.780129622383353,14.719884596907221,-0.34124336895281926,-0.7967120367205581,-0.49876749665752573,0.005820478356187153
-12.174815141105537,-1.2094966810865486,15.440069776097612,-0.11199897330250874,-0.7509539473617781,-0.6248861701270876,0.18177368705301658
-3.5112933974684193,10.590557041733815,17.286500842941923,-0.19077280942729163,-0.6726462192819538,-0.6959822039667346,-0.16358964096335316
7.616887052254496,0.5118531748199384,14.733330880676458,0.13696185997096647,-0.8617546472000862,-0.36980804395719963,0.31915887511848695
5.255611984139552,-6.174639692086064,12.716593899312857,0.6890588245475368,0.0018122214824129318,-0.0018122214824129318,0.7247008817572703
11.864822122078879,-2.3937764853551746,13.84484897166849,0.7455169443509639,-0.10200327500287892,-0.04065727213007991,0.657378736952474
6.139221662110501,-3.988656974270601,14.812873688552989,0.8442901382542201,0.08585591549501427,0.053514401316521534,0.5262500670526484
-7.810402986090379,6.827425894042607,12.68391641405182,-0.26356050031320555,-0.6590680603773051,-0.6069535985519319,-0.3574527712439929
5.222513706265405,5.517510302920586,13.561449029077217,0.6194316874201798,-0.4377554224611587,-0.36780737154481447,0.537951960831947
-5.648342292012256,-6.349697022393032,17.03481705084863,0.2634295285588335,0.8039244443259993,0.4879306460872588,0.21502105921810155
6.39097858286015,6.7753343830285235,13.728459055192348,0.554079172777721,0.02162642369453438,-0.16099674050607027,0.8164610325291478
11.805839917006736,-2.397146767067495,14.214978017838535,0.8943084012370968,-0.0007429935088129405,0.4329718563887655,0.1129039548140803
3.7801077054735224,5.243912337978799,12.320401151883189,-0.2987776421213951,-0.4671224170131837,-0.7500430033440971,0.36050528598996684
8.296466106856865,-11.068799595733553,17.986476005695216,0.6984793252695761,-0.18814583930866258,0.5416423351915757,0.42819546477048687
10.473218760160709,7.8883453461394755,17.338601433692947,0.26076939797698984,-0.23425591387167655,-0.9329556166291565,-0.08195916846194957
-3.1725503223818077,-6.199155542451859,14.00711002241968,-0.9601827907229333,-0.21296242223368506,-0.1282804346761059,-0.12743682825302183
4.004744632941032,3.6154842225229658,12.572053129101107,0.7683018949937098,-0.24783199760701136,-0.5024223566474605,0.309617949499064
13.485218107595447,-6.174537574619459,16.243049997285155,0.8007949380187532,0.10276212113709751,0.17745179119307494,0.5627417485004254
-12.581073243086996,-3.2616650016656594,14.18361620131216,0.3618537702752505,-0.8816677569509557,-0.293806771957895,0.07349419053461459
-11.143140468116265,3.63726018431832,13.209658112119289,0.33136128991409924,0.6690651863891302,0.1679858329135707,0.6436864390748623
-4.4078599852055795,-9.055464436021065,16.22891331256762,-0.16141528023974755,-0.15450489212378085,-0.311161725490555,-0.9237162584932037
7.013858707421056,-6.519697582772832,13.61558456985583,0.267858619340985,0.8943516700480872,0.3107136326594195,0.17844856067373074
-0.5927003575423679,3.0598163063973196,17.23688112792413,0.31221302840468623,0.652529884045611,0.6167499981370433,0.3103984779597895
5.618044927839492,-5.639793788074406,13.77090836484401,0.37373796775365936,0.7619166668594286,0.4749062897410914,0.2329526565324663
-11.32803161149814,1.8324153744022755,13.474036505354375,-0.314638744760295,-0.808303856253045,-0.3301291971071958,0.37237353488060926
4.981088973477524,-9.00267081598596,14.674785708814312,0.41607667428273454,-0.8535947677924866,-0.2895382469378718,-0.1200990302844056
4.642457669142571,-0.14577682749492382,15.73612775422842,-0.5060535410720437,-0.7763540959548215,-0.36651223289844503,0.08278233143862271
-6.37166252609601,3.570794305623691,12.238257073189715,0.658875238003686,-0.4664674925805582,-0.5720690900610151,0.1450119143655269
8.349497476663853,-10.852945162517074,16.63549290407342,0.8475550286759294,-0.04298312628185586,0.5282850888129367,0.02679158746865304
15.22395218846222,-9.96395625230493,17.164287745500882,0.2367422988306154,-0.7142501427161962,-0.6081028391175859,0.25300346762726533
-4.472845469121127,-4.506101075775201,16.09032947606898,0.4215243599274543,-0.6884952540697409,-0.5828936565892838,-0.0923389637107048
10.208539139073888,-2.2130633573130467,17.059119941617237,-0.3237749666705612,-0.7815749482033519,-0.5102801422099058,-0.15467562110637306
9.997344504910288,-8.590626933263076,18.024873949782567,0.919877251525737,0.2357321968046494,-0.11243536304401211,0.29259949188655776
2.2087281751506715,-7.075072660702278,15.492454568467187,0.4921290061810846,-0.2184270293030423,-0.4501289666698777,0.7123781211616299
-4.945395159920533,5.032290355248135,17.7325761726564,0.5810320389894625,-0.7307632443827543,-0.2970483944851757,-0.20037240743355395
7.662682808504341,-4.315924851244482,12.585891181881237,0.34176396283298216,-0.07592630399245928,-0.3087724879786927,0.8843597349145815
-5.484746451642108,7.287301820435118,17.379840023720128,-0.21685742494878904,-0.9387210459011722,-0.26595461015526645,0.032307902500014224
3.6140417467230446,0.26904541467771637,15.019089024404945,-0.16987279652949902,-0.23241991721279454,-0.8943312724739091,0.3424847298161536
-4.4204722812563775,6.915081777636406,13.383912502716402,0.251989399447263,-0.363343653055266,-0.6948714030908393,0.5671300252298678
12.167005183300127,-5.359189778180255,17.073758164312576,-0.621100478748679,-0.4659371339141736,-0.44786141467262713,-0.4433474210880679
-6.666717319778485,-9.969580409267842,17.142051516037053,0.4036617786504521,0.7063626448882486,0.2635541143210472,0.5183128506873813
-9.887748926731387,-7.2047100528057,16.503124586695332,0.7550541600318441,-0.07980486512524623,-0.33260024816377987,0.559375968238125
-10.469342191852142,6.477695928831572,14.18822569609271,0.06643286995329782,-0.02653654982556423,-0.9155887177657237,0.3957016366067268
-3.056684226627853,-5.694261216570822,15.30677654534475,0.004888869242612809,-0.8725570021581284,-0.37147764868256933,0.3172140184033763
-10.005886320222423,3.8553247823585117,13.733582346163868,0.17674824794145683,0.9524531056019485,0.11648689431780022,0.21914365592237023
4.532786045842135,6.163828490654854,14.323461506216798,0.5495515298297007,-0.34825300974104084,-0.7099620464050644,0.26956789484743005
11.707381794775262,-4.849840371157367,16.97305297702825,-0.05380748065953944,-0.7005405654292706,-0.7005405654292705,0.12486227373049652
9.940587369538639,-3.4198250947423183,12.921193054127556,0.08505240791254637,-0.6829862785087996,-0.7253344343862844,-0.013630464794245789
-5.914963940438193,-1.1784611758602717,12.574593412757329,0.6933520712451174,-0.19555250763675197,-0.08830469636501709,0.687913077835395
11.417718662441509,6.902323312354811,16.098370157574834,-0.3311202821592548,-0.6757606403704393,-0.6397946832271207,-0.15610790813798522
-12.322724950916058,-9.897174796161325,16.374267462537652,0.09841983125806955,-0.23533640519107205,-0.94448788414676,0.20705784193518037
-2.6327364463252945,-5.268368874096726,12.610851156567325,0.33619717177143804,0.26534071601739406,0.773195866624179,0.4676899805977747
-5.380546746758894,9.613245837801415,15.191602930026637,-0.02605723091268672,-0.34216957511652385,-0.7520114381729006,0.5627786415979796
-0.054761725202155276,4.691005114293606,12.430307588109134,0.8364466584759123,-0.3186768499423409,-0.3186768499423409,0.3118447019690002
-5.705104042488603,-5.853621646655606,17.74453528322508,-0.20292057834453125,-0.34841265189536574,-0.6901239307462079,-0.600966574024681
3.651712268002269,-0.7246097791561112,15.221555877385885,0.09915249372100667,-0.6826460304157499,-0.7148106574779652,0.11492999653025365
-1.6593786163553137,-6.257844436748499,14.603080979762748,0.48367216242908634,-0.850401497780507,-0.15170179502302644,0.14094359599014766
-1.7651000132322512,6.2413724139280955,17.563624334087013,0.18324195852614408,-0.7545101736209366,-0.2367290941812281,0.5840343470260483
-10.545939165780606,6.599954066204431,12.306380586874205,0.6961505163750633,0.40890958028369395,-0.2856127465230568,0.5163262270372314
-8.407822142428934,-4.198437024936456,15.125374165189132,0.41607667428273465,-0.2895382469378718,-0.8535947677924866,-0.12009903028440551
3.8445560203752827,1.4361453424294108,13.659641205792651,0.4710626337956439,0.42558958008676245,0.24296641588615778,0.7334444935470706
-7.156762424800511,-0.8500905623095321,16.16443896593047,0.5307315009558367,0.6083030287463408,0.2890330888833483,0.5145399621426339
-2.445233857201586,-6.634812934284291,13.69647331984557,0.6081028391175861,-0.23674229883061543,-0.7472852747313715,-0.12541427020552992
0.5525792228098823,-0.7895434607425189,12.428184342514202,-0.4713859193903542,-0.136847623364031,-0.13684762336403078,-0.8604305730038553
2.7870629507946454,-4.265683588155099,16.17693988071389,0.04234099377879009,-0.15357506968138784,-0.05766068793121439,0.9855441051954403
-7.211333263161221,11.609749227699869,17.546918014438525,0.014165113645231986,-0.5589834368030038,-0.695915239039063,0.4505983211337159
13.127966326791356,-3.513816868740392,15.824393341140832,0.35471817235093384,-0.631649591856552,-0.4517489028720803,-0.5206887170520753
16.2024305024742,-7.816315631771277,17.927937294162316,-0.5541718589521397,-0.4622543064166141,-0.4586298634517882,-0.5185298017424063
-7.984131593388882,-0.9340201146979439,16.9244050448188,0.48684048501548755,-0.39167300831898466,-0.40974872756053127,0.6645935426760988
7.364618881701103,-8.170994346344761,15.32827705869537,-0.6193131441490526,-0.20563853841799104,-0.21650256341935997,-0.7261478231285783
-4.718796514150652,-7.375906820941789,15.388333646594448,0.5408407526337857,-0.44310098332277265,-0.4777831865456289,0.5318609080607607
6.910129610183276,-3.145351339367086,16.56379678275783,-0.18032236113370237,-0.7641728694094023,-0.4565257967465145,-0.4184589210887096
-14.509689452080877,-11.27630099883768,18.195511212884202,-0.5534852252200434,-0.5186323656864045,-0.5186323656864047,0.3945821131122966
-2.737320670944351,-7.349347037488232,18.038817713335824,0.4993582535855265,-0.4993582535855265,-0.5253245844193564,0.47467541558064374
0.7941727827475074,10.163426277129926,16.02909291265192,-0.16255822045503054,-0.9067569558332126,-0.3766510672202657,0.09747113199514128
-2.881650729370733,-2.497560321024073,14.493082766596787,0.6669731100129161,0.7016553132357725,0.181671147481835,0.17269130290880988
1.1023125386225523,-10.338947923522824,16.778066781030383,0.5833808274345151,-0.6252325618740954,-0.2604051084476122,0.44826357564335256
-11.903086879740089,10.730370897837696,17.127258222442492,-0.7076521758095786,-0.3248418224155269,-0.5468239814003908,-0.30771695086093803
-2.4799013287929377,-3.7582390259793534,17.925422791854935,0.7018852784768881,0.15749557695915567,0.1270921596809803,0.682934683585003
1.0563017829628958,-0.19280546394073284,16.14543305111281,0.7784950562364836,-0.10208709850704509,-0.3103180147819811,0.5359350720334851
-0.8028576307279813,-0.8986138059119053,18.044254359834284,0.32515734066955515,-0.4844515107309083,0.1309550148479953,0.8015174493705081
4.068541229114523,-1.0035190082962773,12.01190870402899,-0.3301983067260152,-0.9209183168834414,-0.11634641448936789,0.17129519461826867
-1.721447869054499,4.662614898715132,14.53634043725233,0.24044512749915303,-0.5679306521453713,-0.7796633430580854,0.10847113213726106
-11.001362421014322,3.401915871993989,12.830311909448389,0.47822884031123825,0.29845908269999855,0.6870044002904464,0.4585240519645696
-6.929762971162184,-8.216354646293835,16.986824333258895,-0.23016253984899177,-0.5262387844813192,-0.7235335557728564,-0.38288006036952527
-7.7593024817904865,-3.9276417685382983,12.290964196099457,0.49391296791795647,-0.6103493330779584,-0.6103493330779584,0.1048683143044555
-14.029201943684647,-1.125826560850168,18.4839647558437,0.5002179607254922,-0.4331729445476906,0.18084477065220997,0.7276251513020031
-3.766447990832022,-8.18690670596165,13.049709731440482,0.49201378678099333,0.6881947851582595,0.40118440803992217,0.35122847555980025
-9.68429629857311,3.178181381309029,12.93838076603101,-0.038916168651325744,-0.5110262459279168,-0.6680727259457594,-0.5394594893388415
-10.39239478126253,-7.451975837030507,12.296029029183352,0.5169251047261038,0.11713718585897914,-0.8006651115249436,0.27928962562131765
-2.4901299662161627,-1.3012042952973726,16.411722215898365,-0.831779335607149,-0.4965380130242808,-0.24595894087186038,-0.033126090684251736
0.409389838106625,-4.463232629943057,15.200083273043129,0.7220719199922119,0.18989647297993265,0.2322446288574174,0.6233890472854198
6.209341937054212,2.2301740177846963,16.38564163391058,0.18501332000598852,-0.3582432253885647,-0.6257843481734218,-0.6677018889180447
1.2938707523419382,-7.2247598158788415,16.636421919273552,0.8274048536650973,-0.28022534085582546,-0.12680330380280824,0.4698892301578836
-5.620976526374273,9.236054448279567,16.54400542402904,0.17095996909661582,-0.6675163195008931,-0.7011121037477955,0.1834024812940292
6.526712657013574,-4.5609167997010776,12.709940290531232,0.28486406049349644,0.449194063121696,0.8258192905021547,0.18734903290355573
16.062681356763644,-9.694698882629156,17.6182997807815,0.9782727215971581,-0.010195602730953603,-0.20104015488164864,0.049612377377072206
11.557075799548816,4.817503465025956,13.72820024786064,0.4589706226154123,0.08128061199789838,0.7352163449527702,0.49213448954890027
10.936052952608026,-1.9786461627602057,12.540338538095531,0.2870009652831804,0.3873422887386824,-0.0224995743176942,0.8758368377938462
11.823976108397417,-1.9890129911089662,16.940380879508727,0.6675163195008933,0.6802191910769096,-0.1709599690966156,0.24999300841651767
-6.685338919303308,-5.780620563384619,12.557691295747356,0.5710072592345456,-0.06207062867063251,0.7759993908983837,0.2606202069740996
-7.921069706974991,3.087000550772718,13.55818201789258,0.3484167682054252,-0.4566265527489635,0.3457422633308809,0.7419974624651519
-12.407159488351565,-4.477348492066345,14.28821862460296,0.5507830654153559,-0.5503924294264366,-0.5503924294264366,0.30128783930287173
-8.395453427705382,6.129376421493827,12.554125531876991,0.042340993778790095,-0.05766068793121407,-0.15357506968138837,0.9855441051954401
-0.11303144811675558,-8.720440022433923,13.774851590678981,0.2865291848507096,0.9053423952923435,0.18883861799708063,0.25019222583458356
-7.917809752141029,10.490647155193027,18.036610772004575,0.8716846986667104,0.03931169250970956,-0.29799184233758275,0.3870674861604902
9.761866768415524,-9.689879538101122,15.825972605404438,0.0,0.0,0.8978045395707415,0.4403941515576343
10.999105270357653,7.150983919191749,18.35158857667714,-0.19427265879522423,-0.6789517397375223,-0.6896766835111658,-0.1600897915954212
-10.872024828855803,5.850783432720958,15.780653034897322,0.7440499140300191,-0.13649658950019974,-0.14736061450156868,0.6372152350504935
10.192881837300753,-6.8575857332911685,14.147309019646235,0.4180701746548844,-0.32884672473457127,-0.8466278041742795,0.01727778615498013
-3.9277949841451045,5.663957226449206,13.150165476092173,0.5877372644544254,0.10971408630841287,0.30700885759995034,0.7404547849749589
-0.34308926005238405,3.1306753864840076,16.677049884475977,0.34932020312496787,0.9138363441146831,-0.02329818915689779,0.205756473156622
-14.385873911433684,5.707599507687556,16.414897122607627,0.12022471307801258,-0.7489135087843377,-0.6449559278340257,0.09330823049116616
15.761767485764413,9.396187146484632,18.244867427616704,0.1489722700315164,-0.4358329019079591,-0.4955674219096847,0.7363897573418117
0.9638608484408913,7.102228977538562,16.76491940966217,-0.09016483115500862,-0.41869384651141717,-0.7604051253622596,-0.48821082683515826
-1.6777366909991152,2.7507419954126497,13.232254403150618,0.37665106722026565,-0.1625582204550306,-0.8717096994107183,0.26801305654315466
13.49369705726841,5.078115033604963,15.06847011753243,0.7201970757788171,-0.44890226978537073,0.44890226978537073,0.27980292422118275
-9.86921587144104,-8.872930444566856,17.143714391757086,0.5895494859368382,-0.23549500900979908,-0.5514888072485394,0.5411410165961063
-11.995966485429896,-1.2798361345943547,13.992605857301978,0.8466278041742796,0.41807017465488444,-0.18861077630113177,0.26993455748784106
-1.9158784962359974,-9.001666238472938,16.015903630233435,0.6005117523607568,-0.3394443328884547,-0.34665602712863236,0.6356042628884092
-10.46886289412536,2.928409458079063,12.794119623415769,0.7892315825901446,-0.45365041713615695,-0.296603937118314,0.2886882619026291
2.687359097589752,-3.840794763164075,16.1763496662058,-0.1059692751082344,-0.769177307384343,-0.2946002886269055,-0.5570883704395123
-3.100860345188611,1.059269974666293,13.542993048986643,0.1491550872766728,-0.3167335944745166,-0.8883317082329902,0.2971520927380433
-1.0948707300056313,8.366427252421207,13.435413954692557,0.3660252505382063,-0.5838072145854122,-0.6159718416476275,0.3818027533474532
-0.1086851554241548,0.040717993801786534,17.6259700762932,0.8943312724739091,-0.037007056622904405,0.16987279652949894,0.412244206550626
-2.098740692108315,-5.812352362585861,13.526321500008457,0.40166372695279995,-0.08341134171117223,-0.799915119006435,0.4380006859689261
10.492073458458016,4.763107348402453,16.456617149505668,0.40728134623072776,-0.5215157841647489,-0.7175316123157832,-0.21746626682551423
2.299751143965871,6.655710563497109,17.80308437736228,0.5862358979720337,0.28216044134637513,-0.1467771252791395,0.7450969284347734
-7.689585596688799,1.0152893104317329,12.43457034525211,0.9006739784544,0.24576316690705316,0.01291698292081997,0.3580782063728007
7.230358811133206,-1.1844133659184921,13.541476406628835,-0.00031974140545965035,-0.7525244063128611,-0.5637202724020045,-0.3404796178215653
-1.6677341105955747,-4.39017652308159,16.037196511865595,0.3430501800085438,0.6001450735478665,-0.008693182062120497,0.7225419664476018
10.53984453078407,-1.14842105136381,18.21092639955325,0.15895455836961173,0.010559836899334166,-0.24001923525308666,0.9576078032925094
0.9347764055066339,3.537883798826691,13.321002418165527,-0.0024953671598532054,-0.15928538829583938,-0.944221945773167,0.288213211596061
11.077729671529756,8.535951994776182,16.849046761936783,0.28642775941393817,-0.7547633003305857,-0.28377328231098753,0.5174593929552745
-10.23043814467541,-3.802236427292306,14.82920229001655,-0.6290547524306283,-0.6047063266595551,-0.48585024366504265,-0.05069435543496684
8.931917093956816,8.254799492529111,17.13880146252983,0.362949387829489,-0.6140546417617524,-0.5857244144712882,0.3848786160561693
3.73130515715836,-4.229826685064315,16.908929314465702,0.2890959233172186,-0.6246020459815886,-0.7229919492218682,0.05982033631919548
5.089755501895386,-7.450478406724489,13.694818731933188,-0.44364419281074996,-0.5301295742485667,-0.6745460818078717,0.25909467036197387
0.650112209870354,-7.718425292798961,13.6623455127777,-0.4190350097845077,-0.3928252965594408,-0.5139058194339651,-0.6371803164801856
11.78779823112718,4.388181685771526,14.965606878491828,-0.2521059294675947,-0.5997746602342733,-0.7367064624703327,0.18432727802088922
11.952689851873563,0.9754646038399599,13.596093151960442,-0.23533640519107207,-0.9495989914315948,-0.09841983125806957,0.1821869058933036
-1.253747474444726,0.020509979710729098,17.78157928856904,0.22714420119071627,0.19499690064663405,0.6215000563040346,0.7239609109735968
-4.498954991441948,-1.6425006268727058,12.281142867236252,-0.32625228788509253,-0.6715712715276019,-0.6118367515258762,0.261165199425203
4.546780021247946,-3.813299707238542,12.294847483222602,0.6490844797366595,0.1628648933935318,0.25927620844381793,0.6963764875409719
-2.004196243753876,10.206702918347606,16.92305376795079,0.3500518870654945,0.12443159114585062,0.005575508151337623,0.9284122840611561
14.595999457650642,-9.952519774687604,17.121818955429283,0.7055703186429336,0.26165551739109194,0.5150684993051252,0.4103795276234864
5.807973771224411,-3.8866691536911926,14.715260308604284,-0.06282066652803056,-0.3448624014909567,-0.718915194520292,-0.6002369790197162
-3.41453898261541,-1.2749812627839834,12.96558191124384,0.7139300525859451,-0.5821831601859078,0.11651654257157254,0.37120148614700643
-4.1950974294421215,-8.681715444942286,13.692134556832539,-0.05631213995106332,-0.6017017495989327,-0.693777783779151,0.3917350305476962
6.002558107294545,6.128960996812738,13.434202796061115,0.53116811842283,0.08810082761293686,-0.7392872391004081,0.40441692873612684
1.7321235054635444,-7.696958655296552,12.509150923963116,0.8378104754378825,-0.020625957660797667,0.48629257527513253,0.24732106329506903
11.073411024678327,-4.889759319231774,14.143047072633959,0.690035161884737,0.3607565479391558,-0.09137913183043156,0.620770523420406
11.571373062578541,10.85541353835951,18.01850964728969,0.8243662565963091,-0.46041457918088985,-0.03391142352348908,0.32754954681342896
-4.65780747315385,-7.176366066085442,17.86231371741487,0.6805844573960931,-0.24821560192582803,-0.6819304518234066,-0.10081998902692335
14.088945239691306,-10.944441508784823,18.41728881420957,0.33005649395506714,-0.5469979169264546,-0.7692467617884112,0.010742865271957308
-8.866194643445157,-7.512301510645639,14.067000597046418,0.553662203661312,-0.36489408725011907,-0.18406174691569216,0.7255561609201221
7.108621073302558,-1.2476994663359795,12.384864658229413,0.44471776290773884,-0.4389162957217408,-0.4748822528650595,0.6197301369290085
3.3819407550469727,-9.133030995760928,16.475979840022696,0.40366177865045205,-0.2635541143210472,-0.7063626448882486,0.5183128506873813
4.196614502222266,6.7499107950381845,14.667523178231118,0.2733997370654715,0.2186778308420641,-0.632501329331461,0.690923048149847
-4.7063417862308565,-8.76419939458911,17.936701321515187,-0.23326291883003075,-0.37564035772029664,-0.5664849098709914,0.695397425390055
11.698606020810388,1.9689103449421221,17.003482188148322,0.8264504913510495,-0.5331824924261184,-0.1807462698016322,0.005176974857595842
3.5180558643048254,-4.907797806705521,14.427239838876659,-0.1372441025538104,-0.6095780996803919,-0.7771260428098433,-0.075191158329657
6.1949982088482205,5.948582945665661,15.937443200393343,0.0846357447661743,-0.5251282034060785,-0.8327752760689664,-0.15350081518883313
2.080685781770791,-4.326036385519323,12.884899741186002,-0.39414836559167954,-0.6030132202898406,-0.6565003559449246,-0.22367253899679126
-2.628333733379902,6.483361656281065,16.448066757566,0.49227489710583044,-0.578049329000991,-0.603290342370666,0.24405975031379543
-12.030859349345198,-5.851940132371347,14.339763832171972,-0.06128075871303448,-0.4056302134792553,-0.6885507998101688,0.5980021693983276
-10.578705788621836,-8.318757970046747,15.176910956807845,-0.9382907580699621,-0.14613103642069114,-0.21871167800029756,-0.22454704500706468
2.3007055588551264,3.2532049828549336,14.756168818544726,0.25624932441253273,-0.8032413524028439,-0.31129474915995736,0.43844633956005313
-1.4801117111531763,7.790587332620449,15.261686345910828,0.8643951233362496,-0.23241991721279454,-0.2854930168639226,0.34248472981615363
-9.37400227423678,-8.29595490941637,15.494875852610305,0.47874481077247943,-0.4191790592885244,-0.5976194923300511,0.48779428532895175
10.04741652305918,-1.389362269985691,16.700210846310423,-0.05471595646669991,-0.6646903109478942,-0.697031825126387,0.26332411473487166
-8.07229584350542,-7.583957432504861,15.262489563471618,0.47723997705765187,-0.5301295742485667,-0.6512100971230912,0.25909467036197387
-5.446927474595409,5.321085527102795,16.71096782394594,-0.07671101852650854,-0.5010664775842247,-0.2680926889486247,-0.8192521680229227
-0.334723232374607,6.209005299012244,15.350444573475322,0.5864023968921674,0.4206158841202937,0.38702009987339137,0.573959884694754
14.306800810982274,4.213774543241646,16.838005483497028,0.8055625151381253,-0.5380296420509831,-0.2311295244818659,0.09040067141130614
2.1749768453660536,2.1642637247673004,16.932901107640742,0.5557180286198414,-0.2856551696760198,-0.2675794504344733,0.7334710862804527
6.511056758141436,-0.798206246323522,12.118354545341267,0.3914448016735221,-0.35735647671454235,-0.5399796409151469,0.6538266614249489
-3.7729190103818784,-8.92609275852049,14.099894622303646,0.8006651115249435,-0.5169251047261036,-0.19916096215561757,0.22816381493108284
11.577832807574982,-0.8759663805137965,13.888820828901869,0.4804722028744603,-0.22378370466148256,-0.31948418180652677,0.7854916761929179
9.601233027976093,-10.794308619709588,16.535514266875417,0.04547305370888146,0.8966522138824063,0.4398289088221998,0.022305597737824374
-2.459596286611921,1.4548357187330971,14.10973670924448,-0.9067705925289293,-0.16248213598471334,-0.22221665598643894,-0.3193531052186339
-12.5993308948153,5.5353569938080565,16.884087453459557,0.12172346014779534,0.9186943278300086,0.22417200102325766,0.3015477494856268
-15.802009434641844,-5.83259273181463,18.13542363212848,0.09542227607534753,-0.9890130101149255,-0.10561787880630108,-0.039908880320944765
-10.122963547105396,-5.054747055913478,17.707461656033747,0.09884629369520644,-0.889622030632905,-0.38176688002611986,0.2303391025215431
-3.5783792346273824,0.7558587338928913,16.272745296132673,-0.19284333849052046,-0.6930073936864647,-0.6756210295622237,-0.16151911190012402
-9.035573828056844,8.407669792136396,14.515536961738878,0.8199401191620806,0.29845908269999855,-0.16845198340281048,0.4585240519645696
-10.792631290836818,3.721705756808255,15.829258107295132,0.181671147481835,0.7016553132357725,0.6669731100129161,0.17269130290880988
-5.203713808397307,-7.020730509378119,13.860695284641018,-0.3077032627894517,-0.8285942850210534,-0.46688524835703005,-0.02771962780718104
7.971972082031559,10.533237457111648,16.490051165420994,-0.6214495921649226,-0.43620637945484453,-0.5622741566895346,-0.32767693180939705
14.5910649631365,4.815434649395026,16.93633029234205,0.5265065326476733,-0.47605222046974516,-0.5460002713860893,0.4450268060594404
8.347245864625334,-1.5871884477980016,12.088710509710108,0.49184674535633477,-0.16083092357794657,-0.603639454145148,0.6064978173932639
0.580811490720972,9.981720119365262,15.56527462338294,0.8558609904511365,-0.4537717780395456,-0.2207979894039453,0.11331984095472264
4.341641000866854,4.078477044294827,17.3306049999102,0.33232914569375693,-0.11011243731621323,-0.39665746661195256,0.8485843766248164
2.8574014781814814,3.6415140891816744,12.322147793400116,0.010141132407013892,-0.4819758916712553,-0.8135036417068285,0.3252817581896188
10.936419540852304,-1.967461009944806,14.405701511041876,0.39653781058625115,-0.9110487965655013,-0.07297877699648525,0.08615075832580527
-7.570435794803838,-6.520586529121161,12.819902795517297,0.41811644858062036,0.5055697438625739,0.6095273248128857,0.4450329311674668
-12.75842692691653,-8.717790848763661,15.608873671259143,-0.22229704343286427,-0.8554728584717534,-0.4672941593659842,0.019656589775760902
-1.0338531330061063,-7.15853708198918,13.580820415709539,0.8617546472000862,-0.13696185997096647,-0.36980804395719963,0.31915887511848695
-5.868768238268906,-3.690617380716235,16.752572356622014,-0.7692081376750747,-0.5069045205202494,-0.33014649878245156,-0.20583959131388688
6.536864350225681,10.969656551368816,17.2913751332407,0.4955674219096848,0.14897227003151628,-0.1489722700315163,0.842631269218691
-9.292387772881622,2.273950651016154,14.44843210074363,-0.29086903005176296,-0.7335911923243308,-0.5819641312732292,-0.196359160245476
9.602115265014866,-5.956838621383596,14.39278641225962,0.2938067719578952,0.3618537702752504,0.8697089208820357,0.1623139631315586
-10.66641183844782,7.443061594656376,17.66669997152495,0.31808871344025846,-0.5540429412109796,-0.751337712502517,0.16537119291972502
-4.151772115759876,8.12114945732696,17.79758521404476,-0.5174151602023471,-0.2995894269757205,-0.24936640719009168,-0.7618032043790866
2.5692798135223676,-6.7693196494706385,13.171229309342413,0.46286364875696134,0.3217730417716016,0.7927630597912,0.23183201521562502
11.014889436585676,-9.924238944567929,16.15094159068402,0.2868606318764428,0.5848051719394753,0.6812164869897614,0.3341526396807551
-7.821472668211608,1.256859693757164,13.228828039904759,-0.5806411667711825,-0.5285188395098445,-0.5608603536883372,-0.262601095569611
-6.301241398944146,-10.78160484751467,16.670806941349884,0.11272141139404274,-0.9110487965655014,-0.3871201629078177,0.08615075832580527
-12.301169482377357,-3.754608319039475,18.427252404640804,0.4179831056420746,-0.5487503469258872,-0.5692165266801205,0.44738766847192474
1.8827425247434082,7.478079793804556,12.620348235539206,0.690035161884737,0.09137913183043161,-0.36075654793915574,0.6207705234204061
8.35588200422196,0.7360037215310822,18.205451994009525,-0.26577904353537796,-0.5194054894378536,-0.6619341819338039,-0.470555603884248
10.66175160007521,0.6384634708040053,15.21811403801052,0.2523923939535581,0.2726125895618061,-0.27261258956180606,0.8875037078791301
-3.672091947089828,6.79022707318714,12.292544034972344,0.6780797981045688,-0.2549783835759474,0.5830916359930686,0.3676927458441228
-3.091102756201174,1.6408700984288984,12.791416612068506,0.6208585658025241,0.5433823248226193,0.2436014914357198,0.5098319367304207
9.88390611013083,-3.2364986712359958,13.99498492786313,-0.45476018747814295,-0.6518845854212116,-0.592150065419486,0.1326572998321525
10.134001429770422,-4.846441575449558,17.05533795337258,0.8258083124507596,0.2220125612055598,-0.345309394966197,0.3866684309615349
-11.83027835224171,-5.55000132361613,15.06955744790978,0.5886045340969699,-0.5650075134784344,-0.4439269906039099,0.3704592274012919
-6.357717695734806,-5.150282244992391,17.20730680796381,0.7711844187773996,-0.09020980931671019,0.4654621962604679,0.4248314093736349
12.12608858604262,8.967994832795224,13.983099885870578,-0.7219134381303957,-0.3613163278009429,-0.4256674884573958,-0.4087770644025488
-10.383175348426104,3.2909150481284204,15.922878163249539,0.3118470419429309,-0.7266895406986427,0.24138757816756165,0.5624995742016512
-4.856686875775606,-6.466876397553984,14.320437799060844,0.5557180286198417,-0.26757945043447273,-0.2856551696760194,0.7334710862804528
4.005641788649234,-2.67682739162023,15.631889458214623,0.39831810879165475,-0.49948643077908683,-0.2772375859171304,0.7176317374747647
-9.317908740609829,5.734366288499022,15.85853851154789,0.010233089877116963,-0.40381799199684265,-0.7215821345673286,-0.5622682067167439
-4.74915459696094,5.689513170543224,18.380933427575474,-0.07592630399245924,-0.3417639628329821,-0.34176396283298216,0.8721410343398807
6.60584437237206,0.36327443186618247,13.582532138162076,0.43891629572174073,0.4447177629077389,-0.19938928774812278,0.7548658878473302
14.039821218352326,10.973506154148431,17.349911622066223,0.06252594290475849,-0.7826664901029712,-0.5509645527361358,0.2827750578853037
-8.17858703845609,-7.542736412296035,14.83929918895496,0.29958942697572005,-0.5174151602023472,-0.09091200454494662,0.7964061367586005
7.877595578359385,0.9132601360342587,14.786785095769389,0.5679306521453713,0.24044512749915303,0.7114351455187514,0.3368990186040351
-10.171567323246222,-4.8973349024107105,16.898940217817962,0.8049719394820458,-0.0620706286706325,-0.5293812628151131,0.26062020697409966
3.1829787643786,2.1337336461924483,15.397389673724183,0.4904162972376285,0.20594828163486723,0.5707757350613503,0.625533549028791
12.694198696148844,-6.666507273885371,14.397644726623227,0.39282529655944043,-0.4190350097845079,0.4190350097845079,0.7032123488198867
-7.104630992282708,-6.932934013498809,17.931266424413057,0.1327190470231129,-0.5383837724756717,-0.25546318614475855,0.7920019751344749
0.9152939034881875,1.5892516291782641,14.230033058743182,0.0813200741502279,-0.9495594927383669,-0.3023340253200459,-0.017831220497616006
5.491356326878824,8.191410486829076,14.590102155503608,0.5482294744474838,-0.5252809195336223,-0.575503939319251,0.3038414302707443
-11.780951954828405,7.880995310341628,16.904384045669513,0.5010516464017666,-0.33022081328633346,-0.07680783137230032,0.7962424374212138
-4.429119281036776,2.518953785893645,17.986954378371372,0.11753539697828996,-0.8377798393126631,-0.19003179955526672,-0.49819502853419856
-4.363669392641741,-3.525671098823107,18.088743119228695,0.13738206444293669,-0.17621811131224305,0.17621811131224305,0.9586555809363906
-7.157093562399897,7.895777867890196,13.276012346810926,-0.03497402545817202,-0.45926013670588367,-0.7458051660016229,0.4812812054728875
1.4812661457423921,-0.09508549359369667,18.496071920183063,0.10647967245898024,-0.8312724596881002,-0.17083083311543315,0.5181360859602534
-15.257535906162495,-8.420530379202853,18.410443654993827,0.2821604413463751,-0.5862358979720337,-0.6043116172135803,0.4599134990069863
10.276057265182695,-0.5243481876239073,15.365066461876193,0.6194316874201798,0.3678073715448144,0.4377554224611587,0.537951960831947
-9.203925065177122,8.95582164345561,14.965098822717941,0.6289336812217436,-0.17400690682653674,-0.7561391469226977,-0.049169212852573946
0.5594146184569766,-1.4401480616196318,13.446560106969946,0.5523740924538674,0.27430265578392965,0.5209207838672002,0.5901546000420828
9.390453434331139,6.22971908259276,12.32101615969413,0.5062563925508515,-0.16317874955403538,0.02562538435682135,0.8464162689669573
7.450093191381347,6.27949991577985,14.647708048284795,-0.3051628702556761,-0.5930283871598319,-0.7225269364377284,-0.18206532004156353
-5.460140383273343,-3.2718359087327284,12.7230634802006,0.6506447643303068,-0.3316705359958171,-0.22442272472408215,0.6452057709205843
8.258202422328834,7.495088188702018,13.385717037125499,0.5201674749962766,-0.11112442243097825,0.11112442243097825,0.8394811036793867
-6.251604805430068,-10.958384792069504,18.351454647837194,0.4469147256061115,0.8535171778058271,0.18075074205992148,0.19774939815730863
13.429014042141002,3.496944046189073,17.01529014384669,0.5780493290009912,-0.17628109886709006,-0.49227489710583044,0.626457798341723
6.335433065631175,4.439218450084789,14.656077126235088,-0.06538547647036802,-0.6132567361644663,-0.7343372590389907,-0.2835307831660461
13.980813557633624,-5.947548173314805,18.36535228429289,0.694506062756331,-0.4281940175216058,-0.24736167718717886,0.522612105497521
-5.397202655136642,2.98590631504954,12.830569925997544,0.3749273931064,-0.3030396881882588,-0.7551753679578461,0.44419203157073095
-12.358532151651332,8.467505527384379,16.687452438884705,0.22714420119071627,-0.6215000563040346,-0.19499690064663405,0.7239609109735968
-0.9636160416799147,8.217328944908344,16.66883957278605,-0.34934985137874003,-0.7617785138900467,-0.5300765765232113,-0.1291007363981948
8.185167270455,2.9636071398994783,17.187869219634656,-0.12709215968098056,-0.7018852784768879,-0.6034953752366085,-0.3563677466790036
6.972602887338569,3.8149218118669594,15.015811636426594,0.28858289573425305,0.7231968776259373,0.3350181785201678,0.5305365289428781
-1.6147710199805267,2.175046383191713,16.38745996841684,-0.6816557671500207,-0.4648388159040913,-0.4324973017255987,-0.3636156959484492
-11.754458749049299,-0.6700462861223251,17.32816326469526,-0.8856802008104167,-0.25338495196408306,-0.2533849519640831,-0.29523332150815657
-0.353479064810843,-9.782741287739643,16.577561378532387,0.5261235017188263,0.06423974740123568,-0.8248124205389236,0.19685473506539722
-9.615981397666431,-7.784444933432895,14.922370212766275,0.5024766863345164,-0.12368098716794965,-0.7133700321347509,0.4725710426544451
6.0894274466577,-3.943014731399014,13.751887108221784,0.20665046307516072,-0.8297858352349993,-0.44522751838885133,0.2655626303218911
-1.1062941503033503,-3.311827071570078,16.916160535698186,0.6690651863891304,-0.3313612899140992,-0.35297786031894834,0.5638777367773973
-1.0126442231779418,-5.153628343816115,16.826899086978088,0.14327251464786966,-0.38440107703042065,-0.3118204354508143,0.8570162277107675
-5.146033850442743,-0.7874732153007535,12.258344182342901,-0.4364252330001613,-0.5322003238666589,-0.48985216798917425,-0.5351081057069534
0.13273365992579045,-7.306685873098793,17.77397179027606,0.0007742430844121656,-0.22344139037497868,-0.8838830169476453,-0.4108821704168613
13.336858380994386,10.250343458575067,17.142512803498015,0.6439026293019947,-0.6298967120811414,-0.43388088393010715,0.0191550162457525
0.711910798078577,-4.671052054874395,18.107648595507,-0.2684318751696566,-0.4424072052865508,-0.8530723280915328,-0.06699101542697605
4.387749611029248,2.695368982683082,13.76993013741954,0.9558438735820156,-0.23166025602128443,0.12077596660320195,0.13457035708856174
-6.283317088423748,4.280301012229055,14.09888654932205,-0.5898286300339642,-0.18034266500247328,-0.7870236159584894,-0.013135383347525925
-6.5638825800347655,-0.10339821070337862,12.799498476776643,0.5468239814003911,-0.7076521758095784,0.17574295549904592,0.4114928250040989
16.060424626496914,1.8846255089871402,18.252287265803957,0.5929176078008391,-0.11689637691569035,-0.4263715095523191,0.6730462712665388
-2.3517189695923264,-7.824526755738911,17.647275040815433,0.39476714725333595,0.4296271195935137,0.6711577392593595,0.45730375746489216
13.38365378956589,-10.110455131490683,16.134116685216853,-0.04029279931751287,-0.6886314763185267,-0.723313679541383,-0.03131295474448775
-9.82888111388701,-5.850308319340915,14.307003737971257,0.9431364319494265,-0.04533189237868495,-0.2959109645311055,0.14448318702652907
10.85218580513885,-1.1300868353280222,13.907972242939955,-0.10208709850704509,-0.7784950562364836,-0.4965182973873668,-0.3701259948900065
-7.326957574785329,-6.749154547058886,15.207439939824802,0.13595254606071736,-0.43531566903407504,-0.8874513488036623,0.06668790759638638
0.8433708892827063,8.53566203635268,15.271626921243218,0.949559492738367,0.29255583176283007,-0.08132007415022784,0.07832560623586314
12.60915599949437,9.466187327365292,16.21594394821857,0.910219401331347,-0.1192336686935261,-0.013632071213068822,0.3963560776931879
-2.390813860240293,3.9807780541596625,17.12962022443777,0.3249217320927621,0.8401228076456999,0.2504337626788984,0.3548273757728333
-3.9888485580830686,-8.60325379823253,14.971719187914392,-0.8515138027656802,-0.27590250246096476,-0.42031901002027006,-0.14877493959295646
8.145313365500792,-3.0651230668887317,13.204395358539113,0.04530324351791897,-0.15272746284992406,-0.8146388181110387,0.5576607698635714
11.856491510935411,5.283027616234394,14.219568607258665,-0.24174355235507453,-0.38670774673094577,-0.7167995873380604,0.5274613967912818
7.093769870636887,-3.0274156166617967,12.77214383172858,0.764689300159257,0.5079038300033377,-0.2966680723907357,0.26319579881497324
-5.060588354824183,0.01604161476938515,12.680347881460312,-0.23224462885741734,-0.26197298008790865,-0.7220719199922119,0.5966948402906647
-4.046272232017381,-0.5876074052445608,13.448824238562127,-0.4911899788883146,-0.19916096215561785,-0.8167059381130032,0.2281638149310827
-6.3777694554004185,6.816508553391731,13.673094638671927,0.5911963460543995,0.35825188864763147,-0.35825188864763147,0.6275333050705256
-2.5776584115531893,11.2466827928328,17.86784523674903,0.3610011634092224,-0.27867720844045296,-0.3707532426206714,0.8090483339079819
13.474276268850804,-2.488580930135665,17.077789829738855,0.5930283871598319,-0.3051628702556761,-0.5921732473740134,0.4522430759386389
-9.064170682190312,-4.092373134631937,17.427541906746505,-0.39579348075239096,-0.6137519648784024,-0.6781031255348553,-0.08265710702454421
9.575173286582359,10.269166192668184,18.200230082747023,0.6514378332147777,-0.3050844970835314,-0.646795775934374,0.25339183753462813
-7.364157671644168,0.4649907046239292,17.039153793063832,0.11499544627227203,-0.16521846605790072,0.5595743211712192,0.8039623653479586
5.115986392049486,-8.310891015132164,17.295420867560868,0.25507666462484396,0.0023626165554716944,-0.94448788414676,0.20705784193518037
-11.255014021686819,9.842826533602896,17.063780279579817,0.5297840983100711,0.016170757089246462,-0.016170757089246462,0.8478241695116427
7.416309506484149,8.41538645914727,14.094020593614047,0.6047063266595551,-0.6290547524306283,-0.1211996018238432,0.47321351783321863
-13.660855526985461,-3.9012612051764686,15.65688568013151,0.4241845973973375,-0.5822759700294826,-0.6144232705735648,0.3217237427277754
-7.446080303640594,7.674393992093277,16.63344336781025,0.6861264331067571,-0.054172746978722874,0.19500225380018937,0.6987631589385812
-10.31624918394002,11.468888582340727,18.172018041546167,0.323881650375951,-0.2517774374828327,-0.1329213544883201,0.9022420473716128
-7.951067645771489,4.919030070955662,15.166225091708817,0.4749062897410914,-0.37373796775365936,-0.7619166668594286,0.2329526565324663
11.69326611476122,1.6994362990838692,14.041248465920809,0.35174336207066415,-0.6337201209197811,0.3343569979464232,0.6023958943293848
14.475179574263866,4.360338598241334,16.75642546458917,0.34530939496619695,-0.4455805982082653,-0.8258083124507597,-0.016123998749447477
-5.286767847048843,0.18500030224526753,15.701135759911104,0.8827877742024697,0.043994690810086855,0.4216719268042482,0.202343764530482
-5.057003244615824,5.2452970639195975,14.168609676976839,-0.2511904093118485,-0.6178271794197954,-0.7438949566544857,0.042582251043676855
-1.0251405674066643,3.7370812246603293,14.46058043758688,0.2729982582857703,0.5319250170238254,0.7734556366896715,0.21046164807421414
-5.2255792045633305,6.711068009708322,13.076247148734772,0.28642775941393817,0.28377328231098753,0.7547633003305857,0.5174593929552745
-7.2647000655353065,5.456630927640472,17.419419441665305,0.2613215467752651,-0.12077596660320192,-0.9481640333165471,0.13457035708856174
11.911681947095664,-6.775527789147201,15.149376454605097,0.7592541048424094,-0.21516048517104236,0.5432737375881633,0.2865184391062824
-15.1651955175039,-1.2330014493373902,18.41553226741828,-0.08213855876890398,-0.7540415654575853,-0.1364965895002001,0.6372152350504934
8.844660144514629,5.216278728458139,15.63622998712668,0.7132305882940106,0.3508026065278307,-0.2207955072306427,0.5652335828326398
-3.0680103961883898,-6.6869479297593335,13.00251398495835,-0.3859280490425584,-0.7162056678070714,-0.5792738655710122,0.05050515844592557
-1.2370212144541881,9.369911587115633,17.210350134489282,0.37732115103992314,0.16099674050607027,-0.4063252156656866,0.8164610325291478
-4.701943778492366,-7.22787084579667,15.115174331649266,0.2382608490495633,0.8686841956216511,0.2850461582329835,0.32767090771681745
1.623788237501767,-9.879855854267731,17.496917166164295,0.7822961006193011,-0.4333599883681486,-0.43335998836814865,-0.11140490078516152
15.229563387836471,10.152794503841,18.141335944729637,0.23795830550909422,-0.47570861264419145,-0.8405360660706744,0.10284105371793138
9.868875400783859,-0.2553644615186119,12.446874050474399,-0.3142278174105386,-0.5533250006578401,-0.730083022395638,0.2491407289506492
2.2990835846480646,-1.7778207261077235,12.23193199600088,0.6756210295622237,0.36039128161997186,0.19284333849052043,0.6135680853380704
9.608804127132418,-3.2096612623952554,13.43586731397313,0.6153454918287596,0.36075654793915574,0.3253438120779316,0.6207705234204061
6.496514817261428,10.4716666192827,17.044296194246115,0.39451525253875913,-0.2920439565102353,-0.8025869324109912,-0.33900185678435657
8.900445503750753,-10.686217418281098,17.3131689386476,0.1419286020008842,-0.6369397545549715,0.010808285202424606,0.7576590275133729
0.9915424999354023,-10.814094383518189,18.194435834087045,-0.3803442625392624,-0.5414748840656892,-0.5736221846097713,-0.4828051172088246
-13.818457758144154,6.269362789616336,15.781738063138105,-0.20742124937785592,-0.5192682913207866,-0.8172128313838191,0.13964259793115036
10.844816688680828,7.135845893504735,15.894893327938348,0.019341646332163398,-0.6989085074945428,-0.7130366483653671,0.05226410772983747
11.597411078031042,4.263076734160222,14.983505747448238,0.5886045340969696,-0.4439269906039103,-0.5650075134784346,0.37045922740129145
-14.183800016749906,0.5573767786887327,17.444766348942725,0.36310036058446543,-0.6438191146670431,-0.6222025442621939,0.25791291097273245
3.014415910988413,4.3121552911981365,14.697989495671735,0.1817548902251853,-0.7866369850040644,-0.589342213712527,0.029037369704651733
-2.578013825006712,7.370099368009475,12.789830597869198,-0.7103229151076619,-0.1422938683200685,-0.14229386832006852,-0.6744970469542286
-10.439265312264148,3.096394467402357,12.816182832954771,0.6208585658025241,-0.24360149143571977,-0.5433823248226193,0.5098319367304206
-10.69007672880794,0.5108430194710412,14.933492340181793,0.24277071092467473,-0.41649247848661836,-0.5534242807226775,0.6792039184131586
8.810090151799596,-2.580967852706607,15.842925453225673,-0.2459733016214435,-0.6157813455786427,-0.5655583257930141,-0.49036134579818297
-8.939328954937764e-05,2.117462601381275,16.18232968795878,0.5814259806087733,-0.5145940599493153,0.13934167300555686,0.6145898475422612
-2.227544222151547,-0.5376455757726699,17.79402511532934,0.1684519834028105,-0.5379633603129638,-0.8199401191620806,-0.09958691298015102
0.18670773231795756,7.372482034293943,14.45655616525889,-0.08341134171117223,-0.868574793055609,-0.40166372695279995,0.27800472548633903
2.8460445033993604,8.84731118368825,14.6342700097104,0.5607956582854168,-0.4505064156618661,0.05734873494491896,0.6922884671117534
-5.452089311706604,-1.0378637298690752,14.351419172089589,0.36239639361455994,0.15551654046215674,0.36239639361455994,0.844483459537843
-0.6327425958842507,8.939384550529768,14.089483349262231,0.630495943306782,-0.38210121174872774,-0.5246299042446781,0.4257193829579119
-6.183540202916285,10.284407027473861,16.96071837896164,0.35044875507570666,0.007885567260706522,0.7612735992721429,0.5455144314737246
-6.237285125401349,-8.808924027627691,15.214081321222787,0.07978007525839542,-0.6734873550111424,-0.7348333578839413,-0.008358132140094399
-1.223735068427926,1.917273160184699,13.392881805312502,0.3413665846941941,-0.47316954392160293,-0.7061433325572035,-0.40117456480222
-6.371371793516029,-7.359463078504916,14.260558657054656,0.6346399410913268,0.016082313531107673,-0.2933928191055211,0.7147686045570267
13.54880283968213,-0.37608689109831595,15.129690743399507,0.7907757369376988,0.0,0.0,0.6121059825476628
6.649084430566903,-4.113902985356895,12.530755573649135,-0.6449881465111973,-0.722770470053406,-0.24459581090755675,0.04202413312970707
7.3475868986799675,-4.8666945748058055,16.036349870204912,-0.2635541143210473,-0.40366177865045216,-0.8135036417068285,0.3252817581896188
-8.434789236573135,6.1302253755396485,15.507213939221746,0.18034266500247328,0.7682690630754908,0.5898286300339642,0.171293190446001
15.360693947833095,-10.262935560471808,17.71587382645341,0.2604051084476122,-0.7642131677689421,-0.5833808274345151,0.08851115118880212
1.2966455193444002,-4.355452919797941,12.545603108078616,0.4956196339010821,0.7110262194894414,0.2588905397198541,0.4263549954367512
11.864099771409752,2.9393507883980163,16.02663827366517,0.5228641689177702,0.8388579671565106,0.12850831380445202,0.08009984446371998
-6.655808252289808,-4.448027483139273,16.10983310108685,0.2856341075473962,-0.2856341075473962,-0.08961827939636186,0.9103817206036383
9.29745508122453,5.414273222841123,16.81053569519976,0.7826664901029712,0.06252594290475849,0.3445027017538755,0.5146275937200095
-10.053923988489835,-5.150371608001443,14.589822644745222,0.2797756194804338,-0.9428836554042385,-0.14051483932439385,-0.1138050747792926
6.436867131327427,-5.466327785524396,12.593740643048548,0.7835358429911765,0.035229731887684634,-0.035229731887684634,0.6193458764941849
13.051691939940557,7.481998025347581,14.628495083463358,-0.32839718678213925,-0.6292774692045051,-0.6400024129781486,-0.2942143195823362
2.8547468834627843,7.160519844832939,13.059961135255065,0.33232914569375693,0.39665746661195256,0.11011243731621323,0.8485843766248164
8.47788081008467,6.189236012921173,17.971308253459643,0.657186174204055,0.42963084235337495,0.11363704411463454,0.6087777048633232
-11.523732818256713,-4.785191278953881,16.038845809937925,0.005028891734965957,-0.6691863309893696,-0.7391343819057139,-0.07645083485326701
1.0280320700125358,-6.9366045984544735,17.16880431886199,0.5952737575928071,-0.46037184737169873,-0.07581353052555084,0.6541859248395372
-1.2971526849026116,7.594444799280664,13.708769508465416,0.4147724529802825,-0.5589834368030038,-0.5589834368030038,0.4505983211337159
9.648394565042356,0.9537989390885144,16.296180867561755,0.7180614844823996,-0.29538267038694976,-0.6131468129574356,0.1455601878885388
-11.003665672464027,-0.6052938538234027,16.372636539775126,0.05031622112668117,-0.9428836554042385,-0.3090098626541742,-0.11380507477929257
6.832103911162736,10.669003825146836,16.947279033425577,-0.035385655332474356,-0.48957104940607415,-0.8543985028325571,-0.1705029071236371
14.451715397547087,-2.2630825965630166,16.23093430417461,0.44241344008746303,-0.3342779979864605,-0.33427799798646046,0.7620936872552517
-14.506168725367322,10.371496990926017,17.53198167890455,0.16809833308101052,0.2641245307452649,0.9113499981635861,0.26724962772885447
-5.485258325260585,-8.39133203575922,18.120287747891872,0.2870984237677434,0.7637167556867346,-0.021219801790593143,0.5778070025236576
-7.526694292624395,0.9380035427699749,12.461350258242184,0.617230629727948,-0.6691125029852563,-0.36942407965631674,0.18665652264126517
-7.280845737395644,5.564648212303403,18.1969826573708,0.6103358065209954,0.08894657332524815,0.05298061618192943,0.7853481805422647
8.851698702397519,6.843092790560581,15.846070161280249,-0.812577099747752,-0.11171449288083067,-0.5718134327851332,0.016362369400330284
5.451683161172889,-9.606990016841824,15.947241606615297,0.19200254778202702,0.5817660733128577,-0.16794257482346092,0.7723202374332918
11.846972137081035,3.906684706392779,16.59553303384534,-0.12700949383951998,-0.4907349425063041,-0.18383482493718709,-0.8421713375663392
11.161965391339123,4.356970402053214,14.524010478854647,0.08382561725378063,-0.6068690207158983,-0.7798351217743368,0.12860964362968677
4.771619313445166,3.5152368340196745,14.782857031271831,0.20985987770771192,-0.2802253408558254,-0.8103312294687725,0.46988923015788353
-8.402316493069083,-3.9265316436268582,14.714728782197993,0.7071122624458706,0.1525269581971848,0.13206077844295155,0.6777076996160205
-7.532153842981905,1.5523239767008032,14.600536172775978,0.8243662565963091,0.03391142352348908,0.46041457918088985,0.32754954681342896
-7.482735158339494,-5.63237115742686,18.101627329601197,0.17674824794145683,-0.11648689431780022,-0.9524531056019485,0.21914365592237023
-7.018297291278023,0.11413050685276538,14.479040250923159,-0.3169368963750319,-0.7088118376396908,-0.6067434859578701,-0.17029129392220707
8.071453712751055,3.2838578603949955,14.756143623071297,0.1780885004177709,0.7022041545786278,0.6664242686700602,0.1762739499728742
-15.668329957803646,0.9085489351531262,18.03278062425504,0.5845496727820938,0.13564740299672315,0.524192720587171,0.6042544611287626
-8.314296885263818,-2.6120025669800615,18.27411797366399,0.5141536404848543,0.46919580597821814,0.05853068317323609,0.7155945002275349
-1.3050213969787663,6.286133315981292,12.290427028632227,0.6536399977785092,-0.18084477065220997,-0.1030124333495584,0.7276251513020031
-4.325826235089038,5.240870304771299,13.013851542297001,0.36715419366015367,-0.16663113512847072,0.6985403554390033,0.5911626127443365
-8.915068564614085,5.2519642990774535,15.91535296223298,-0.11489097454421067,-0.44134214670169153,-0.526024134259271,0.7178549879257007
-8.521194817946576,-4.630252554945455,15.837727310940615,0.503648236940321,0.47135472128788675,-0.3560333454254584,0.6303994266270245
-8.914442743177958,-7.904498515637397,15.154467435701282,0.015519455775630409,-0.720234006719583,-0.6880867061755009,-0.08694139889393165
2.0883627228185624,-3.1984304432605137,12.775633140026876,0.7225269364377283,-0.4246253042445621,0.3051628702556762,0.4522430759386389
13.284090118926615,-1.64968642568771,15.635407985765124,0.20594828163486723,-0.4904162972376285,-0.7486310992429037,-0.3957633610400808
-7.917953097328704,0.06925088166380267,12.033699837634497,0.4777121173240915,-0.8712308981605962,-0.11279667540139043,0.004976451587964614
6.13314840693751,5.150984108046252,14.35914571239114,0.9275030684059756,-0.32717280293694817,0.10654204696063024,0.1460986219829592
4.6424909302516735,-1.5334049768434577,13.004173164618273,0.5769289792520007,-0.16508025559906606,0.1650802555990661,0.7827195994236623
-5.751951583430284,-4.488301239430831,18.060699751788924,0.12443159114585071,-0.0994728149130738,-0.3500518870654944,0.923084836068748
3.0449966947827214,-4.046495776122657,16.736164127413268,-0.7895501263976124,-0.2394583629057785,-0.3038095235622315,-0.4764137526697656
4.341044631102662,-0.3677161457907978,17.735935811996455,0.44866805881484473,0.10411545813746803,-0.36279560796534105,0.8100841260123559
10.661271609023405,-5.403614863464247,15.146549532530264,-0.03750957807754107,-0.15482600987645295,-0.528701915789511,0.8337243084249627
-8.571169503966399,-4.533484250985268,14.149463555761791,-0.7494736705165445,-0.300202937193347,-0.58312352352426,-0.09019074240518214
-1.6409249651667235,-5.50821534291762,13.420866370897645,0.7556627582640308,0.21319034696493644,-0.07382003015340083,0.6148774470428378
6.720331837672989,-3.374578124537736,13.716782863977379,-0.18084477065220989,-0.6536399977785093,-0.5002179607254923,-0.5383603941594236
-10.257707009676219,-6.657070781169389,15.419410823366846,0.6257843481734218,-0.2371277818313618,-0.18501332000598852,0.7196766191042091
-10.777307919131221,-2.6863667236403863,15.323569008313182,-0.2504337626788982,-0.8922436882645189,-0.3249217320927622,0.18870611881032695
4.674284564793577,0.272197722757193,12.740417906763248,0.14589971544015695,-0.7099562362947717,0.13868802119997936,0.6748637257671195
-9.289896250994016,6.641285434000267,15.050015984325267,0.9067569558332126,-0.1625582204550306,0.2820206544439168,0.26801305654315466
-1.106551872747648,8.419424606322732,13.733223967988225,0.20351432232931727,0.8431693687182406,0.058232811240913104,0.49422290108523126
-5.082183161772256,-5.136626341185389,13.89498291241323,0.3372848837217457,-0.09547470512101247,0.22228943744947366,0.9097861803156063
-10.590640232171301,9.352084134223956,15.412474949952925,-0.1795404316681459,-0.7443862470860276,-0.642317895404207,-0.032894829215321164
-5.33642636632854,-0.7076653921314087,15.692490879889837,0.7937698824725374,0.041106137065828496,-0.4258049290369806,0.4323538152750262
-2.097486364624972,5.875851024609988,13.646803744498401,0.7189770046381461,-0.31343518957247163,-0.6203353071415887,0.003815160911326554
1.2320283866661317,-2.0897779079586005,16.158708569125977,0.8383815645086936,0.31129474915995736,0.0893125901750932,0.43844633956005313
-0.45391968889999745,-5.316816773008961,13.02098250458779,0.2967480175041389,-0.28325221196494604,-0.22351769196322058,0.8841655048144346
-9.762465020578754,1.566274537202636,12.085193353033022,0.27694998746988037,0.6317717343264957,-0.07857791902556305,0.7197143119239309
5.224971142277409,7.879681709139758,13.330182898895877,0.21184286034404803,-0.6323999113546159,-0.5366994342095719,0.5168623336625057
-8.948330398965833,7.237285718766367,14.632688645481323,0.5261235017188264,0.8248124205389236,-0.0642397474012357,0.19685473506539722
0.23422926173892478,6.024351562206979,13.193679665418328,-0.07055515364778983,-0.632399911354616,-0.5726653913528905,0.5168623336625057
5.3015513044162095,-1.8933297581427606,14.201626520670128,0.6700109869339543,-0.2646944565545428,-0.15744664528280788,0.675449980343677
-8.11633723348659,-5.049967994816351,12.647969669473877,0.10911225537388858,-0.38815287303286006,-0.47856710370343725,-0.7800034552080284
10.593167781886347,-2.668551108872423,16.267468783086244,0.8355986343554551,0.0642397474012357,0.5088186223001832,0.19685473506539722
0.5007538727489411,-5.398095933095321,12.62119156852194,0.47814845286481245,-0.53363831455145,-0.6870603516044672,0.12063282935759895
-10.517038884010319,1.7366225244988733,14.460290316030758,-0.5830916359930683,-0.6780797981045689,-0.3801352580415365,-0.2360277886840619
-13.086326992468342,6.443586349512444,15.273850993249233,0.4759401365089523,-0.1901138571212471,0.1901138571212471,0.8373735302245965
-4.383975415876304,4.569030196133205,15.490073141645222,0.897377173837154,-0.3648576015340968,-0.20820076816732194,0.1350761955836981
5.770371663901733,-2.9562023618933964,12.702027380296968,0.32632550018953793,0.8103312294687726,-0.12680330380280824,0.4698892301578836
-10.336013615829174,-6.963172175873704,13.763988975519883,0.23112952448186636,0.805562515138125,0.48629257527513253,0.24732106329506903
12.424164981952993,2.578409134014544,15.056342405696217,0.7733538066929506,0.13564740299672318,-0.13564740299672318,0.6042544611287626
-5.906157638166079,-7.904040108666291,13.547811926033523,0.6304959433067822,-0.5246299042446779,-0.3821012117487275,0.4257193829579122
-6.106171742164963,-2.2192080348776306,12.67151522364789,-0.16317874955403533,-0.3102405643998174,-0.5062563925508516,-0.7879263626102774
3.697277435926427,-9.800294014119524,17.034621678869453,0.9833968130186284,0.10000168171000391,0.015319694152424278,0.15065085054871688
14.872233334701377,7.478510754511479,16.92787851082846,0.465700161908822,-0.737904453337794,-0.2139758196801104,0.4391295088405843
4.636038760714641,2.8583099136811256,16.146066631134467,0.7691656017706683,-0.50696906122779,0.15347256534487708,0.357509188269395
-0.9700070594115662,-6.88625991892525,15.98716953908027,0.28980658958283767,-0.9236803823329022,0.07503612483815095,0.23915742074412494
9.489293278134872,-6.561358686932294,14.585971242106634,0.6081028391175859,-0.7472852747313716,-0.23674229883061548,-0.12541427020553003
15.680824740985749,11.217475207979769,17.743538440275277,0.7298494100368984,-0.11689637691569035,-0.02576417021726818,0.6730462712665388
-4.627089494030336,0.27766509448053434,13.120560055820599,0.5083992758092878,-0.5726044252457332,-0.06474927463894822,0.6398920846356243
-4.090303608686437,7.022894471373203,15.378831799077073,0.7920355168819008,-0.2890330888833482,0.15616734897675355,0.5145399621426339
-4.947298521098816,-10.574973421779728,16.239071046420342,0.17446870939949943,0.7020205795549563,0.6666078436937323,0.17989374099114586
-11.23221103282799,5.059390155977404,16.291346329616715,-0.3704162237641806,-0.7372391273069315,-0.554615963106327,-0.10803436401275371
-2.5148590466924485,-1.9683639787785605,13.225190886074914,0.7900761621685004,0.19408934955288465,-0.19408934955288465,0.5481225289598752
11.417282207308617,4.674834339655609,15.90210241206608,0.12850831380445202,-0.5228641689177702,-0.8388579671565106,0.08009984446371998
-2.8445304254489265,3.1383436734252967,15.45452379451979,0.01608231353110745,-0.6989911017477798,-0.6346399410913268,0.3292186872589542
11.434493001877062,-2.0347686760988033,15.73264054660243,0.22378370466148287,0.48047220287446035,-0.26923644526185825,0.8041013943127473
-8.059373951785638,0.28768164477546243,15.618954321468898,0.3603224177108601,-0.6115575204589104,-0.5882215357741295,0.38750558617479863
-9.003231540909404,-8.420675121930355,14.831611624751606,-0.4346592560886441,-0.4198659115393285,-0.7815749482033518,-0.1546756211063735
-4.473572339750115,7.466626182763134,16.15969528939469,0.9097415943334615,0.37373013850067044,-0.03248728159088001,0.17787802464249378
-3.021642765110224,0.9209655555028426,13.804966261532336,-0.012064967656994469,-0.7523660139726852,-0.6559546989223991,-0.05935697546130683
0.0024773437030809475,0.28952980680538154,17.446474181472666,0.9884683243281113,0.0,0.0,0.15142777750457692
-11.20820645298231,-8.352204727293444,13.945240552641884,0.5768109937386643,-0.2184270293030423,-0.33480759080744965,0.7123781211616298
11.564055257991011,-0.4757934354450164,16.433685527371416,0.5502902547408833,0.3572152936537756,0.44834750035219784,0.6070933935112428
-3.2246064148201956,0.6088218780124421,13.314304991038853,0.7393936976013084,0.13963216811743678,-0.504474882538425,0.42344410547571876
-9.271991971405242,7.5959861850514105,16.687429586184496,0.6807680324197648,-0.24459581090755667,-0.6891746858065039,0.04202413312970692
10.064790945790659,-5.887363348067689,14.892420142199557,-0.6178420489678759,-0.3050844970835314,-0.6789604029965888,0.25339183753462813
7.845194558682767,-7.0511137119512,17.677442887489843,0.25670727231998586,-0.7420092348510668,-0.4118487236529347,0.46249789249164736
-4.226987531261214,7.4032794718871955,17.981186941973903,0.009037859620773546,-0.0709635947535889,-0.6125643309123754,0.7871768707266482
-4.969405243182427,-6.052650522038771,13.203839660693156,0.5871772770749968,-0.1747557944660013,-0.24521525824137064,0.7513672435719884
-11.47378786115705,-1.6793569090618377,15.992675032245852,0.11642309199311666,-0.25338495196408306,-0.9138265785367501,-0.2952333215081566
-5.141379404749479,4.38094866716148,14.38716187751104,0.0,0.0,0.299363122973358,0.9541392564000489
-2.269604696122295,-3.378136229636863,12.772346357041325,0.716618286901141,-0.10613396990318182,-0.6882662099993432,0.038515392826823515
-5.565764858552189,-3.224177258180241,17.08371237252321,0.4753337869779248,-0.4837435981233909,-0.17609652546050297,0.713470346932932
-1.8843617005408273,5.362776714213888,14.876644656743572,0.6449559278340258,-0.7356312386569165,-0.12022471307801236,0.16859581913307312
-4.991849736396157,-1.8804374685379521,16.604894951809403,0.8232025949564987,0.27329498969934324,-0.38861636556177126,0.3108450686108464
-9.88593479241629,-5.805974268045962,15.842837488391346,0.8405360660706745,0.23795830550909378,-0.4491940631216961,0.1873490329035557
-1.4378233797169226,-1.3743652151492327,12.923566897854622,0.47856710370343725,0.10911225537388858,0.2979163892847453,0.8187269801195429
-6.388952889262835,5.318472177718146,14.225772178296527,0.07676228606716386,0.06589826106579487,0.6480305011619559,0.7548651801414815
-9.233743497858217,9.408718197031389,17.054447228511183,0.3766510672202656,0.8717096994107182,0.1625582204550306,0.26801305654315466
1.5089758255602508,-5.377828789687154,14.187104729639728,0.5087355718823526,0.15527703373698307,0.5045630898469111,0.6800685620285042
10.62100341220468,10.503881187250103,17.377969251608786,-0.25497838357594704,-0.6780797981045688,-0.6476763808263936,-0.23602778868406185
9.797329236505455,0.18779242359791937,16.926661035859237,-0.19390739247604052,-0.6717493016551865,-0.7040908158336793,0.12413267872553108
13.860533367048655,8.832936314675207,15.615529726805423,0.02249957431769417,-0.45549598861296087,-0.2870009652831805,0.8424058519737067
1.224014069798523,1.4584715944710673,15.386577174352343,-0.1708556394254212,-0.8556798312068493,-0.4277281918466286,0.23594272788531062
-4.5548248766270785,-6.917484696513789,16.78302856130602,0.1607199944964851,-0.6772501411889321,-0.6913782820597563,0.19364245589415913
7.328843757728542,6.202441441615365,16.481904384309495,0.34685948904333835,-0.04749636606998057,-0.9365485340101398,0.01759072238990921
9.937001806198328,7.4502241829208735,17.167702205267002,0.8215386874739178,-0.3533585339937866,0.3533585339937865,0.27449895790540907
-9.408159418043244,-7.989372694279182,12.766854013632754,0.7162056678070715,0.021100595616075413,0.3859280490425585,0.581088416015909
7.630379619249474,5.557413367037082,17.729048833628955,0.5790431291574172,-0.4899331381422832,-0.4285871352694841,0.49090492175892725
-6.3244460387089845,6.2453346065035475,15.119602593151075,0.3974168965000309,-0.3866926974797207,-0.7026864957184611,0.44582536584076293
6.881077671630436,-8.162427385044843,15.727707192165214,0.21622597845368097,-0.534948601644467,-0.302102417658234,0.7588217505352803
-13.039669565398091,-0.9207365153858209,17.72835577135933,0.6580185496578558,-0.06977389502284237,0.564099897727222,0.4938972537518821
-0.920708194905945,-7.185405530997196,17.819629856694014,0.06474927463894822,-0.7629896348497369,-0.5083992758092877,-0.3939346708556974
5.809862742785702,3.7046347739734546,15.477859398345782,0.06500354964859448,0.029867260000862945,-0.34400864591219527,0.9362374361510984
7.757737037465773,5.907340997958135,12.920781706172734,0.3846498208289268,-0.8370650317183816,-0.33014649878245145,-0.2058395913138868
-10.246590614918787,3.4505363859878955,12.023456402562275,0.22098197863901917,0.03306991838274441,0.5399884513186746,0.8114713907818328
-6.845221575680568,2.901149681695797,13.228414860542618,0.5215157841647489,-0.5112389271810397,-0.40728134623072765,0.5484322667515952
8.264439412907185,-5.7023560356093705,13.929991681535974,-0.5017191159980101,-0.5021083291253248,-0.5225745088795579,-0.47231455316815996
8.056982802307097,-2.64536721435363,12.040193533982661,0.9442219457731671,-0.0024953671598535315,0.12931009948831473,0.3028491182641851
-11.814662958742819,-8.63152965946849,16.682078608469524,0.08828093006694672,-0.43327098337628456,-0.8622085500017992,0.24714196052968626
-3.2468357916678787,-7.059110017515746,16.337185981866877,0.3862833675917262,0.0793832500226091,0.18498484750306607,0.9001466912298852
6.371313065792528,8.797720918537678,16.392644941992067,0.7179173586765594,-0.22558313421433582,-0.32765148589615656,0.5712717562237345
3.450359998598568,-6.249093678187244,17.017108946405568,0.29665215190657696,-0.6989085074945428,-0.6486854877089141,0.05226410772983747
11.75839780203697,-3.1517890938418827,14.642435731774329,0.7368851434295961,0.5128871968245792,0.2515831808985151,0.36145941932000275
-11.857820392962068,6.138654108595006,16.965513114403407,0.7796633430580853,0.24044512749915303,-0.46990452585290554,0.3368990186040351
14.438631970962263,0.7502710582461649,16.945525076443378,0.5536209649161821,-0.4497768206569011,-0.22577887405188413,0.6634972033376698
-11.246686420250205,1.479525035059856,15.309522207411604,0.07332607007256403,-0.0697016271077382,0.7210741098299603,0.6854320526202269
3.6755844757278133,-7.665159770844378,15.505548674871848,0.05671253311349897,-0.7831091985502937,-0.5608603536883372,-0.262601095569611
8.084458520547948,-9.165852313531722,16.49897332688932,0.15788289038492964,-0.45549598861296087,-0.24072552386827428,0.8424058519737067
-7.239533065021876,-6.373252292748607,12.865030653715014,0.2218788361211,0.12585495172884295,-0.7253242084446825,0.6394021472054754
-12.04898947870603,3.894032076618135,14.595090461420522,0.050455983800155584,-0.9482605233708974,-0.19487249135946086,0.24552166019817356
3.2483677237743827,8.22144491295341,14.222735759810599,-0.19500225380018965,-0.6861264331067569,-0.6825019901419311,-0.1593601965904562
8.043218525862885,-0.8793633107116214,14.241615373148335,0.557171215320591,-0.4505064156618661,-0.08567896223538307,0.6922884671117534
-2.0408087432621738,-1.769129588066372,15.924467184974104,-0.15895135051277554,-0.5959494590970799,-0.42745443576729975,0.6609549271432368
3.5128278337069965,-9.254312802538411,16.154462043260125,0.7496926999028567,-0.468199362252012,0.23050034050546825,0.4069641334639179
-4.3473199606654855,-0.6531028844379811,16.57384989349502,0.12119960182384332,-0.7855386669939821,-0.6047063266595551,-0.050694355434966754
2.0600174153589776,-7.409942778787962,12.750094147483589,0.7888452617942876,0.021999614628192783,0.6041318547243542,0.11074236771996995
-11.552180897458834,3.93681163545914,15.333885268463957,0.6322070304354215,-0.7131552813920471,-0.1953742019523384,0.2314146419355174
4.184763789135328,5.262251781312855,12.412070998246861,0.48165570798174584,0.3980316347532715,-0.27473480099263436,0.7308210354305489
7.161375432587951,5.570558467499206,14.574959153620728,-0.2594792282830621,-0.8725570021581284,-0.26587605120211244,0.3172140184033764
8.186124072905521,-1.6090645694616246,18.22030163644518,-0.40087777130057917,-0.34959955918407737,-0.3102405643998175,-0.7879263626102773
-7.948285374187079,-0.5639697332841163,15.621061659589483,0.7696726669804983,0.5357079867329984,0.19840445188570602,0.28505545447427794
-6.114983532533122,6.4565816615739156,15.993813439128873,0.5301295742485667,-0.44364419281074974,-0.4772399770576521,0.54257208644598
-12.522979322180538,10.439301411326815,17.630989262603258,0.32205352532793075,-0.4513900294996678,-0.5470905066447119,0.6270729986463884
-6.310680731402286,10.054646906625132,16.466568031191482,0.16861157162654855,-0.6398647873059684,-0.5736221846097711,-0.48280511720882474
3.663114036480705,1.6440486819965265,15.83953018339097,0.49683935802656887,0.33260024816377987,0.5741308678296256,0.5593759682381251
-11.018971020429849,10.571620057429557,16.309521617973257,-0.037007056622904405,-0.8943312724739091,-0.28549301686392253,0.34248472981615363
-12.153725851469865,-0.800912714551778,15.147225609738156,0.5572494818598708,-0.23385693819767298,-0.5531268780606655,0.5734410206730736
2.2473717670274773,3.085344743914563,16.55369045128831,-0.3918269360195462,-0.5998895281165199,-0.5998895281165199,-0.35600106786611296
11.096160337772734,4.925336732938247,16.351130019046018,0.4056362310700161,-0.5322545287533107,-0.7391343819057138,-0.0764508348532669
11.991898425279366,8.163115147416459,18.329459462350798,0.5186323656864046,0.4685672666357904,0.5534852252200435,0.45290097302070986
-10.3996647155131,-5.412687031777306,13.867119740917486,-0.043691628435624075,-0.6898902643988474,-0.7220548914610627,-0.02791412562637713
-2.2206002956918223,0.6831638306781098,12.744696612371333,-0.153472565344877,-0.6175385407195667,-0.7691656017706683,-0.058962695538590154
-13.622900374615654,-10.880413784512145,17.57641035573768,-0.3124061715747407,-0.7443862470860277,-0.5892447957530789,-0.032894829215321164
-15.428188476215482,2.331230267759393,17.141135708837144,-0.32534381207793184,-0.707421526008978,-0.6153454918287595,0.12270335842082772
-6.3555723037224086,7.189043382675649,15.362860784881873,0.609197700441735,-0.7329081432798011,-0.2583311245223635,0.15807860511045727
14.085374050523445,5.526662704313351,18.41545096770213,0.6222603222655652,-0.5613768023501068,0.20788030646719338,0.5044144677744977
9.98801395494052,-3.762641869407336,17.35882168703195,0.010233089877116464,-0.7215821345673282,-0.4038179919968424,-0.5622682067167444
2.748109753276628,8.170479861184022,15.30077249504291,-0.14316866802716774,-0.3194841818065268,-0.5103287339572219,0.785491676192918
7.34774785844688,0.06378127497720065,14.253194518309579,-0.15578297455058684,-0.5622741566895348,-0.7431064970239617,-0.32767693180939683
5.019881095211822,-1.9378177896726916,12.032656373200728,-0.020625957660797195,-0.5380296420509831,-0.8378104754378825,0.09040067141130616
14.391418703052896,3.780989659518953,16.85969195669888,0.9396299004314344,-0.09304278559964199,-0.15928538829583896,0.28821321159606106
-10.335508761601591,8.66420437089927,15.257798676479144,0.2780466303599496,-0.021174077938742375,0.5942324476401613,0.7544067390609026
-5.405610363788929,-4.143546665158339,12.46802889289452,0.032991474854289486,-0.7577842620834095,-0.6505364508116747,0.03843046826401208
-1.4138263632347723,10.266194963548235,16.289816471838986,0.15920733491479971,0.3356673487584526,0.005575508151337623,0.9284122840611561
-7.761999976748811,-0.2611365046140808,16.160533505077407,-0.33960529814069335,-0.8037710274278504,-0.4664674925805582,0.14501191436552682
-1.884595453644291,-8.825994038062591,16.402063243852147,0.5998895281165199,-0.3918269360195462,-0.015201708639087652,0.6974045557064608
6.220331922309269,-9.60795487475472,15.317664543293404,0.17600426566303057,-0.32717280293694817,-0.9168618479037495,0.1460986219829592
13.253774346293325,6.051791051958865,15.887288640342078,0.17215438226734944,-0.7097230604005627,-0.5270998961999579,0.4345362420187763
-3.0551155277521183,-6.973459860082202,17.560155053581994,-0.08931259017509276,-0.39318112664859217,-0.8383815645086936,-0.36680814491435976
3.4098354573822665,-5.239477837120262,12.919317739221851,-0.811195626084793,-0.41309423639946136,-0.4130942363994614,0.02584492073874109
10.503617556156101,8.776814105817431,15.61600995359815,0.31266633746157846,-0.20064721760234844,-0.7307531062152954,0.57269568991175
3.132637326452212,-1.8387643776749991,13.033945078105896,0.6043116172135802,0.2821604413463752,-0.004849935771962022,0.7450969284347733
6.315613944298827,4.060380844961205,12.326610323194814,0.44281883516085374,0.7103445283456842,0.1267064909570166,0.5322288938281079
-4.85635182828843,-6.48779920956227,12.505357785295907,0.021626423694534408,-0.40966266521841577,-0.554079172777721,0.7243652868672582
-8.440210312198513,-3.7038597442776444,12.497933612729813,0.2789793693287046,-0.4358329019079591,-0.4358329019079592,0.7363897573418117
3.3763333790706582,-2.694031194677393,16.122375793595804,0.8943516700480872,-0.35827285001156234,-0.2678586193409851,0.005235959466169907
-7.366270278108706,0.10414981248481148,16.9708872130035,0.3275851691079965,-0.27590250246096476,-0.8913090280398684,-0.1487749395929564
3.300374121829506,-10.076807117229036,16.4700872560176,0.613865334396653,-0.5779530583861586,-0.059400641498522755,0.5344260260482588
-5.904498111266101,-0.6935321533747789,17.956630551085162,0.1677059277493801,-0.6691125029852563,-0.6995159202634317,0.1866565226412652
-3.3684993254123903,3.7336843708987058,14.75580599772831,0.913836344114683,-0.34932020312496775,-0.11634641448936753,0.17129519461826867
-9.383942590793021,-0.2628556076152506,14.335526567894254,0.2997346283579196,-0.9046741608294578,-0.2708003680793933,0.13561333245194576
9.888410859973446,3.6037954963464482,13.1351560181689,-0.5953315428195791,-0.2888549155623746,-0.2672383451575253,-0.7005189924313121
-1.12959244990979,1.5941209814442345,12.913789065459387,-0.33002542083510544,-0.6613835089188687,-0.6613835089188688,0.12738496717800168
-3.6868207519943574,-0.4975512167364009,15.755103663689903,0.4589011486919615,-0.40586509845248964,-0.5079334501343103,0.6055467511447863
-0.8666249926079566,-3.100006257565272,14.475609856273767,-0.26020536754492984,-0.6526449995883647,-0.6731111793425981,-0.23080080471507977
-8.082571959900516,-0.7634714431899194,14.32672700232004,0.812973155543874,0.3004525830721486,-0.031075166963424605,0.497832529761269
14.495697987729226,-4.376057588601969,17.21724239409339,0.3973493845023023,-0.10200327500287892,-0.632109163615826,0.6573787369524741
4.972215295807938,5.774876632885391,13.725712174720142,0.5002536655186153,-0.6103335974975295,0.28222034508040794,0.5455188784300765
4.658576189471081,-6.905466278066217,14.323162038920204,-0.04556610334921102,-0.6766637333223269,-0.5983496203015237,-0.4266469900478409
10.390129951293945,-4.129362402182435,12.468858595856695,0.6032353160291769,0.12856299282109337,-0.6817568081220259,0.393428983364634
0.6772942183917774,6.685497974821379,14.689133496585253,0.4646921492065682,-0.4815566859684091,-0.03635624810830729,0.7421877039458352
4.335220949266784,4.227199835393597,17.243977185740718,-0.07495168860810392,-0.5331824924261184,-0.8426576250627471,0.005176974857595842
11.718137302321871,3.1862477715857356,17.508249028013786,0.2716339432340047,0.06303388861734516,0.7928220631175833,0.541917803733094
12.934409826630691,4.749379641233496,16.34969517960917,0.21397581968011042,-0.46570016190882196,-0.845927876151316,-0.14745757403553394
1.5789744810407456,2.5020485743171132,13.39764987047967,-0.37931616458773965,-0.3519929746159735,-0.8530723280915327,-0.06699101542697614
0.10371810067393561,-1.4413449023327054,13.719369077139813,0.2708003680793933,-0.9137523435578203,-0.2997346283579195,0.04339317750288264
-12.142689505200664,0.32570908964906664,15.377455853792178,0.36482358566423145,0.5452759685022186,0.6514232721008287,0.3810847544608814
4.028041359382442,-0.4721319621546467,12.864783468068065,0.41885504727502787,0.6299222514608438,-0.18039754948227546,0.6286613799395705
5.02653051704066,1.5135146322954345,12.933500329494922,0.8827093446650601,-0.39903768539093004,0.04554118950801728,0.24396544537500264
-1.6974837750574299,-2.2834286278303155,12.2731969365828,0.3816073190642443,-0.308719631796349,0.529350387772667,0.6919943713246905
2.2400190387953334,1.4284081651276335,13.198439862675446,0.17600467987443214,0.09769056685362897,0.47536780284779007,0.8564486895464198
7.558530316359802,-2.0000594109267844,14.372470499164628,0.586906362699605,0.5275431276415291,0.3862554209452709,0.4775415371371424
-5.551706647386007,6.241116821717142,15.907744270722434,-0.11952001060746337,-0.7857959709042369,-0.5617980242992199,-0.22939624902895095
14.267147813804996,-9.419137364091403,17.74109318538924,0.7711844187773996,-0.4654621962604679,0.09020980931671016,0.42483140937363495
0.4725454969286993,-7.9153671656254865,17.926354304174694,0.5414748840656889,-0.2535295302108016,0.3803442625392626,0.7055961799716631
8.851817285718493,-0.6337543702680204,14.303490286338468,0.2777385795617875,-0.6187175116247644,-0.7036354702090175,0.21200718689609271
-4.28380088060689,-7.065252934360879,17.0232042964119,-0.36249475590405295,-0.7948097794242251,-0.2532090432654388,0.4156442552018214
-3.909773259117605,9.808274229013152,16.896771123391282,-0.46108691139602803,-0.6274493379210333,-0.6274493379210332,-0.0036765233829207933
-11.920091188132508,-6.409482446417096,14.140262986967974,0.35682256834292825,-0.5945270562296981,-0.6052520000033418,0.39100543554273137
5.319616903107068,-2.7768924286220367,12.830334206733431,0.02815617287222321,-0.926295362541869,-0.25352892679596317,0.2773215003210267
6.063344045300941,11.363332300911186,18.0069192983826,0.33747970704728,0.8537115869199595,-0.09313891378227176,0.38549852973694365
5.905210262233062,-4.421120955051899,12.080805409051985,0.6658128979366599,-0.363343653055266,-0.3209954971777812,0.5671300252298678
10.088114896737375,-0.07587379025404761,12.765470614759728,0.3822351888615473,0.13065200796303209,0.7778774753813531,0.4813864835093913
6.574280985729898,-7.522667181561604,12.494820286629249,0.9813587004854258,-0.15552249332344797,-0.06510826265287041,0.09224298990350883
13.899637507603362,-0.39120125445191967,17.1656396839599,0.3707532426206716,-0.023697628561929696,-0.36100116340922217,0.8553704551268917
4.989207882574881,-8.934283234174439,14.521362588610375,0.18142664164171085,-0.22351769196322008,-0.3679341995225255,0.8841655048144346
-8.501935168260705,3.3688780444811144,15.918612085810935,0.6987283439468575,-0.12495417920234697,-0.017706367930612033,0.7041673373565802
-5.746446842082927,7.686259778658236,13.43588785854818,0.13709712570620605,-0.766484304889127,-0.43495655485355383,0.4522377514888108
14.149564499053614,-9.638453884414337,16.250262058603894,-0.4558550488022917,-0.6662617168727821,-0.570561239727738,-0.1508355754838341
-0.2834535482476763,8.351951425622984,13.707774626014517,0.2231938197214468,0.01054387135769401,0.4551227462566412,0.8619377190115046
-7.574921395893907,5.542546777215561,14.326443863212516,0.472426421212859,-0.13321123661269504,0.7593427059652421,0.4271612083013978
-8.044388608739364,3.0015016111859065,13.13739714936024,-0.1254959761966168,-0.66648393658557,-0.6986312371296522,-0.22795683086617893
5.23550794955645,5.806381627859642,17.964789141017192,0.6362932184245735,0.135712869392537,0.006214320114640515,0.7593907686386863
-10.4243006647634,3.3987582938839616,17.55577430931713,0.41798310564207397,-0.5692165266801208,-0.5487503469258875,0.4473876684719241
9.672657318433428,3.338366411758262,12.084531693407286,0.06052198836405476,-0.7540415654575853,-0.14736061450156906,0.6372152350504934
11.375838742783248,-8.313077024047987,18.242112832114334,0.6480305011619559,-0.07676228606716386,-0.06589826106579487,0.7548651801414815
0.7947597545131355,-0.038062209566982474,12.063284320515441,0.3481107562406175,0.20492093152818833,0.8588566644830605,0.3149468893071295
2.1895755827184047,9.838044876758516,15.649221837558498,0.30441912780499336,-0.5171339599328744,-0.7991107187819915,0.03638023142203181
-3.475656407148829,-2.8993593129914643,13.345030024746555,-0.3573378586607609,-0.5295787619339867,-0.47935574214835797,-0.6017259028375003
9.661416880905204,7.709651193486787,16.703511851004748,0.6386281488180227,0.2929273225975251,0.264597095307061,0.6605573770447031
10.10467304770085,1.1299129867213438,16.011735452406892,0.37210839556658715,-0.4334543984393861,0.5346227204268181,0.622760927825308
7.958265241725659,8.243938829005435,16.528805001708605,0.48276407530353715,0.21879563936096863,-0.7280548613412627,0.43474525261387353
-10.493040347546952,-0.6976032196619428,17.25095303134376,0.15821569437179217,-0.018597199688944487,-0.9654477003911758,0.2062345170614556
12.819814610686986,0.8932045309948595,15.231909039819799,0.018796055585648994,-0.31251484064031587,-0.9265325558402164,-0.208611134990862
5.133714798780371,-8.505888568165254,17.551729773372696,0.010235029373752754,-0.10064926004433003,0.10064926004433003,0.989764970626247
5.9426717512402085,-1.5360818977418988,12.452997270057681,-0.3051628702556761,-0.7225269364377284,-0.5930283871598319,-0.18206532004156342
-10.617088620604271,-4.072392665939734,13.05974173663436,0.349599559184077,-0.02562538435682138,0.4008777713005793,0.8464162689669573
2.068918599991129,-3.6328967311716447,12.62952183370843,0.41602072296871406,-0.28961863438429714,0.4090810683731831,0.758749289407653
-14.182166321874721,-4.597095187669133,17.385683916744323,0.4640479320542896,0.5188045750834471,0.1306258759776777,0.7060015652629148
3.1636017350373766,1.094353074516519,15.238736979731698,0.7253242084446825,-0.22187883612109977,-0.2002622657162505,0.6201367588329493
6.179055446549768,-2.6883654962308157,17.24449260924247,0.4688760660735402,-0.4688760660735402,-0.32634737357758975,0.6736526264224103
4.359159318112043,5.282456060022778,14.49670045460341,0.4920224500400602,-0.6562587748827938,-0.44452608397007964,0.3600484546781683
-4.0566981846340155,11.154470136826966,17.606009187712058,-0.35478426769288834,-0.5044672520411723,-0.5044672520411723,-0.6042794938053725
3.024720736138269,-6.441783754671007,12.492318739055102,0.3476918192330066,-0.04096106404503737,-0.2177190857828355,0.9110603655941947
-6.28803045094535,-3.625268013602845,12.174494220722393,0.4836831404804813,0.35517482667602923,0.7200022801025123,0.34856588868931887
-3.197914250720017,1.5863110918587946,12.11145051818404,0.25670727231998586,0.4118487236529347,0.7420092348510668,0.46249789249164736
7.151718542441538,-4.120894531225247,13.757778619180769,0.14659376656294348,0.9569135675060629,0.2477620885503754,0.03795575588583233
-1.2874029636334434,-11.551199109455775,18.15723499580229,0.610825934494701,-0.7115270473390809,0.2262250848079997,0.263520681649881
-3.367960547151359,4.040418238653466,14.109344584532263,0.3072497454590262,0.060136604837522006,0.43418939786685723,0.8446660579507118
15.678792405735962,-1.0654529757305244,17.944456649634628,-0.32534381207793195,-0.6153454918287596,-0.7074215260089778,0.1227033584208278
12.517096438988187,-5.5115857258583985,14.18704833861356,0.666261716872782,-0.06269736808534421,0.4558550488022917,0.5868224085243878
3.0720544087895636,-3.380849795362505,13.943956986294852,-0.12458750038945643,-0.7023341910669463,-0.6951224968267687,-0.08949498986180426
0.8351217443074397,7.540229177986948,16.944023684147048,0.6091579055039482,-0.3203604452566899,-0.09636249865167298,0.7190341439254359
-3.972024028942222,4.325453534687684,14.926658543718817,0.3661078166343453,0.6945800132925404,0.394799179905641,0.4771344457064486
-6.769656505778276,3.486841613220408,12.432866248364968,0.20985987770771197,0.8103312294687725,0.2802253408558254,0.4698892301578836
15.323235927051641,-2.418710058975785,17.730929849085353,0.42166954240571547,0.33480759080744965,-0.4501289666698777,0.7123781211616299
-1.3169346348477067,-8.78798251740922,14.785836243220661,0.2002622657162508,-0.1580022522729252,-0.7253242084446825,0.6394021472054754
-5.091166904966439,-4.5735679820457324,15.146934323459945,0.19834366599665004,-0.35909746815409427,-0.4779535511486069,0.7767040629923117
-8.624702106143072,1.9834822644036993,13.19306281688976,0.5225745088795578,-0.5017191159980102,0.3908348265799272,0.5678397217910194
9.1971716248434,-7.433575090025278,17.698723021077985,0.06687507299492831,-0.7735573295327993,-0.6131468129574357,0.14556018788853925
5.73815008223559,-5.514721549031181,13.014107875209344,0.28195317544995147,0.2082760642964637,0.8555015317147847,0.3811044700977954
4.558786780040357,4.9174259952172115,17.267969486407395,0.6439157236507348,0.5527835169523125,0.3445526006773766,0.4013557394477361
-9.315308697274062,-1.3884122603191962,17.793591153051086,0.40381799199684243,0.01023308987711663,0.5980940748701775,0.6921775717374783
9.466071768803738,-6.085578904247809,13.109308742417102,0.5300765765232112,-0.3493498513787401,-0.6491306847656395,0.4190499474511078
10.957885076231275,8.170332822741736,17.353402970671947,-0.3236127337091605,-0.6195236982402661,-0.5771755423627815,-0.42229560641595265
-3.9190385055858687,-8.984117043323439,17.571720100432756,0.16865176742364665,-0.36705621930935245,-0.8848372987490607,-0.23214062107625794
-1.5373236849060046,7.292719347067894,13.28681473055081,0.5660475072384161,0.4162241563581627,0.264597095307061,0.6605573770447031
8.932345979848435,4.1975657860301485,13.181171387962872,-0.03867159066258369,-0.48052899058685705,-0.8422380272508805,0.24131204431968706
4.351666538329631,-6.769591868831434,13.799326803842684,-0.7298677118123449,-0.5181612397878715,-0.4455805982082653,-0.016123998749447477
-6.617674166358842,-5.787815540401181,16.695977802865457,0.04527304265379278,-0.6545017051863252,-0.34760158761720816,-0.6698888010730265
8.75093875723949,3.8497278614191224,14.662314825119328,0.4542647416721926,-0.10442276947212376,0.2372885093787187,0.8523107373523422
9.50946857635568,6.583411193116596,16.85123770845851,-0.4663777164162143,-0.7639959245932467,-0.4158283647445852,0.160900043222965
4.594051238575158,0.7687635907711385,15.788427041482842,0.6290226217379232,-0.3288850663633115,-0.3572152936537756,0.6070933935112428
-5.712494783547859,0.6350528679913161,17.05054761550638,0.4198659115393285,0.7344400894755435,0.4346592560886441,0.30883928246722503
-10.393037709051537,4.952656511338191,16.97425106029103,0.5284237325335487,-0.4791280831784617,-0.6216567756744121,0.32364717218467864
-9.924484492504199,-6.609088881643192,12.867164257001438,0.6144232705735648,0.4241845973973376,-0.1655044475694639,0.6443289142536359
14.459411544391667,-2.6936734967498204,18.137248372218192,0.7592539456062707,0.27430265578392976,0.003007849790483408,0.5901546000420828
-9.613894084217002,10.948790501040852,18.08179557892098,0.5239675649465416,-0.34041062583261195,-0.34041062583261195,0.7026373193365776
-1.3129732578065898,2.183589344793976,16.154346625119103,0.5463708298263675,-0.3864124113559797,-0.728123690206822,0.148324834146218
1.442689829666449,-1.454199731840271,18.13859722707706,0.18242135721049457,0.2227066082347714,-0.10738523237234353,0.951626306356851
7.389138085486238,5.6315158634136,15.545619726390685,0.6299222514608438,-0.38670774673094577,-0.418855047275028,0.5274613967912818
-4.525981652215913,-1.383844942729862,14.985113897792449,0.5217893002164349,0.32877805760724643,0.5779530583861586,0.5344260260482588
-4.916156199289441,9.694089319172921,17.985157452660076,0.09313891378227176,-0.8675855956602267,-0.33747970704728,0.35316826623244363
-0.6550289831836942,-6.676785486218653,12.192193078061567,0.9177783358589111,0.3938497022012274,0.01997379628816951,0.04654444935640726
11.062294313807449,-11.072256618842113,18.387174905434332,-0.5613768023501068,-0.6222603222655652,-0.4671188709326165,-0.2818654599906872
14.597303258059906,7.854416085480141,16.888773918994453,0.07096359475358918,0.6085071163366123,-0.009037859620773345,0.7903173885729867
12.77457915999154,-8.644000214875113,15.629484258832681,0.40515990047156003,-0.4650448845840722,-0.5517536670345029,0.5613791956298716
-4.616393591844894,6.469534346996079,13.383311909812635,0.023137720707453433,-0.06769165803361799,-0.44156756394667596,0.8943716072099572
3.968977394155198,-0.35857655488092277,13.377279626488342,0.3943558551133186,0.0,0.0,0.9189578116202305
-15.55383077617198,-4.041498252919701,17.811669194431992,0.3938497022012274,-0.01997379628816951,0.9177783358589111,0.04654444935640726
-6.418389362544828,-1.400352484377314,13.089118463072925,0.45337801449878873,0.2904302012946832,-0.5198895996484361,0.6631843471633317
-9.150510982992815,5.606870413730901,16.297515635026517,0.8668767741082194,-0.1079337391090087,-0.02961962608820532,0.48579588740958957
-3.401006906176894,-0.13076004912254469,16.105434879197354,0.9663504542451213,0.18295022400742433,-0.06762884814499617,0.16769720932222398
-8.228122363708973,0.20525512423708925,12.901088494206702,0.45543523017825116,0.24567978754679398,0.023697628561929696,0.8553704551268917
-6.062848088093607,4.0757838131956685,12.80340075189758,0.30719554965835116,-0.48531736761857,-0.5757315982891474,-0.5819201609235659
11.351944795195806,4.168064717473168,12.915659397853672,-0.2645970953070612,-0.6386281488180227,-0.5660475072384159,0.4491466177558364
-5.0412660881298805,7.816982191059999,15.765325264722126,0.6891746858065037,0.029581620932293634,-0.680768032419765,0.24641036135245337
9.36043365587788,-5.832523179464596,15.635818263150297,-0.773195866624179,-0.3361971717714381,-0.4282732059516564,-0.3251486961254195
-3.7363845889165272,-3.7342452074964854,17.877157468984194,0.6781031255348553,-0.39579348075239107,-0.011235163906243184,0.619190958288125
-9.491718558530147,1.5182166742914642,18.0252320513098,0.40417060637656305,-0.35573507951302097,-0.6427454566313583,0.5449559175977561
4.147582113621436,9.111339667872404,17.85904198915449,-0.5565923492771279,-0.4573650999683774,-0.5594334516501982,-0.40994674682430315
2.483819487738968,-9.163339272655811,15.042341705362006,0.4710626337956439,-0.24296641588615778,-0.42558958008676245,0.7334444935470706
5.3737321012337045,6.186983422354475,15.195555068057736,0.6487129758202492,0.23453847201666445,-0.5757813289264548,0.4389066431557062
-5.1273453118124905,0.15785590372983727,14.841944374777238,0.5318887980056242,-0.277836002788589,0.004140756060527995,0.7999276943885858
-8.150149821162156,5.323872679326785,12.107821141351582,0.21902338597445936,-0.7581487891537978,0.04422002692604676,0.6126040802341859
12.249336228817777,3.994661742216424,15.295648793927242,0.3289074831692807,-0.8488256943806561,-0.33027327749302016,0.24946817482088665
-3.9229373921932638,-8.623539957544063,16.879777116218957,-0.2013806705295354,-0.40918046388366425,-0.6597595360360846,0.5972725743933619
4.404753757523929,2.984527403977223,13.986048622850472,-0.5174151602023471,-0.2493664071900918,-0.29958942697572033,-0.7618032043790866
6.089909619962091,3.6222759409237213,15.707401736412116,0.48347931130246874,-0.7986619467681877,0.08473318454043681,0.3481481549061765
2.4426573060976615,-3.598697941060945,16.452062130289463,-0.28202065444391666,-0.9067569558332126,-0.29791870022322586,0.09747113199514128
7.767237370677755,-6.763073624059974,16.258873558245657,0.6880534016829791,-0.19994576806426168,-0.22328175274904255,0.6608702332190406
2.1169556824903424,-3.648485735196072,15.581263863772248,0.3538170287498012,-0.9017873206515123,-0.24134569407884535,-0.057839384751471754
2.5584068313196795,-11.589112231485622,17.61243630141061,0.47847706788951716,0.05884979373497087,-0.6503016852207166,0.5871150785666279
-10.666288667496705,-3.93361641551045,17.75566985989372,0.4765243984653085,-0.6229719487489365,-0.5442395817518967,-0.2977141689502685
-2.3202976299857685,0.24579290120597364,14.74742641786853,-0.026536549825563912,-0.06643286995329768,-0.9176120301268227,0.3909867612588116
0.13095128617079332,-7.726828080498374,15.476626578221698,0.395124809934722,0.35328326988566017,-0.5645190274982625,0.6327602890395083
13.583844835844541,-5.9246012579236575,18.37306359377122,0.6817568081220262,-0.6032353160291767,-0.3486449569887275,0.22307286262738057
8.967407142498931,-5.89423550083891,13.472285258799124,0.2619729800879087,-0.2322446288574174,-0.6991556949602268,0.6233890472854198
9.649890491134299,-2.829824296387743,15.334878414830516,0.5921500654194862,-0.4547601874781428,-0.3508026065278307,0.5652335828326398
9.269881307774611,5.995709163811867,12.834851197656489,-0.45854315718731553,-0.6132567361644663,-0.5772907790211477,-0.2835307831660461
13.431109057767209,-9.572193806701579,16.772256875762935,0.6507222546224345,-0.6185576275602191,0.31919450458686127,0.30341700177761427
8.204042269902951,-0.05411687284543376,14.76563470477333,-0.2552714879503779,-0.3130657346762741,-0.18126026802810585,-0.89664431545936
2.990740379746022,5.400030700271342,14.63359853569928,0.32428826527042703,0.7392872391004081,0.4298121064637793,0.40441692873612684
0.009869207016970805,4.423593642416515,13.872309604091404,0.47342525035111555,-0.5240094113448324,-0.5006734266600514,0.5006084188150541
-5.417530459909362,2.7190409446468635,14.496841067440005,-0.1870263965146675,-0.3580430334408612,-0.35804303344086086,-0.8418025299413586
-10.90365593310501,-3.5246002611086302,16.46131274773698,0.8943084012370967,-0.4329718563887655,0.0007429935088129336,0.11290395481408033
10.628971442661467,4.932087869235026,18.396637468572656,-0.48629257527513253,-0.8378104754378825,-0.2311295244818664,0.09040067141130588
-4.863894080909505,-8.037467083288265,13.555176211697681,-0.02117407793874232,-0.6557238663541105,-0.27804663035994953,-0.7016180876107301
-10.00554680746113,-0.26442541363059924,13.905433298680425,0.7584317937036149,-0.17628109886709004,0.03545159204562409,0.626457798341723
-12.312082151185285,-1.0687732410892625,14.475204806760225,0.7540588812969834,0.21879563936096869,0.4410444842229253,0.43474525261387353
6.206105048176395,2.50533846094746,13.68961045164669,0.04052109418988469,-0.1971779275566593,0.1971779275566593,0.9594789058101153
7.364234104458802,2.9880550214916575,17.26736626107449,0.421707934951126,-0.6957394880528383,-0.5792738655710123,0.05050515844592546
1.5977364733950736,-0.8044038212233175,18.417740984787756,-0.5260980993201964,-0.39197311180056216,-0.4135896822054113,-0.6312855489319293
-12.116731356811844,-6.540183448509431,14.553605339136036,0.3301291971071958,-0.314638744760295,-0.7435763113858097,0.48899022756993515
-3.8873242769417438,4.639238490319752,16.091736868866967,0.6790477291575325,-0.5819641312732291,-0.4020634422887575,-0.1963591602454765
13.305807563375945,2.8372084775072217,15.076943279951958,0.577582709163887,-0.5221992202150211,-0.2730242194361088,0.564945983332063
9.786322879388331,-2.368824482354195,12.34205250058957,-0.07495168860810411,-0.8426576250627471,-0.5331824924261184,0.005176974857595995
1.5814858441493023,-5.8984211267549,14.318831776750196,-0.9382907580699621,-0.21871167800029756,-0.14613103642069164,-0.22454704500706452
12.330995192182147,-11.122090526232405,18.29879665790599,0.8793790613463954,-0.32568624136111113,0.32568624136111113,0.12062093865360458
-4.736704549640187,5.4816296815453,13.75015149092301,0.42648426080660856,0.03931169250970959,0.8165442592252187,0.38706748616049014
3.1204560809416986,-2.4732913759719564,12.258101824923617,0.39761171982556515,-0.07126434624797523,0.4465167331917332,0.7984041083254695
5.108693189910024,4.148111103443998,13.925701142665277,0.4439269906039103,-0.4281940175216058,-0.5886045340969696,0.5226121054975209
-3.5992479056702633,-3.8459411757075266,13.017192907656508,0.8391874852608054,-0.24267137883971857,-0.16435726581891535,0.4581065985621755
-0.22832575171750946,8.356431933030944,15.862233233388805,0.13292135448832004,0.2177190857828355,-0.32388165037595107,0.9110603655941947
-9.877713778957842,2.5632191014147097,14.362427162476505,0.6907708692908675,0.6177794710708039,-0.026327579585057992,0.374821277165278
8.480273672528547,-5.164717426979072,12.204749530766376,0.5469979169264545,-0.576674622038338,-0.3300564939550675,0.5092174093382393
1.2011466207844634,-5.659108071169553,17.338039751272376,0.5062514318555499,-0.24797204579500884,-0.02572320093305233,0.8255650605386599
-3.309529689422453,8.169894925097164,13.790158131396572,0.6780797981045689,-0.5830916359930686,0.2549783835759474,0.3676927458441228
-6.297985885145907,3.4523074566433074,17.29422254632628,0.15272746284992425,0.045303243517918694,-0.8058759166556064,0.5702507739342995
10.076548479867158,6.585981624052309,13.118670549006872,0.5517536670345032,-0.27566135119366325,-0.4051599004715597,0.6748512172486159
-11.171886266505686,-9.68954527325679,16.320275023480747,-0.2504337626788982,-0.3249217320927621,-0.8922436882645189,0.18870611881032656
9.845507392003348,-0.09508185931171731,17.27192092462944,0.31997170128046165,-0.30518089394492703,-0.5664849098709912,0.695397425390055
12.793350190988864,-2.6567368096868034,18.09085455170591,-0.0980993695579406,-0.772444383247497,-0.5751496119559597,-0.250816890078474
-9.602218057564096,-0.18095557524228667,13.162495310212083,0.16854792080294462,0.4550929500986837,0.8199204035251667,0.30366517259410714
-11.17586731133882,8.013345780469882,17.87905795202437,0.6122656634422503,-0.1824137267132415,0.18241372671324146,0.7473829152334128
5.880965659854777,-8.934333302440127,17.784286517563572,0.5921732473740136,-0.5930283871598319,-0.5142960201627922,-0.1820653200415635
-1.3125102854130564,-9.932845758456885,17.678114171376613,0.5544633765178737,0.7026864957184611,-0.006464983237226413,0.44582536584076293
6.8380537281863525,-4.2054384028596,16.974677983190954,0.23761433472538124,-0.6789604029965891,-0.6467957759343738,0.2533918375346283
-9.692402899004852,7.519091525276368,15.096960992285513,0.08377397156472566,-0.7324673318547574,-0.6577776617987801,-0.15427921795360205
0.734608322526487,6.052856734698496,15.535602121772232,-0.01277331400138515,-0.7656255572431129,-0.46593713391417335,-0.44334742108806807
1.4409764673983911,-0.6229754885914325,14.601506088111861,-0.004140756060527967,-0.5318887980056242,-0.5318887980056243,-0.6589168894872188
2.4613638179653172,-5.734625505285017,18.47276627136084,0.2675794504344732,0.5557180286198415,-0.10619332664127322,0.7799369767801259
-4.538919470334054,3.7570635575189275,12.861960462409629,0.34785294623801555,0.043299421458814186,0.8125565302761142,0.4656988007290832
-10.191884200592062,-4.766152594370249,14.706664701133539,0.6068690207158984,0.7673535429197449,-0.08382561725378035,0.18934570963152303
-0.1380870282158586,6.359749155809956,13.828336382637984,-0.1337705613924288,-0.9743764271516799,-0.16405662620856096,0.07603577127211486
-5.663662180289311,3.0467261369278322,13.038634090396817,-0.5145940599493155,-0.5279388449536891,-0.581425980608773,-0.34411823335442715
-1.1505156679580022,2.4776143302548466,13.04417783422229,-0.6358790362294497,-0.3448624014909567,-0.34123795852613087,-0.6002369790197163
-7.383416056881078,-3.397589082512292,13.995232643477335,-0.06622280693633223,-0.24634168675763474,-0.43718623890832975,0.8624375372837537
14.60377982126473,-7.00410921792995,17.30367237961566,0.15696826651764637,-0.4650730268746171,-0.4650730268746171,-0.7367327348868165
-8.052309754112718,3.6295514384906937,15.460143073271052,-0.2162770816177672,-0.868574793055609,-0.34859062730167173,0.27800472548633903
8.915923403781814,2.0901777147357556,17.505078715638337,0.006464983237226357,-0.5544633765178738,-0.8072587595564074,0.2021431750309453
3.7986728407305925,5.762179705915374,12.438219972985522,0.20625128851983035,-0.6915532510509115,-0.21697623229347393,0.6573703838511084
-15.637397637590519,-11.233515799576365,18.336470501796537,0.16405662620856087,0.9697367726765771,0.1337705613924289,0.12166121822764706
9.12674867526833,4.613943863698152,14.99175694008867,0.22503698131678104,0.8691440319726427,0.4263355014054412,0.11038590927985181
-2.9631295853449604,-1.273032725578906,13.615483533725442,0.20401626607086024,0.2031087100457753,-0.20310871004577527,0.9358798357618283
-7.432960734833428,5.693807396233556,14.869342431211445,-0.6277763160828077,-0.46064162695502286,-0.5975734291910819,-0.19134310859432374
-5.663206602618745,9.345808611513068,14.712116982019216,0.7888452617942876,-0.6041318547243542,-0.021999614628192783,0.11074236771996995
0.36725067702338876,2.803240916501677,13.211018225855282,0.5225745088795579,-0.3908348265799272,0.5017191159980102,0.5678397217910194
-8.689268406731708,-8.396825164713741,13.930882608519134,-0.025111509892814035,-0.14010695616508678,-0.5738218060626644,-0.8065159563158307
-2.7344567421378567,6.952788855682636,14.71336143914889,0.6726462192819538,-0.19077280942729163,-0.4777831865456289,0.5318609080607607
7.441740008701174,-3.0884532253574584,13.143114415709116,0.5002986697376315,-0.30020293719334695,-0.8071214701292775,-0.09019074240518211
-11.033447659504542,-2.4295177192754336,14.073755214714218,0.23004946995215161,-0.11021310343084162,-0.25462961099014697,0.9327883331248757
-1.2663248378109841,5.3212562401073455,12.662881792469012,0.997434661695948,-0.050584160993716376,0.050584160993716376,0.002565338304052455
-7.83003295467501,7.751684817922186,14.614790086012214,0.8732243985327465,0.48467908094229845,0.024580141037995485,0.044284929384664315
2.364032427157696,0.32692653759471746,13.834846448661505,-0.002495367159853462,-0.944221945773167,-0.15928538829583952,0.2882132115960615
-3.9190185003904663,-3.3519792164422455,17.294009027752292,0.18142664164171063,-0.36793419952252554,-0.22351769196322052,0.8841655048144346
-1.1427095543191363,-5.063871166742637,16.635404206139427,0.5190198246707309,-0.7026688089883373,-0.37250829779020483,0.31322920449906944
-3.675850403395943,3.16509094653785,15.919903247357835,0.39349190812916945,0.09131158210030232,0.7251853748503666,0.5576132040351434
2.7567765381172595,2.5351934249674493,14.512045281259965,0.19985576323687793,-0.850401497780507,-0.4658431809343589,0.14094359599014766
-5.801102714061905,-1.3225457332311956,13.318714211800318,0.6857068259612676,0.07511969571023994,0.06790800147006232,0.7207993364889199
-5.271721493570743,7.886453793526627,17.39524044991255,-0.33022081328633346,-0.38458602391994073,-0.5010516464017667,-0.701423589791534
8.120610577761106,-1.0099612684763954,17.558515003132854,0.27447791708290575,-0.5148615692344749,0.04919495162013973,0.8106536216500457
-5.6635504958212906,-8.224587017018486,16.717217584840185,-0.3019278789630965,-0.5377719227415991,-0.5630129361112741,-0.5501430257551315
-2.9968145080073025,-1.145887539462807,13.518426160741022,0.826788269756134,-0.45605094751637765,-0.2600351193653432,0.20204065669989216
1.495121201915957,10.044903438798654,18.246768371194577,0.744049914030019,-0.14736061450156887,-0.13649658950019983,0.6372152350504933
14.026004855769614,-8.5604880763196,18.119956562819766,0.6475835613994391,-0.5112389271810397,0.13598654023728135,0.5484322667515953
-0.14509698880971378,-3.8116906745012136,16.34081891206197,0.38980827129284146,-0.05971643068572678,0.9083606881804773,0.13915573903412118
6.644736244690101,2.8651091527521544,15.828673795565814,0.2857990568792368,-0.568530189765265,-0.622017325420349,0.45627488347412515
-12.533464173186715,0.2950004314134773,14.406260713328798,0.643819114667043,0.3631003605844655,-0.09372294447574098,0.6669865706381
1.0097684366468425,-1.2006605112452036,14.27875397698971,0.8499042275458847,-0.09440206695542838,0.09440206695542838,0.5097443511297789
2.0200169140447706,-2.928692499426682,13.389530509047592,-0.26304934139383096,-0.6592722423453925,-0.6664839365855701,-0.2279568308661788
6.921106983903938,-3.898492778856552,12.534517204468461,0.6580185496578558,-0.5640998977272219,0.06977389502284237,0.4938972537518821
-9.990487603685839,-6.726158067372609,13.27032268355711,-0.5150684993051252,-0.7055703186429337,-0.33169441272987565,0.3561653871973788
-7.361216925367907,-0.688474223919485,17.773657230459968,0.5052773485670292,-0.5034780652819222,-0.291745374369208,0.6372513439289212
-7.052473227898255,-8.304213629011977,14.07107179015539,0.4359405998274424,-0.22558313421433582,0.6578119970942888,0.5712717562237346
16.461540706082484,2.265417623450194,18.099286941850906,0.651210097123091,0.23191150189803558,-0.4772399770576521,0.54257208644598
-11.278460188830117,-4.718306958038543,16.91522832643521,-0.19118006324365613,-0.6611764909168908,-0.6611764909168909,-0.29856570321422526
-0.6912813608726385,-10.2434348274926,16.542107456885326,-0.8523949981526565,-0.16054728544017832,-0.49063912604729293,-0.08319004900630034
8.978368362905412,7.3102201424240345,12.653641254927116,0.4932380906817917,-0.4955435268789902,-0.5291393111258925,0.48079557848437837
5.812388190101247,5.775746931446239,14.371069835619338,0.7111418326297172,0.08759616212125865,0.05543153505904336,0.6953643298204703
-0.08641350692807315,7.230279565855215,16.087566013076,0.6487129758202492,0.5757813289264548,-0.2345384720166645,0.4389066431557062
-4.749736079671417,-5.5461494096480894,13.772796346624444,0.2262250848079997,0.610825934494701,0.7115270473390809,0.263520681649881
-9.316600794812457,11.819849277038996,18.045810817844664,0.5712682150947922,0.0,0.0,0.8207634412072764
2.7520228051657565,7.712721280818034,15.703683171372667,0.21697623229347393,-0.20625128851983035,0.6915532510509115,0.6573703838511084
-6.782656428519423,-7.853461635343181,14.988082817811827,0.36705621930935234,0.16865176742364624,0.8225875003785184,0.4002200862428403
8.874066872833783,-8.089584289747902,13.837679555851947,0.29958942697572005,0.0909120045449466,0.5174151602023472,0.7964061367586005
6.717149164455973,6.2008580749448186,13.73448017681119,0.29751413874481525,-0.526024134259271,-0.34564166955664744,0.7178549879257008
-14.865011539834223,-3.3363557115385465,17.665540760556073,-0.2778360027885887,-0.4535746849848214,-0.5318887980056244,-0.6589168894872186
-0.7397648581729275,1.7445422405196123,14.102129085777507,0.49737494055109016,-0.20620255664451295,-0.20620255664451315,0.8170551877188785
-6.675408195557209,8.987945261346821,15.198652770287849,0.2613215467752651,0.9481640333165471,0.12077596660320195,0.13457035708856174
13.454781083085065,-6.774731821116243,15.315457704468624,0.3816073190642443,-0.529350387772667,0.3087196317963489,0.6919943713246905
-8.12575458441031,-5.576973153958912,15.064986617688659,0.6913782820597563,-0.261421107340865,-0.1607199944964852,0.6540826852178749
10.41192849859575,-11.086051804374275,17.595736575744382,-0.005575508151337422,-0.1592073349147992,-0.35005188706549456,0.9230848360687482
3.615405175051965,2.252997370554475,13.9256146916112,-0.6351494412244844,-0.3376877081217219,-0.34841265189536547,-0.6009665740246812
-3.166527932498692,-6.979072013721417,15.001636008462265,0.634887671068913,-0.4686987040986762,-0.5591129347692534,-0.25422803951300416
2.3757823572639722,-8.82217239159726,17.97367677471073,-0.680838400992574,-0.10613396990318183,-0.7236789458605668,0.03851539282682351
-8.207827657859031,3.1689020417210525,14.360468028194916,0.6345822353895064,-0.46236534774384863,-0.07382003015340083,0.6148774470428378
5.454109982433939,1.7584540784667144,13.648060550858908,0.7130083685812227,0.1579968991193702,-0.15799689911937015,0.6645998992404906
6.625816556625821,1.927266789576512,17.121306497035206,0.7849923611329224,-0.21372414603813022,-0.4357063050229944,0.3850571361842818
-9.568014240142883,7.935435264882546,15.874604009228094,0.06303388861734513,-0.8356904640886194,-0.2716339432340047,-0.47314181594979493
2.074661639469287,-2.39108850641653,17.30092257079938,0.3236728687030455,0.225282965462766,0.5249713887917054,0.7542469757897284
-13.53899558042036,11.077231590458123,17.301926401416193,0.7200956390726595,-0.12168082998866919,-0.020979717144289367,0.6828000422307781
-13.10572314459204,-7.791104134255878,17.282070957277817,0.28486406049349644,-0.8258192905021547,-0.4491940631216961,0.1873490329035557
-4.472231537053585,-5.1129660902744725,14.31759234916142,0.449194063121696,-0.28486406049349644,-0.8405360660706745,0.10284105371793115
-6.409421865914723,4.218668290464352,12.536575556454292,0.6505364508116747,-0.032991474854289486,0.7577842620834095,0.03843046826401208
1.590673404859725,-6.792328243280917,18.00887479174318,-0.19284333849052046,-0.6756210295622237,-0.6930073936864646,-0.16151911190012408
-11.039494037351405,8.641384220522733,16.96460305229779,0.5246299042446781,0.3163545573954493,-0.6304959433067822,0.4766110815550145
5.419135548265684,5.796267219273481,14.511787798987275,0.15918198556757834,-0.7745885111464821,0.12321602842425972,0.5995761371252125
-6.694830286293916,0.26022695196464163,13.62580281153431,0.6646903109478943,-0.054715956466699855,-0.22768205752513826,0.7094743373238004
-7.343798058472804,-1.4206244450119492,14.08243382773577,0.5452759685022187,-0.7425008216583928,-0.36482358566423145,-0.135168041169769
-2.0985926412678726,-2.561874060145226,13.133874265503373,0.42566748845739577,-0.7219134381303955,0.047343670686904454,0.5435133429484633
-4.577658276310749,7.4262719537026225,12.2131196058372,-0.6808384009925736,-0.723678945860567,-0.10613396990318219,0.038515392826823966
6.265493402249403,8.804030502979945,15.100100886550674,-0.44524037629511304,-0.6115575204589104,-0.5268755329013307,0.3875055861747986
-4.025280971269701,-1.4795113253342143,12.30900592429725,0.6581223393574329,-0.18831261369022928,-0.3649220064202634,0.6310667755428613
13.236594771709438,-3.322646098459556,16.253288629413188,0.5600440257051225,0.3524308405807969,0.4531319534251768,0.5973396225470038
-4.771756501224813,-5.178160603479755,15.415587882472582,0.661934181933804,-0.265779043535378,-0.291745374369208,0.6372513439289212
6.930374921121251,-1.3116557644211273,14.558735730138874,0.5416992473643162,-0.4416975656543123,-0.36386522835166074,0.6156844008878101
-1.7213361745107782,-0.9315374203185538,14.961448247753761,0.30045258307214856,-0.4389203625145387,-0.812973155543874,-0.23696372941953686
-3.6569018780468046,-1.5410392422819514,13.888672519752063,-0.05742503543119315,-0.6757606403704393,-0.7181087962479241,-0.15610790813798528
4.579689840425004,9.323162878723638,16.879159701727573,0.5715665073651791,0.537104532581082,0.3766940160057182,0.49288139247156826
8.517889818154146,-3.445358404049353,16.490007937991024,-0.2164713138437601,-0.6156103875676798,-0.7067425942661021,-0.2732744526141197
-5.933919202018513,-2.034228233567207,14.71462424079232,0.5822759700294826,0.4241845973973375,0.2566366542678862,0.6443289142536359
-11.423315933739117,12.079549725128928,18.492667468272266,0.6719847761193155,0.09157804557869409,0.192279158423074,0.7092803729611968
-10.45554807483308,-2.8735225016924186,16.67005534322214,-0.5520129436424712,-0.4691352669963214,-0.45174890287208047,-0.5206887170520748
-3.551288732516488,1.0711221360216818,16.724368352715313,-0.38625164655858296,-0.2152369233661394,-0.8327818993235244,0.33310214726081433
-15.172806731183465,-5.613565542102004,16.924780928790646,0.22497297856064447,-0.718108796247924,-0.6397946832271206,-0.15610790813798525
7.6687908786687995,4.873049968844594,15.05215674684447,0.2345239931792507,0.37485432406815916,-0.37485432406815916,0.814841682830515
1.8261531028950735,-9.114131317468186,15.740162815502602,0.4066310803184558,0.7731598787090351,-0.17369062199319613,0.4546499030081194
9.354987004350473,-1.5115954790493653,14.105116920656377,0.2687695707855549,-0.13183776854949572,0.8566305557786156,0.4201973482901316
12.114382560682671,4.340838283255563,16.1290318361218,0.29043020129468367,-0.45337801449878845,-0.6360011786993931,0.5528120610461104
-5.419575853256358,-8.663859963218927,13.85050378689047,-0.32717280293694806,-0.17600426566303054,-0.9275030684059757,0.04145495850074054
-13.656969696248519,2.9239386935646348,15.945353059933485,0.22796850492534565,-0.11445543916837686,-0.5817660733128578,0.7723202374332918
2.0797261599717736,-9.275261823290109,16.215348324708323,0.39832967453979445,0.6384563843459568,0.4709084412165053,0.4603826187639477
-1.186075373331965,-4.825476953374162,14.594944364133127,0.2207979894039458,-0.39903768539093004,-0.8558609904511364,0.24396544537500264
-2.0848841995633176,8.440468078090799,14.791159457251997,0.3609401229628275,-0.6972793958678344,-0.6189652828470312,-0.020140763735802314
-11.551415004798216,7.018601317730052,17.20061922031163,0.6945800132925404,-0.3661078166343453,-0.5195298536873622,0.3370643897853268
-12.523728462174429,6.0511553689082636,14.153805420025709,0.4691352669963212,-0.33138218766615307,0.5520129436424714,0.6044664233926137
-6.8489762704519555,7.283540103296696,12.26399535604546,-0.3328170901314269,-0.412511174058963,-0.603355726209658,0.5958432540886589
7.052843587739352,5.00960137303457,14.632212588859161,-0.5838072145854122,-0.6498416497304148,-0.36602525053820634,0.32078105062818024
4.0385332798914835,6.380214791821151,13.639138783671157,0.4487740925918102,-0.5499424145792426,-0.4721100772765911,0.5227592461153041
2.917685634700211,1.2144508693613343,15.05550735344989,0.4658431809343589,-0.8602973898095448,-0.19985576323687773,0.05418676743308575
-8.95951230521729,3.204282774217555,16.634003092588305,-0.7418685102508378,-0.54069135355424,-0.3498468014035451,0.186791833969248
0.6780356298851711,8.786725915205949,16.619283861308375,0.16809833308101052,-0.9113499981635861,-0.2641245307452649,0.26724962772885447
6.926955523956266,-11.236807536125346,17.423264521755282,0.03248728159088023,-0.9097415943334615,-0.4018864437266765,-0.09900552723545622
-5.99732764422893,6.037466431589053,14.876334473570822,0.7013426071152086,-0.27261461785926533,-0.28347864286063434,0.5945079281356829
1.6828653741824429,-5.4101854823483455,14.864768849729966,0.6068690207158983,0.08382561725378035,-0.7673535429197449,0.18934570963152303
2.4383657415937776,6.372345048641508,17.14406375688132,0.5831235235242603,-0.749473670516544,-0.01968549601630562,0.3128396630251711
0.8908629232217091,-8.061330104431988,16.488602431307342,0.5875677502640386,-0.4700684219083084,-0.44845185150345923,0.48238030065230547
0.7195771431997446,-4.496553759271532,14.848660969294134,0.5312074588930634,-0.37564035772029664,-0.30518089394492737,0.695397425390055
6.137269391959231,-5.485817127289073,14.58943666869331,0.7592539456062707,-0.0030078497904833523,-0.2743026557839297,0.5901546000420828
6.2042842351703555,-7.140162368643029,16.69423339507586,-0.6057541918628729,-0.4079286859718874,-0.590551850172492,-0.34337233211144613
5.582101468981149,-4.610056176250112,12.105615357350764,-0.04734367068690437,-0.4256674884573958,-0.80589520269989,-0.4087770644025487
7.7661537817294235,2.944992332408198,14.556499512929978,0.27124410936911536,0.34920466890047897,-0.4553672334935943,0.7727376107133989
-12.840565927703803,2.61621720137412,14.653019198915931,0.485301962531081,0.0,0.0,0.8743466161445821
4.342316353877292,3.390157876737124,15.274569822072213,-0.7361814924934783,-0.652181565972386,-0.1740069068265371,-0.04916921285257361
-7.979114722241945,-4.4594755516883335,12.301197665888335,0.43583290190795915,0.1489722700315163,-0.27897936932870454,0.842631269218691
5.9674441779465965,-3.4017702489845245,17.16784300786559,0.36026688479757646,-0.2796258182021567,-0.6902909410071387,0.561707744540257
6.4077494708097635,8.66188603978877,15.764977353830332,0.2716339432340047,-0.7928220631175833,-0.06303388861734514,0.5419178037330941
-10.784642358207083,3.293497474190554,13.16095156015683,0.10948596848945077,0.6433108126733142,0.750558623945049,0.10404697507972824
-5.726938404661235,-3.338879829684015,16.95950082318364,0.6948714030908394,0.25198939944726284,0.30410386127263606,0.600979132160052
-6.743840732992835,1.9228506606228137,17.48556664929016,0.054358769980091454,-0.7545109128697318,-0.653809800025352,0.01706317313821014
6.575958309613052,5.666979155965745,12.318486756290337,0.8459169578638032,0.010683122204888061,0.5212260981056442,0.11239984854068737
9.591489617044823,4.762563730916968,12.73210891470033,0.08882691729954657,-0.9742849926480532,-0.20502788383075313,-0.02901893719152098
4.310088221153007,5.391620054984454,15.537850880501004,0.6870603516044671,0.47814845286481283,-0.09344966089366064,0.5390633461430965
-1.9810509248199857,4.878691538824903,14.301035773780905,0.6486854877089141,0.29665215190657696,0.2608722659980094,0.6505000381538109
6.602131270797347,-6.170415652997878,14.863214770051576,0.11426915261718068,-0.743798121193676,-0.6142995719157796,0.2373667028312934
-6.627485744313246,-0.24622912670568908,18.10423506173059,-0.3019278789630965,-0.5630129361112741,-0.5377719227415991,-0.5501430257551314
4.269006610031408,2.220324130686743,16.182740121014405,-0.7318612121844948,-0.4062721204115657,-0.5251282034060784,-0.15350081518883335
12.334435757712086,1.06558467145158,16.109195260656872,-0.03453979464973875,-0.48084363914307127,-0.5534242807226775,0.6792039184131586
-10.536047789313242,8.098158207722362,15.589251481517755,0.688665130919562,-0.31302065581812144,-0.24307260490177715,0.6071854043313293
-9.665830059993185,0.8307164618413996,12.239655507476021,0.6719269981159444,0.4628205884027736,-0.3474992125403456,0.46212066545140107
-2.4187762696484434,6.681150459352958,15.5377012229009,0.6907708692908675,0.026327579585057964,-0.6177794710708039,0.374821277165278
4.667168560948641,-6.680901225121279,14.367411867457513,0.6459275452066289,-0.39906541747236196,-0.14989041669344969,0.6332908193748049
7.152144595046957,6.939247795461311,13.029655788812605,0.6814453669176054,-0.128128754674836,-0.15645898196530011,0.7033745951442857
-12.238291287970078,-5.335383207720806,17.55395056572697,0.5499424145792426,0.4721100772765911,0.4487740925918102,0.5227592461153041
6.651171591319022,2.836549359907078,12.967171523515962,0.7787338182137038,-0.25755642357432135,-0.15916652033404174,0.5494582312156806
12.553850186462967,-1.420843526810911,17.703262827411113,0.004888869242613281,-0.3714776486825691,-0.8725570021581286,0.3172140184033766
-5.193804458556256,-10.073730259943403,16.72856056284357,0.3018304557362951,-0.6498416497304148,-0.6194382324522395,0.32078105062818024
-4.507627989691273,-5.485575109969961,13.475107326980462,0.5311681184228301,0.7392872391004081,-0.08810082761293685,0.40441692873612684
8.54209202828641,0.19135003304547915,15.136163854991633,0.3654811360520731,0.32765148589615656,0.6578119970942888,0.5712717562237346
-7.650757539888855,-5.396154761930535,14.566235070072512,0.08810082761293733,-0.53116811842283,-0.8024629244162763,0.25720017317712524
0.2289082998476868,8.998330409387624,15.786381864751,0.5767456098996725,0.6066649579342148,0.01697591296741352,0.5468399662196013
-4.972564847549588,1.2329446862130204,12.726046813772124,0.3607565479391557,-0.6900351618847371,-0.6153454918287596,0.12270335842082794
-4.821338885907682,-1.4837189165277271,12.894796840218138,0.6369914835083998,0.20512797291657753,0.6503284107766795,0.3594959287691334
7.693816427987489,2.193625622146712,13.053313785951174,0.7489135087843377,0.12022471307801234,-0.6294839350583061,0.16859581913307314
6.89288897137153,-8.49255564373298,15.53667313318874,-0.7812326081496284,-0.4483927696522134,-0.3886582496504881,-0.19381512083933283
-11.997299578976152,6.565320374522713,17.39679777188548,0.44164282795402365,-0.021653640943508662,-0.11372967512372717,0.8896899984527833
2.4559732562267804,-3.881580608853297,17.10486102243879,0.7652898400682185,-0.4191790592885244,0.02602137857157752,0.4877942853289517
1.9614260828919967,3.0375999671351757,15.182945491056415,0.37662651773865286,0.6175958960471319,0.5821831601859079,0.37120148614700643
8.964944136503686,-1.9977164226298623,12.321516627118973,0.5622741566895348,-0.6214495921649223,0.1557829745505869,0.5228573820434166
-3.749941194615613,5.797012659851584,12.532448022338043,0.453574684984821,-0.277836002788589,0.277836002788589,0.7999276943885858
15.58068932751614,8.620825989289042,18.451691444088855,0.6951224968267689,-0.12458750038945615,-0.16000023625068027,0.6896974652351224
-11.130353379526182,0.10394393491761811,13.50163856152676,-0.5399884513186743,-0.1957409652693446,-0.22098197863901944,-0.7882035981107093
-9.642979822834317,-4.8143890668720495,16.950311160522837,0.13292135448832004,0.32388165037595107,-0.2177190857828355,0.9110603655941947
0.7220301888283469,-6.595050742627466,12.596460910478799,0.13218404876283757,-0.38091405115734966,0.05280079874022849,0.9135884951858539
-14.373726316523479,3.881094266494186,17.445169231880076,0.7764083774196303,-0.27914107747269706,-0.5373558794779719,0.17469673474468225
-0.005306202360261025,-2.5613299457790504,12.71972608779213,0.931708890993781,0.059428041497256334,-0.059428041497256334,0.3533484939981196
5.8017242446689075,5.005472583891507,12.65781065234483,-0.039366183498520085,-0.9775335143783662,-0.05973121699444335,0.19826929560626647
-8.11896125783645,2.5849849352308674,14.483917855977538,0.4777121173240915,-0.11279667540139061,-0.8712308981605964,0.004976451587964309
-7.765716462486412,3.2613947520155424,14.937211630529154,0.4282732059516564,-0.773195866624179,0.004036700091329948,0.4676899805977748
-14.383694007385627,-1.0685658904147193,18.0227304753232,0.5284237325335492,-0.6216567756744118,-0.47912808317846134,0.3236471721846792
-5.602972525504358,3.008004988609475,15.805118669558684,0.6077234852164362,-0.14523625171473786,-0.27473480099263436,0.7308210354305489
2.518047304611853,9.087180040112322,15.284023366622616,0.21778363111249352,-0.5568146574779786,-0.7907793377254787,0.13113262852392138
-5.389304389491794,6.247139433712952,14.40995832499742,0.2675794504344732,0.10619332664127325,-0.5557180286198414,0.779936976780126
0.8709937589143202,8.180466348365314,16.497947088180965,0.4080415057402387,-0.042347739832371195,-0.7514992187880589,0.5166795164173495
-8.423282045596421,1.8316619743426443,14.268809895083896,0.926008903904477,-0.2659546101552664,-0.2659546101552665,0.03230790250001367
6.181282544969273,6.3292340955508966,14.317711777531322,0.20512797291657786,-0.7281236902068221,-0.6369914835083998,0.14832483414621828
-10.9607547964801,-4.140452240669935,12.628477932743271,0.16326816223797466,0.6305787963824553,0.7345363773327673,0.1901846448248211
16.054585044615813,10.721179449790364,17.689194612491317,0.6585942530983311,0.06411254094433042,0.6519735259373914,0.3702346733576952
7.237864162432711,3.9969380521202194,16.216570717246952,0.7455169443509639,0.04065727213007991,0.10200327500287892,0.657378736952474
2.1650897328890277,-9.56415129592838,15.8626219248017,-0.3704162237641809,-0.5546159631063267,-0.7372391273069313,-0.10803436401275412
5.194920551809766,10.775061963519406,17.76021113045121,-0.13272645277211367,-0.5615223672251661,-0.8143177502636998,0.06295173902160528
-8.561893199211898,3.061206109435819,13.795577518438035,0.2279685049253456,0.5817660733128577,0.11445543916837685,0.7723202374332918
10.217245609799772,-0.30054888465530993,14.661341505639149,-0.23728850937871873,-0.45426474167219266,-0.40119164202106444,-0.7591989028988144
-2.3976381537862874,-6.118229584151865,17.251724229613956,-0.2689017333914436,-0.3004330123264043,-0.5550233713668531,-0.7275856788860893
3.5618284863335923,-5.6574095775472255,12.019482281507766,-0.3914602572066559,-0.5962836809964309,-0.6034953752366083,-0.3563677466790036
-6.1536875561589,10.938016523779227,17.34632864502208,0.8307514847305904,-0.4879306460872588,0.15981739367013756,0.21502105921810155
12.706789921149866,-4.183710445845426,15.703349935699988,-0.061280758713034705,-0.6885507998101689,-0.4056302134792553,0.5980021693983273
-11.497409735891368,-3.881497869096279,18.314969551298596,0.18072672514447113,-0.8794264279019512,0.08865069096425286,0.43137925740319166
-12.835633993528667,9.259712384934826,17.49474745946048,0.36084441931535643,0.08837901086889913,-0.08837901086889913,0.9242129656765441
-7.680609017238723,9.463589805642759,17.189341366697537,0.32634737357758975,-0.4688760660735402,0.4688760660735402,0.6736526264224103
-10.32522045976846,-5.442053349027322,16.644256586775185,0.632827719608914,-0.32912678178710464,-0.08759616212125876,0.6953643298204701
-10.738858709717853,-2.693034348131957,15.97390556937132,0.47652439846530836,-0.5442395817518966,-0.6229719487489367,-0.29771416895026864
9.110583638072455,-1.6119879951902236,14.319828192026366,-0.05133139963600894,-0.5042988030259887,-0.8119458756888767,-0.2894679595910162
3.416016906870791,3.259326203008083,15.362000310854155,0.7587308461814739,-0.10331096024696163,0.36767905777263654,0.5276992126401375
6.924474965212186,-6.592403971044703,15.92407918773117,0.7771260428098433,-0.5694729654337631,0.1372441025538103,0.23008631324133402
-4.565434968795962,-5.974491118954511,15.380579036383123,0.6159718416476276,-0.6194382324522394,-0.36602525053820606,0.32078105062818035
-2.866250320297354,-10.989602621596777,16.83577405265206,0.8594325418519542,-0.11716812597190081,-0.1565271207561603,0.47238395054225596
-2.3841433834197776,-1.9757208539495963,17.40435895176875,0.7133700321347508,-0.4494035866833882,-0.5024766863345165,0.19145963861465512
10.223880218380618,-9.83044690373996,15.461387191559842,0.31579567546875037,-0.6172988394798987,-0.651981042702755,0.30681583089572523
-2.8725093402994535,2.2927560733677232,15.15818836121633,0.6880867061755009,0.015519455775630464,0.2646944565545428,0.675449980343677
-10.191731006809054,2.3599381631742045,14.611395059108581,0.3749273931064,0.7551753679578462,0.3030396881882589,0.44419203157073095
8.103908379127422,8.321655320377255,16.505508771628335,0.748681835638556,-0.3350181785201678,-0.21393765564564332,0.5305365289428782
-11.972469344724649,-10.012359005302779,16.998418944716995,0.45683623781411203,0.5188045750834471,-0.15396186066245865,0.7060015652629148
-2.5676629854317685,0.9312447439684313,13.246629702249688,0.5568146574779786,-0.7734556366896715,-0.2177836311124931,0.2104616480742141
2.9250276320385797,2.2634531555877118,15.340268809799298,0.4967973299580014,-0.4200945794442707,-0.5967039721743047,0.46974176614342966
7.522702146821544,-6.5985498443976285,17.82144018956765,-0.16508025559906606,-0.5769289792520007,-0.5769289792520007,-0.5541249092125672
8.824555069993092,5.878716089414645,17.247659241702742,0.07270354832089757,-0.6652441877962161,-0.7430765250988677,-0.0012816052025963198
-15.201755607288105,-11.305349365268004,18.01809549231084,0.8550941425125114,-0.007934335927901756,0.1454877011251154,0.49757851900529776
1.2477256466757183,-7.343465473306953,16.929962919604804,-0.3278484713694564,-0.6085827101786406,-0.6085827101786403,0.3895761152380276
-12.029752037861996,9.166184587588434,14.898998677495271,-0.055431535059043635,-0.711141832629717,-0.6364521625737396,-0.29348472457737135
-12.135912004500412,-0.13491605988131639,17.195088470119217,0.699155694960227,-0.26197298008790865,-0.2941202806319908,0.5966948402906648
-2.8955192550205986,5.195478448906213,12.968312901890522,0.6360011786993932,0.2904302012946833,0.2670942166099024,0.6631843471633319
0.5238742462498891,3.331758058806038,18.36777084660606,0.3474992125403454,-0.5940946608132929,-0.6719269981159445,0.2735140590168515
-4.077646903532439,-2.625178521149852,12.229209663021118,0.18126026802810574,-0.255271487950378,0.255271487950378,0.9147773773512217
-15.087028086500448,-7.126873031444484,17.657148827180023,0.7577842620834095,0.6505364508116747,0.032991474854289486,0.03843046826401208
11.427792207557461,0.9311794716657911,12.971566884628462,0.5720690900610151,0.658875238003686,0.07523720061501837,0.4826590313937609
-3.4595168674342176,-6.2367645959246385,14.770870004435084,-0.3465082647571219,-0.2061556682981303,-0.311757265778587,-0.8603715883952809
-2.1734057140404133,-4.68850326930218,15.62479536459076,0.31306573467627363,-0.0029433140548970754,0.255271487950378,0.9147773773512217
-1.0601127028711659,4.757115375857458,12.363775408847799,-0.5766746220383382,-0.5469979169264546,-0.6067324369281799,0.010742865271957253
-1.9343733482149759,-5.882186425108467,14.702104481554908,0.06252594290475838,-0.5509645527361356,-0.7826664901029712,0.28277505788530366
-0.5999923965718459,3.2290570657914603,12.278215346863465,0.2726125895618063,-0.2523923939535576,-0.37124847694807045,0.8509729865574678
-13.822006204879568,6.126423394650914,15.881806700971497,0.0793832500226091,-0.3862833675917262,0.18498484750306607,0.9001466912298852
-10.738865140451379,-9.564833340861977,15.908677520194331,0.0830352600955706,0.0577942467258956,0.5683372226266514,0.8165523694186865
14.124716721354357,-10.006038247607872,17.332143834037137,0.8327752760689663,0.08463574476617386,-0.343315894594047,0.4259769087582344
3.0171916050799545,-4.791358326633067,13.05902911622086,0.38815287303286006,0.10911225537388858,0.4088006787028279,0.8187269801195429
10.36184928545024,2.909084695425406,12.04119294168578,0.675479015880489,-0.5539432575918319,-0.3316944127298754,0.3561653871973789
-0.3913170113650608,-5.3253022831775345,18.08783916924022,-0.6850108999182962,-0.5309963966947571,-0.43892036251453903,-0.2369637294195366
3.083609729130032,0.10106848398524093,17.80559283548557,-0.5613768023501067,-0.46711887093261645,-0.6222603222655653,-0.2818654599906871
1.391495194278292,-0.7529858817947144,16.989821803875152,-0.6985403554390032,-0.367154193660154,-0.31366705800507005,-0.5280645288441148
8.53280607953184,-6.1416426263852975,14.32230712810071,0.48091612622743996,-0.5787226122764726,-0.5363744563989878,0.38223325352064774
0.5406755640627043,1.1919740143046642,12.715509275691282,0.43359266227944787,-0.5410934938487202,-0.5768733797572877,0.43177811183455117
-1.2462416928543103,-4.987169552153711,16.074222211229962,0.4456853768074338,-0.3021024176582336,-0.3664535783146866,0.7588217505352806
-3.192635514661628,6.498100376397229,17.1939341512097,0.6753690926734582,0.22950370336093617,0.1937238174523685,0.6735545422285616
10.938081364896508,9.080954183063376,15.148095941300499,0.0,0.0,0.10116832198743218,0.994869323391895
-11.41417011109353,-6.488600274927988,15.971705909505529,0.772444383247497,-0.09809936955794049,-0.4296271195935137,0.45730375746489216
1.077279929039232,8.329700136529304,13.124984822068782,0.6803369995958142,-0.33707145838830305,-0.4581519812628274,0.4621916929001361
9.95225635077042,-0.7787292212891508,16.17435575503203,0.38176688002611986,-0.889622030632905,0.09884629369520644,0.2303391025215431
6.023291990254139,-2.6693525843586583,12.920263567716379,0.571566507365179,-0.3766940160057182,-0.5371045325810822,0.49288139247156837
-5.071070274036937,-1.675730587680408,12.856739687084824,0.5530316877688056,-0.14318982471242914,0.7945623074346516,0.20572643492398537
3.817748407499792,10.890602561470464,17.457047762079565,0.6000075136298567,-0.3987089935411962,-0.5150895550456036,0.464440386206891
-15.726767614174687,9.345419084618323,17.542671320850804,0.05851879246924155,-0.34517091542770695,-0.8988637354129912,0.263584095176748
-11.709296963460215,9.340988175849466,18.359745201572963,0.8535947677924866,0.4160766742827346,-0.0512339598617461,0.30924303528454045
1.4566372338027733,2.5415840766757345,17.74715766608852,0.04616581027764974,-0.5154110251614361,-0.5751455451631616,0.6335832975879452
-6.474269680966092,-5.865355587664454,13.055198369455988,0.09652866751232926,-0.2978271876009893,-0.030286064816131938,0.9492438764363625
-12.983368907736784,2.881153896229929,16.314031637452732,0.06510826265287076,-0.1453924892012776,-0.9813587004854261,0.10750367063378416
-5.075706002528652,1.9990227500923456,14.467879657719289,0.405636231070016,-0.7391343819057139,-0.5322545287533107,-0.07645083485326712
-12.787262600698408,2.998125174792195,16.871468235357153,0.19938928774812267,-0.43891629572174085,-0.6192987604243645,0.6197301369290085
-4.9230347423709855,0.7131377804330352,17.140026992992546,0.30233402532004594,-0.9464915647177021,-0.08132007415022784,0.07832560623586314
-3.4634683628299037,6.908503937408133,15.611515172187271,0.6238581505787933,-0.5221992202150211,-0.13764090336887314,0.564945983332063
-7.38253406180228,-0.2724422584134052,12.779292218465484,0.23283330880716765,-0.15345005878455856,0.15345005878455856,0.9479951525339869
10.828999282893356,-4.301405896658194,16.310793533947063,-0.455122746256641,-0.18383482493718756,-0.22319381972144703,-0.842171337566339
1.3019102543610188,-9.6742106952139,15.714994419396167,0.9495989914315948,-0.23533640519107207,-0.0023626165554716874,0.20705784193518037
-9.105469354233172,-0.9486367333561674,17.394777364868613,-0.6311314488510827,-0.5314158484004164,-0.46706468774396365,-0.3179950751232359
12.07579256846221,3.2700533358020802,14.353632164761343,0.6286027966061691,-0.16776640554879,-0.5967039721743047,0.46974176614342966
-2.106649545475438,-3.2912659388867915,15.56755894394325,-0.1631026799396262,-0.26723834515752537,-0.6412911381868601,-0.700518992431312
-6.524837518336273,8.748306588880391,15.718446835276355,0.29019078464136777,-0.6030132202898406,-0.7086148177702978,-0.22367253899679126
1.0160185947776128,2.9813543401849483,17.994380690371933,-0.3648940872501193,-0.5536622036613117,-0.4552723004210324,-0.5941696742481424
-0.9146149570787774,4.58308158482177,14.178382200176253,0.23365531707224046,-0.396923479310215,-0.3371889593084895,0.821072804382536
-12.532873301375263,2.635967445254007,14.865440667044027,-0.4462769712889689,-0.5473154444606132,-0.570651429145394,-0.4190938028250304
7.132903157732187,-5.516209705936797,16.961174463937954,0.004849935771962077,-0.6043116172135802,-0.6505870586284865,0.4599134990069862
9.018469850929627,4.684567729182628,16.238520347804478,0.5141536404848542,-0.058530683173236175,-0.46919580597821814,0.7155945002275349
2.299683075306799,-2.803968747669087,16.64474493346243,0.47874481077247943,0.597619492330051,0.4191790592885244,0.4877942853289517
9.010198124508648,-5.059303542473634,14.590074361799177,0.09304278559964216,-0.12931009948831473,-0.9396299004314344,0.30284911826418504
-8.627584005565065,1.8908199888771584,17.9977434060072,-0.010842409019382576,-0.5977915313297077,-0.46598606468154036,-0.6522152365283647
9.20033707041942,3.763596212303666,14.889984138351185,-0.2722995696578305,-0.22074749481997774,-0.15450489212378038,-0.9237162584932037
10.105516903235682,-9.064220550373133,16.724917935204328,-0.5221992202150211,-0.6238581505787933,-0.5775827091638871,-0.06713565697999688
-5.3745678403234,-3.700643615844972,14.04789179848653,-0.6106221861370351,-0.4397052742723686,-0.6544757390170552,0.07390077545174206
-6.65718319179208,-7.436641043399539,14.362647288252962,0.7629896348497369,0.06474927463894822,-0.06474927463894822,0.6398920846356243
9.083758138519263,3.0177709659899943,15.958561076242233,-0.7122315814442348,-0.3304580195118242,-0.4565257967465145,-0.4184589210887096
3.31481455390416,-3.8146763632951846,18.134680532219086,0.627578816963934,-0.25708929628883614,0.11953593109162242,0.725093844553875
10.632753605357145,8.524319334187737,17.506885147029863,0.10397038511667714,0.2807284068544751,0.8947461220543758,0.3313775756931879
6.881560328986893,8.999688273830944,17.609444281837135,0.6000075136298567,0.5150895550456036,0.3987089935411962,0.464440386206891
6.724050433042043,-1.3769014181045662,15.857039584756723,-0.4200945794442707,-0.4967973299580013,-0.7581013458840655,-0.04466885533467735
9.63640958118946,-3.4952656054917073,15.273251425485281,-0.8125770997477516,-0.5718134327851334,-0.11171449288083111,0.016362369400330645
2.996643006623108,4.634536032215795,13.117400595357065,0.6823505688556333,-0.19553144687554422,-0.22769607393775954,0.6665730660463863
5.230548380049289,-0.017135736270214252,16.002117729575538,-0.01291698292081947,-0.31281299346133956,-0.9006739784544,-0.3012765626614557
-13.869739372484307,-3.6131101456724535,17.367674594048275,0.07297877699648536,-0.9150902274738871,-0.3965378105862511,-0.006460531351908855
-2.880663210639554,-4.97267025371384,13.458889192338095,0.8039244443259993,-0.2634295285588335,-0.5309706513436909,-0.048790764598034095
-6.5209525174477685,-0.5937285732697077,12.811060760057476,0.042445556408601995,-0.8359881844051577,-0.3690771183023488,0.4038616236061132
8.981869680521907,-6.003338320552688,12.162606067959901,-0.19994576806426184,-0.6880534016829788,-0.46580455682102245,-0.5192593967473719
7.273400858330941,3.9813751826099413,12.20636630888706,0.2426509812655406,0.9371733080722915,0.2426509812655406,0.06282669192770897
7.893162699106005,7.075332092104675,13.510954607794755,-0.21186803541629795,-0.7061433325572034,-0.5436290076969723,-0.40117456480221986
1.4779833225067307,-7.447968054978277,17.643245145033205,0.6364521625737398,-0.05543153505904336,0.3291267817871045,0.6953643298204701
-4.900359062110505,9.46369106149973,14.99464261454413,0.7962389698366474,-0.3423457451512505,-0.47415121179941855,0.15486614232766532
7.714015413317867,4.856501522629367,16.56586838787966,0.22221665598643886,-0.9067705925289293,-0.023375461220304858,0.3575478123827313
-10.779833016821508,-5.64435546407369,16.74600329821723,0.5546824127812311,0.34002126945685274,-0.07064385334812914,0.7561232725239118
8.893210873400516,10.755397060266906,18.06710275248437,-0.6666078436937324,-0.17446870939949943,-0.7160694455582856,0.11153116741214228
-5.615296028193072,-6.904889534013664,15.723297409255446,0.08845617999073685,0.04909718520647715,0.48281203510405535,0.8698606264137534
6.1507945307931635,-5.447598046975093,13.411097248125648,-0.6833613858868084,-0.612970833391748,-0.3291544341995398,0.22122687932678403
-5.300176138179228,-3.8075107118918003,13.480114920769871,0.6753185474310442,-0.1369313964332462,-0.14765634020688978,0.7095014146308474
5.271187095690806,8.36754142425147,14.39465990740331,0.1570706929556665,0.14190819959610446,-0.026586823733676258,0.9769769706116789
1.614237912441638,-4.500508898859944,14.418092073959956,-0.012773314001384733,-0.46593713391417363,-0.7656255572431129,-0.4433474210880679
-2.5394044770121003,4.9554199624046,13.524617683691732,-0.23166025602128432,-0.9558438735820155,-0.17090731610468818,0.05904832273463038
13.48315311959907,-5.76067215560765,16.857032434113552,-0.0902098093167101,-0.6298967120811414,-0.7711844187773996,0.0191550162457525
6.975732859317937,6.278943357732228,12.586077917014306,0.41298055460827604,0.8419181212337906,0.31181223262084384,0.1529512021581043
-10.013290917134725,-6.177770978710523,17.062509444769937,0.3236728687030455,-0.5249713887917054,-0.225282965462766,0.7542469757897284
-12.762421849398642,-9.61935471486334,18.24135423422831,-0.261964316828842,-0.6558140190300691,-0.6699421599008932,-0.22904185543116803
-1.31493981110013,-3.5680685346506724,16.626583739502898,0.12729687519475705,-0.4483927696522135,-0.863235268407925,-0.19381512083933283
7.89797478666395,-2.626532023022529,15.602322831618395,0.16405662620856087,-0.13377056139242888,-0.9697367726765771,0.12166121822764706
-10.511424656748257,4.217816455296321,12.942658991453163,0.2787622089522931,0.007064070435412129,0.6675056970080792,0.6904186224535663
-8.275293421637976,-4.102111472925304,16.22411279129573,0.0438415559574758,-0.6510867046482368,-0.7572340082468472,0.027580387160825795
-0.9996513401555287,-1.064233771401156,14.94440031756531,0.6122358690642535,0.7825722877658807,-0.021999614628192783,0.11074236771996995
-0.64220719599642,-10.195582982066206,17.418328221566036,0.26534071601739406,-0.843115704707368,-0.33619717177143815,-0.3251486961254196
5.718089796692052,5.356181822376051,17.51604634758163,0.5331824924261184,-0.0749516886081044,-0.8264504913510493,0.16455473098842982
-14.938746397930142,8.64292357399029,16.91003423905224,-0.2910661200480805,-0.3569643811138756,-0.8870702697268223,-0.031036767597908826
-1.9276133695577329,-0.4431766659411327,14.243628607642432,0.5792738655710122,-0.3859280490425584,-0.4217079349511261,0.5810884160159089
-11.876239358502424,-8.918507492416484,17.970186239454275,0.43321380010001836,-0.8192323676102429,-0.17200690019192166,0.3340625054521743
-4.626199200608735,3.562473938061995,13.151800133901698,0.7280548613412626,-0.29395994139268056,-0.48276407530353715,0.3878949849251567
6.941965971619416,-5.532684656988366,13.236794909769174,0.2284116525301032,-0.6575156175786596,-0.6682405613523031,0.2625945197299063
8.464803235473024,-6.451322286201046,16.81813287748819,0.5296825206138697,-0.6713310462074293,-0.48252691229657263,0.18952264419776377
-3.6728069272712816,-5.615099013128247,13.266989422624192,0.1197454123490197,-0.6050473748801004,-0.7816567676101344,0.09268984853444792
0.08761083982845186,-0.8475668179833109,12.372232081413738,0.9150902274738871,0.3871201629078177,-0.07297877699648525,0.08615075832580527
-12.206269088746838,-3.314632322733676,17.149241757570323,0.0,0.0,0.3943558551133186,0.9189578116202305
-15.73445618361469,8.489639360734538,17.60469602393262,0.3973118866038056,0.4553672334935943,0.1940632175675301,0.7727376107133989
-0.16796443368215996,-3.753453924105954,14.93011801778218,-0.7652415929422298,-0.4083600962007871,-0.49304208375836667,0.06750436952768162
12.7900498136018,-7.174897484835588,18.070658987956442,-0.7983844979911843,-0.5743571869938457,-0.16813976690229576,-0.06652092830021618
5.636347543573075,0.2770758282528156,13.594639596572186,-0.03750957807754137,-0.528701915789511,-0.15482600987645342,0.8337243084249626
-0.3914770081849035,4.398131069444993,15.097986611711592,0.3694240796563172,0.6172306297279477,0.5825484265050914,0.37840392422934227
-9.326863380006618,5.438247375838822,17.078757660441333,0.5531268780606655,-0.5966084766441305,-0.557249481859871,0.16607828675096747
-1.844703078405809,5.592052406744864,18.45576430882023,0.06013660483752224,-0.30724974545902667,-0.4871504344434981,-0.8152702845654869
14.326199308834454,3.5785146003388473,18.232509710672677,0.20820076816732247,0.8973771738371538,0.30768812887035246,0.2381064118473935
-11.463103772654781,-3.9893657010787873,15.0854940448327,0.7099562362947717,-0.13868802119997936,-0.14589971544015695,0.6748637257671195
-8.494031340812173,5.617540088867418,17.67028118630181,0.2681758071058897,-0.7370558240349752,-0.430155706465858,-0.4469860366209295
-4.081270552527386,8.10901638153235,14.317594943201174,-0.775999390898384,-0.22283969938588427,-0.5710072592345453,-0.14872163125920457
-10.43474892409417,-2.8612480419128348,13.70379634951656,0.7783917746520739,-0.0200014167564804,0.16083092357794657,0.6064978173932639
5.870376192416199,0.3839391656338602,16.098238177770437,0.7313724378343726,0.10695457654271212,0.17690262745905638,0.6498927112461397
-11.348125992221098,-7.439911532707012,12.91912192016044,0.5450694299555282,-0.24570630698217036,-0.171016636926193,0.783122619473856
-9.038290251999456,-8.121670914856045,17.455209759234634,0.5293812628151132,-0.8049719394820457,-0.22283969938588438,-0.14872163125920457
5.737467603294828,9.265332768611914,18.007565418835373,0.6814453669176054,0.15645898196530011,0.12812875467483606,0.7033745951442857
-6.557134178400635,0.037357154348711674,13.668648615580079,0.2540069707007967,-0.023455183404269848,-0.9605897166758508,0.1104432407324509
-10.816166859915572,6.173517145251061,15.623159259874484,-0.26709421660990235,-0.46750615536961293,-0.6360011786993933,0.5528120610461101
-9.43466954825349,-1.47107874638486,12.567243162178906,0.164839806192881,-0.6713310462074293,-0.6972973770412593,0.18952264419776368
8.866742402591195,6.616623793774629,12.094406786865417,0.46249833255298356,-0.05792980835840958,0.3222979058840847,0.823931726268628
-14.438307147196305,2.4022386358598915,16.316591593839796,0.5714331644266331,0.33638321787295294,0.5703478981204531,0.48478216183806105
7.145335027522398,-0.9097880286817048,14.88912446802189,0.28412468083911513,0.632501329331461,0.2045496899712399,0.6909230481498471
-15.141728420351457,-3.580341031297242,17.369257630876596,0.23504994655368008,-0.33621826854111236,-0.9078163822995859,0.08705294109230943
1.1107837331727595,-2.6175662066546472,15.044992445967907,0.670149097979112,-0.18814583930866258,-0.5763245384144319,0.42819546477048687
7.065994481861162,7.707259651770647,13.59852177864061,0.7870236159584895,-0.057919409723432104,0.5898286300339642,0.171293190446001
-0.5958852391541445,-4.324555350779953,12.508299420810165,-0.12440392536578493,-0.6915027058084973,-0.7095784250500436,0.05334913229482624
-9.129281652004936,-2.0102727118169232,13.531394476501307,-0.850401497780507,-0.19985576323687793,-0.48367216242908634,0.05418676743308547
11.20562218563532,3.8725192479854282,13.7461364247364,0.7652898400682185,-0.02602137857157749,0.4191790592885244,0.4877942853289517
11.313423747792195,0.21304679776837254,13.355492427636637,0.7164347118774695,-0.10975376092145335,0.6810219760162454,0.10432872932980693
-4.27676121653829,-4.300115492551625,15.250429672976665,0.008693182062120358,-0.6912177398572056,-0.3430501800085438,0.6359709417012996
8.599556882287864,3.623031837694093,12.934741544148205,0.2938067719578951,-0.8697089208820357,-0.3618537702752504,0.1623139631315586
-7.025587393244555,4.435786365012698,17.910125949004293,0.527099896199958,0.5369970966883383,-0.17215438226734936,0.6357379068770688
4.838482782866496,9.602021261278782,16.72186812695352,0.5367486871966097,-0.36767905777263654,-0.5461194908141631,0.5276992126401374
-5.538492377802655,-2.2038107774955913,13.649826957242297,0.3610011634092222,-0.37075324262067155,-0.2786772084404534,0.8090483339079818
-2.851105390309245,8.032338588767209,14.231778758784026,0.3543063716416157,0.5479990638793337,0.6487001767237135,0.391601968483497
12.045788681936656,-0.5779504368845849,14.23895501677732,0.5683372226266514,0.0577942467258956,0.0830352600955706,0.8165523694186865
14.098034655675004,-5.871586548435949,18.246395810655233,-0.5534422639471748,-0.4658045568210226,-0.45507961304737904,-0.5192593967473718
-5.812438563018141,6.634895409223578,16.116722812710677,0.8049719394820457,0.5293812628151132,0.06207062867063251,0.2606202069740996
-14.20547237553815,5.2944471143184515,16.20447958124781,0.31251484064031576,0.018796055585648508,0.9113499981635861,0.26724962772885447
4.165022872167572,-9.027799104236335,17.325643612199997,0.6007204298713402,0.06596224459095534,-0.20533256140249095,0.769819775435528
10.485080349266374,-4.854067918335922,13.411726161202765,0.6653108335415858,0.36583752657600965,0.04656758671301697,0.649119294728383
-10.722713511040936,-3.7249556191906024,16.25160264143454,0.6628780894654813,0.016797892123451175,0.2634160202067217,0.7006585970536967
-5.802899028805214,-10.492614990724674,18.003953759137467,0.18039754948227588,-0.41885504727502754,-0.7167995873380604,0.5274613967912819
-8.350351980434429,-7.939159710523613,17.874308849755984,0.7472852747313716,-0.08811867336364862,-0.6081028391175859,0.25300346762726533
12.379270416451092,7.975221875339171,17.428697871323813,0.6274493379210333,-0.46108691139602775,-0.2144687833127573,0.5896688303328181
3.4001617762082414,8.855879037772075,14.098043795401818,0.46304565365889,-0.26174713357022994,-0.14528151108840398,0.8342484301640906
-4.826341095457089,-3.048681728335329,12.943328029136815,0.3412379585261308,0.08020703065227158,0.6358790362294497,0.6875909679298955
-3.737929793738905,10.090673654457511,15.748870088187864,0.14318982471242914,0.5530316877688056,0.7945623074346516,0.20572643492398537
-4.706281706581468,2.7489000834961246,14.845832714978105,0.05973121699444336,0.9765007167701011,0.039366183498520085,0.20329494696278894
-2.6587060027333944,-6.59147042353834,13.113803731414361,0.9775335143783662,-0.03936618349852009,0.039366183498520085,0.20329494696278894
2.7755192251129817,-8.696030733924966,14.231676752631763,0.7866369850040643,0.42708336538480146,-0.1817548902251853,0.4071451985650065
5.034530750628209,-4.11988110890694,13.404701755407569,-0.012161485103682354,-0.34988499283240515,-0.9335230302210727,0.07724857356357188
-9.620543748629473,5.703158792225125,15.107614912135306,0.2752529950034808,0.5041208602941648,0.7456514799600107,0.33778960521503704
-6.517885966753875,-5.346667518733915,18.073381210528268,0.5164582584286013,0.03241410491515362,-0.5391840088433197,0.6644552638899717
-4.639631607731829,-3.06455956263604,12.307393643972377,0.28377328231098753,-0.7969707353146941,-0.28642775941393817,-0.44974382701212823
-11.494412228113488,-7.6028049400617475,13.415709687022034,0.42793560636471695,-0.8121497048668892,-0.3669492670067873,0.15044005162545016
11.493422749275801,4.0803546202240994,16.017761024698554,0.5346227204268181,-0.4334543984393861,-0.37210839556658715,0.622760927825308
10.304245871504262,1.145842150687539,15.873569222565575,0.0,-0.9884683243281113,0.0,0.15142777750457692
-14.240227056396922,-9.96956238847107,15.942407408184915,-0.4060450726374326,-0.8622085500017993,-0.17505618137100992,0.24714196052968662
10.473263568924555,-5.9001469848676695,12.61951039771939,0.7894327337657977,-0.46852106160681034,-0.16883263827787084,0.3588586266791148
-12.657852805052912,-0.7687882800610559,14.801395010521661,0.25569120568213505,-0.8816677569509557,-0.38972115370806903,0.07349419053461459
-3.880025642988441,8.615566721793355,13.677131694891182,0.29255583176283056,-0.11148947316935094,-0.9495594927383669,-0.017831220497616273
-9.677523031852113,-7.62462606892814,18.048616035244677,0.3287780576072461,-0.5217893002164348,-0.7763796592568841,-0.1299058878873993
8.570933751303079,-8.042065987371764,15.37839843766822,0.18861077630113215,-0.4973417480643515,-0.8466278041742794,0.01727778615498038
-3.436939358439786,-7.094635938149586,12.430511303215859,0.6280146707138173,0.48719391846897697,-0.1024951264978245,0.5981090270337461
12.219668030112324,4.789980094351938,16.964293261700575,0.046038017090109615,-0.13468870805436223,-0.8931229308135673,-0.42669764864601767
-4.483104381836176,0.8806561807937303,15.11980899848475,0.8794264279019512,0.18072672514447113,0.08865069096425286,0.43137925740319166
3.6488333949096337,-9.547072086006203,17.70770384664444,0.3864124113559797,-0.6503284107766795,-0.5463708298263675,0.3594959287691334
-11.6161187808209,-2.964492951231038,13.335636903906542,0.5436290076969723,-0.5653645312992114,0.21186803541629795,0.5830457823430907
9.507639954342203,-10.317844033613536,18.416197831563885,0.2485461763656295,-0.8056582306945387,-0.5059698073655994,-0.1820279307210534
-7.606936250799633,-1.0329581451827465,16.234410667697666,-0.022804284103788985,-0.7848288303144494,-0.5314158484004162,-0.31799507512323616
2.7155583912645813,0.40943620672764247,15.576902766637886,-0.7114351455187513,-0.5679306521453713,-0.39943562881559125,0.10847113213726106
-4.633469415165878,-3.2551753191271757,14.414714927628872,0.7148106574779652,0.09915249372100626,0.6169335731607148,0.3140182689780612
-7.804271069536974,1.425147186500059,13.397238946167127,-0.40400008973632917,-0.44074505131186564,-0.4659860646815405,-0.6522152365283642
-12.632082798533531,3.535214650936979,16.254432523669852,0.20026226571625078,0.7253242084446825,0.1580022522729252,0.6394021472054754
-6.791178721522506,7.199848182040899,15.138735080852161,0.5821232539019385,-0.7139788997274639,0.03940913228397255,0.38705757750392067
-16.22630385822441,-6.126928110730976,18.301723963556807,-0.3862554209452705,-0.612872693533435,-0.5869063626996052,-0.36157258294038774
-0.6778416597459476,-8.635591587471238,16.12104277165747,-0.3464230520229431,-0.8418291162419262,-0.29660393711831445,0.2886882619026288
6.548795171423695,11.335457961185874,17.655983835924463,-0.46236534774384863,-0.6345822353895064,-0.6022407212110137,-0.14432527654227711
9.902936051755077,-8.65714529848415,16.64337122871863,0.658000586752173,-0.2045496899712399,-0.2186778308420641,0.690923048149847
-13.497480002343185,-3.034729046840196,16.773195522624036,0.4920137867809933,-0.40118440803992217,-0.6881947851582594,0.35122847555980025
-3.8757382580430644,-5.074563306235023,18.039688694451716,-0.8297858352349992,-0.48957104940607415,-0.20665046307516116,-0.17050290712363708
10.677241872416868,-3.081147090752296,18.410642795862067,0.5125140162708643,0.2650529443064734,-0.2650529443064734,0.7725433687210361
-9.247916127863924,-9.208261551664199,15.895917912050063,-0.6103335974975297,-0.4135448830681845,-0.5002536655186149,-0.45411430233921807
10.818530607235513,2.696527857364865,17.321161890934416,0.6433331231534476,-0.3269678664774361,0.3269678664774361,0.6101692562199595
-5.454368890244243,5.6012915382956106,14.946665758910054,0.5314913034250432,-0.38462855440865007,0.38462855440865007,0.6493371579161112
8.414254050877245,7.301885794199402,14.066954846068747,0.7099620464050644,-0.34825300974104084,0.5495515298297007,0.26956789484743005
-3.7568808350152434,-9.2282148778274,16.960864207386265,-0.5459828165526569,-0.737982920086462,-0.27788398018215904,0.2829566525954252
13.232652285008113,-4.362133651825694,15.495669480334353,0.23425591387167652,-0.9147051309318613,-0.26076939797698934,0.20109204693818872
5.864878016735863,0.25133993083743356,12.547644463155642,0.8405360660706745,0.449194063121696,-0.23795830550909378,0.1873490329035557
-5.493399767578447,-0.1540072793475007,12.626564539884603,-0.38611162406623045,-0.5828936565892837,-0.7089614338239739,-0.09233896371070499
-9.589595825597746,-5.894805121667779,12.849903855963564,0.32765148589615656,-0.3654811360520731,-0.7179173586765595,-0.49362203059729737
-11.279469264436873,5.1514708821205595,17.121847442397303,0.5799373831284743,-0.20998552635368598,-0.20998552635368606,0.7586071375185102
7.011620272284164,-3.6008369898597463,14.77391732340914,-0.6370914939560773,-0.5059698073655994,-0.5522452487805056,-0.18202793072105328
-11.078724155763084,-0.607334044723574,17.838491436264366,0.3690771183023488,0.784942510304743,-0.04244555640860198,0.49582830798905214
3.697059792411448,-7.391712530938179,16.29183928106596,0.9765007167701011,-0.05973121699444328,-0.059731216994443004,0.19826929560626638
11.217757080015758,4.866308395619024,18.01656490155441,0.7723252367258957,-0.39479917990564106,-0.14138619799160784,0.4771344457064486
9.054668459072133,-10.75182040708215,18.496258346103,0.27515636183220427,-0.6671390181951886,-0.14935793875548026,0.6759487503321085
9.229804299984124,-4.96922286030511,17.29148050951641,-0.4654621962604678,-0.7711844187773997,-0.4338808839301075,0.019155016245752776
-5.032185345373092,0.45211442195345164,18.314869779848276,0.5874447261154077,-0.6465552778266668,-0.3389082051637786,0.3493081661604005
-11.847588604855032,7.145851008898182,15.110126278212944,0.33201626653267613,-0.8896679297595216,-0.11243536304401211,0.29259949188655776
8.574241070996328,-2.5503436180872887,14.779360809724338,0.10564749893727386,-0.1192336686935261,-0.9041702261708536,0.3963560776931879
4.8310195691048925,6.828936527127658,16.978666997824902,0.303253406465198,-0.5370834768406033,-0.6534640383450108,0.43882053388816367
-5.353423003701417,-3.101296912633396,12.570052302903225,-0.057919409723431785,-0.7870236159584896,-0.6140575149000511,-0.013135383347525467
5.938517840548554,6.529486022653437,15.43692023321951,-0.4844515107309082,-0.35039835403923053,-0.3251573406695554,-0.7326666575229432
6.655446545432451,-8.914661913372093,17.144358642830134,-0.06099374870823704,-0.6477397666890419,-0.6477397666890419,0.39641663930487026
-11.127307111424763,4.061940716919958,18.44538843663294,0.6043116172135802,0.004849935771962077,-0.28216044134637513,0.7450969284347733
4.69748901536296,-7.203877229601452,14.28414227155901,0.1461310364206911,0.16903364925266198,0.9382907580699622,0.26397689091175874
-11.065611770541825,1.898185521287294,12.989160682033567,0.7431064970239618,-0.1557829745505869,-0.3874849119174223,0.5228573820434165
-6.657940399985285,-2.863744259877037,13.475083964230297,0.3976117198255651,-0.4465167331917332,0.07126434624797523,0.7984041083254695
-13.69073482908541,2.9377395010506184,15.31722730310581,-0.3311202821592547,-0.6397946832271209,-0.6757606403704395,-0.1561079081379851
-5.985840492349792,4.820947605778898,14.05583805179694,0.05766068793121441,0.042340993778790054,-0.14850355837190551,0.9863210321513002
5.654653382630769,5.694832994555869,16.570640260263254,0.2802843027002884,0.9016662461225559,0.0657000348384072,0.3226797106812021
-8.792772542699735,-4.281448464010197,13.098964474992222,0.11155098734690919,0.42787106103505934,-0.11372967512372717,0.8896899984527833
8.522685989373988,-2.5253155470323767,15.786980618236573,0.5928254576811077,-0.39037523264166685,-0.2939639175913805,0.64011746548542
-8.32463663770885,6.879197182971714,14.868468780369382,-0.5741308678296261,-0.49683935802656876,-0.5925398351716127,-0.2691113945111683
12.50797555496013,4.366403587105289,16.958575731269605,0.42825404810388845,-0.22136411859520191,-0.6503016852207166,0.5871150785666279
5.281607649128961,-4.227949769476111,13.825403774329066,-0.7505586239450489,-0.10948596848945077,-0.651086704648237,0.027580387160825462
-3.961824261034515,-8.585868312232535,17.630122893262378,-0.09784461577070354,-0.6089726765566915,-0.35839360440427115,0.7008086291521938
6.961863028263787,2.1291827092914684,15.184138658988982,0.16248213598471334,0.15338256051749305,0.9067705925289293,0.3575478123827313
-8.928688748804984,6.241403315667789,14.079753822477164,0.4858502436650426,0.37987975165171606,0.6290547524306284,0.47321351783321863
-14.672235946537533,-10.61067754368311,16.21085427644271,0.643819114667043,0.09372294447574098,-0.3631003605844655,0.6669865706381
-12.546429139629307,4.557374059326442,16.85717691549745,0.4804342146446261,0.5843154618115679,-0.24307260490177715,0.6071854043313293
-15.529491639003265,9.548467669324339,17.841990210104345,0.7110262194894414,-0.4956196339010821,-0.4956196339010822,0.05625008606275064
-7.844255422874473,-1.733380215901307,14.103654816659589,0.38712016290781764,-0.915090227473887,-0.1127214113940426,-0.006460531351908855
-7.8972697363509266,10.633378151901509,18.32276244561867,-0.2222894374494736,-0.2710422810255485,-0.33728488372174575,-0.873706126284847
8.851567760122146,3.429979770767744,13.065322013828926,-0.47447715449354927,-0.4686987040986762,-0.7004006414655116,-0.25422803951300416
-0.9249609103699292,11.17516868502165,17.199208873989846,-0.6164662253436809,-0.5344699999598744,-0.5344699999598742,0.22057432147985348
-2.943516655377776,-6.408040880603062,13.95282233407174,0.7067425942661019,-0.2164713138437605,-0.5479990638793337,0.391601968483497
4.196270749388184,4.487917708385249,16.13227797884585,0.5997746602342734,-0.2521059294675947,-0.42871532219762876,0.626830224048845
-8.594703833901708,-1.3302692581638604,12.107746468671081,-0.30303968818825894,-0.37492739310640005,-0.8422380272508805,0.24131204431968709
5.419438359381068,1.4182338133119536,12.486422244368269,0.810355778950385,-0.20976506202316544,0.07221169682595147,0.5423168825674235
8.39551606843462,5.461698753602461,17.727263464782105,0.6194382324522395,0.6159718416476275,-0.3018304557362951,0.3818027533474532
3.490544715967456,4.63438713895753,13.460651626943315,-0.12670649095701658,-0.827419684847555,-0.44281883516085374,0.32129987473218313
0.7830240745745769,9.935460470440143,16.526521781058523,0.5052773485670292,0.291745374369208,0.5034780652819221,0.6372513439289211
2.0699349570980843,-2.931530722169092,12.75997111921158,-0.848825694380656,-0.4135894707268605,-0.3289074831692812,-0.016079731910744438
-11.626583363284823,9.749996298056915,17.294307390755804,0.06589826106579487,-0.07676228606716386,0.6480305011619559,0.7548651801414815
-6.584183640557175,-6.6479880164943745,16.214309251620794,0.5307315009558367,-0.2890330888833482,-0.6083030287463407,0.5145399621426339
-9.146953765148936,-5.670163617384036,16.219639111368807,0.6142995719157797,0.5948823263385071,-0.11426915261718065,0.5056615612386688
8.737313649841175,6.985832769610283,14.531856479622554,0.13183776854949572,0.2687695707855549,0.8566305557786156,0.4201973482901316
3.5978022594527417,4.504635945710724,16.315630797129437,0.5871772770749968,0.24521525824137064,0.1747557944660013,0.7513672435719884
-0.901462471501592,-10.353738668304082,18.287742901453115,0.23674229883061543,0.608102839117586,0.7142501427161962,0.25300346762726533
10.62872598966253,-1.5909954881834611,15.668454496642463,-0.7321007444607817,-0.2586343314835873,-0.29460028862690596,-0.5570883704395122
-6.4482622409003705,5.7468610420998765,13.889421446355968,-0.6870044002904464,-0.4782288403112383,-0.5379633603129638,-0.09958691298015102
-2.3781268909664917,-0.22357181822601468,13.935709130968277,-0.18885375191617979,-0.5452136650404174,-0.8165084710338638,-0.01975440635199177
7.69243878125226,2.169145726921263,12.894931927080533,0.4965182973873668,-0.10208709850704506,0.6751454682084641,0.5359350720334851
-0.6999460128268513,-0.08820384047551233,12.009152658410992,0.08585591549501427,-0.053514401316521534,0.8442901382542201,0.5262500670526484
0.4808475664011862,-3.70903011912291,14.480459538207706,0.2979918423375828,-0.8716846986667104,-0.3076281778120959,-0.23818386222955718
4.212538884934894,-8.930221895960452,16.016779947187434,0.8071214701292775,0.01968549601630562,-0.5002986697376318,0.3128396630251711
-7.737682644887891,8.994482002601696,16.18387895686986,0.22221665598643886,0.023375461220304858,0.9067705925289293,0.3575478123827313
-4.575592805595882,11.636284946766164,18.23788691994639,0.534948601644467,0.21622597845368097,0.06108452712073206,0.8144599440038864
7.714152086191676,6.967136618330457,13.761718055709714,0.18242135721049457,0.10738523237234353,-0.2227066082347714,0.951626306356851
3.946878642056804,9.133739611463053,15.89870520538205,-0.13805963367783056,-0.9685354953149117,-0.07948332737475244,0.19120913297559888
9.335055302019022,4.512163030241414,12.86036538263055,-0.1888537519161798,-0.8165084710338637,-0.5452136650404175,-0.0197544063519918
7.191362838547619,9.460560944955622,16.806531410532692,0.6957394880528381,0.021100595616075357,-0.4217079349511261,0.5810884160159089
-5.351706341745195,-5.2799722972383565,13.578300702627,-0.362494755904053,-0.25320904326543886,-0.794809779424225,0.41564425520182136
-3.548679480367067,-5.829626828476641,16.762000668572835,0.476052220469745,0.5265065326476736,0.4981763053572094,0.4979814486964253
4.755242001704213,-1.2902275361505016,14.687265858319442,0.33027327749302016,-0.32890748316928076,-0.8845794887464585,-0.016079731910744632
-3.748637208912638,5.420093363223758,12.94690817154821,0.39860090658481523,-0.681086005853042,-0.4135448830681846,-0.45411430233921796
0.933153384732238,7.2105177749398965,14.419367222114463,0.6100688495216291,-0.09041617016721346,0.09041617016721348,0.7819628067804391
-15.401001732750965,-2.914769131824043,18.337513507781107,0.6585942530983311,-0.6519735259373914,-0.06411254094433039,0.3702346733576952
10.074838732973861,-3.7668955097138075,12.197514048039483,-0.7692081376750747,-0.3301464987824515,-0.5069045205202494,-0.20583959131388685
4.935625549563923,9.238038731338065,16.1708428682354,0.19916096215561785,-0.4911899788883146,-0.8006651115249436,0.27928962562131765
-2.58181057482496,8.92607157781706,16.452610052571565,-0.3222703672955775,-0.648805054736559,-0.620474827446095,-0.30034113906889714
-10.997668363067747,9.958850509735239,15.49769644708497,0.64129113818686,-0.16310267993962657,-0.12075452406214184,0.7399740108936522
-9.51497351573201,6.07101688992098,12.196235417347474,0.6113203489085073,-0.04005213381371519,-0.789760781950034,0.031002659257242878
9.481427247409169,-7.782266294594273,12.54809471278143,0.8401228076456999,-0.3911643347889595,-0.3249217320927622,0.18870611881032648
-13.70089997131425,4.482658009278955,17.82223570351152,-0.40908106837318303,-0.4160207229687142,-0.49071039302469144,-0.6471342578915108
5.351035643005471,-8.733375146318686,15.047538218500202,0.12710430952406593,-0.5694427600217308,-0.49071039302469144,-0.6471342578915109
5.7476790015935855,-1.0728109520607187,16.34989504176622,-0.8555015317147847,-0.34168769545167704,-0.2819531754499515,-0.2680840444044892
-9.59022561662485,3.671772325617395,17.0133182787834,0.5446895965990908,0.12639769151926677,-0.26178100758650247,0.7866432298077158
-1.8354227373805934,3.863941285179539,15.92577067364541,0.638442841965303,-0.25708929628883614,-0.0231246160413362,0.7250938445538748
-2.003156830446752,4.591605732571972,16.713813531312237,0.06423974740123596,-0.526123501718826,-0.8355986343554549,0.1443684108669358
3.4988127606418367,-4.824228726625735,15.08176021647566,0.7179173586765594,0.3276514858961565,0.22558313421433582,0.5712717562237346
-10.649303682203914,1.6229277639401847,14.96115482671091,-0.7812326081496285,-0.38865824965048773,-0.4483927696522133,-0.19381512083933308
-11.446014158809565,-6.688965787248163,17.703983471439948,0.7556627582640307,0.07382003015340083,-0.21319034696493644,0.6148774470428378
-7.494618283329276,1.2459202613504843,14.247684766007394,0.8248124205389236,-0.14844626572466532,-0.5261235017188264,0.14436841086693566
11.956996544613652,-5.755575549287036,15.355031258658721,0.2540527952170352,-0.15835231807199104,0.8097248007942133,0.5047053274757557
5.9203781462609975,8.384091576303277,18.00813273967765,0.5877372644544254,-0.30700885759995034,-0.10971408630841284,0.740454784974959
-4.594693423618052,-3.7077372607276917,14.502900059236799,0.39803163475327147,-0.48165570798174595,-0.53514284363683,0.5685074613481598
-0.7118602668695502,-4.07536569571916,12.040939195515081,0.6994271629174051,-0.46168546290324675,-0.5404178299002864,-0.07481140449817164
4.257320179319258,8.070667229240545,14.667566013451177,0.4949525956558758,-0.24998671957000093,-0.5369970966883383,0.6357379068770688
1.8415962825388217,-3.391088570097331,15.192818632334896,0.2970483944851758,-0.6849896199397744,-0.5810320389894625,0.32396487707202215
0.2785169665629095,7.883187934474547,13.496294000302392,0.43620637945484464,-0.6214495921649223,-0.3874849119174223,0.5228573820434165
-9.342082443175437,-4.888437018425852,17.48394541237682,-0.7318612121844947,-0.5251282034060785,-0.4062721204115661,-0.15350081518883313
-8.272720209327254,-7.536409079020773,16.979240412617912,0.17696818765559388,-0.302586801865234,-0.9364605946152984,0.012846891749619657
5.0605735240463865,-3.167968654223693,16.408391517752165,0.526024134259271,0.29751413874481525,0.1148909745442106,0.7884059940106976
-14.298444594585876,0.2927019856328812,15.89689381673093,0.40278139700298676,-0.5249990041407785,0.030673001436399505,0.7491344064067517
-10.537267461354508,-4.546902314196881,17.164091337597448,0.3313727662118385,0.11431798597880413,0.702178970971865,0.6197323459524743
-5.867028334897137,2.999839697390115,13.212006961897584,0.17583053143713692,-0.5995873810465766,-0.7159679425509841,0.3113976588601027
4.796065183470297,5.651025066695631,14.019268460886538,0.8391983368579066,0.2166639280651343,-0.08128061199789835,0.49213448954890027
-7.085852681136767,-7.728556270502574,13.251439149941827,-0.7734556366896713,-0.5568146574779786,-0.2729982582857707,0.13113262852392138
-15.076419624545025,-4.993549089450524,17.683297467064868,0.858294674259563,0.3033404754780081,-0.303340475478008,0.2816014275731249
-4.885837603734558,5.098140584921712,13.268714507013263,0.5461194908141631,-0.5367486871966097,-0.6423502846770666,0.032256167176003964
-1.1405342284159836,-8.30406775361417,13.724879491127384,0.39831810879165475,0.2772375859171304,0.49948643077908683,0.7176317374747647
-9.14166893259459,-4.558238481959398,17.165940157752306,0.6245191923052177,-0.019929418912678437,-0.12199777059449923,0.7711647947580426
-10.681676081411712,-4.260986784037918,17.389139469948404,0.5509645527361356,0.06252594290475844,-0.6539778343905043,0.5146275937200095
6.526784827311296,-10.748835767922381,16.833331645876694,-0.07221169682595155,-0.810355778950385,-0.5124112388873524,0.2748521504830548
8.97043323082572,3.3861814098896605,14.16727302329605,0.2807284068544751,-0.10397038511667714,0.8947461220543758,0.3313775756931879
-13.867905924487689,7.89909072267721,16.524295486368835,0.21319034696493644,-0.7556627582640308,-0.6022407212110137,-0.14432527654227711
4.252288396375878,0.933076410679547,16.174121901745064,0.6785769328138298,0.33890820516377856,-0.5501439627763807,0.3493081661604005
7.301352564240217,-3.049637967377924,15.593688821796277,0.17402697631628694,0.5006468772710612,-0.1865054913597287,0.8272140094834058
-2.6757486027936963,-6.119225253153995,17.33147309323477,0.17868273752605002,-0.8656340256777237,-0.30157750482310924,-0.3574929670410901
-13.109280008801258,-4.443883873128871,15.15083211600545,0.1865054913597287,-0.5221945361649482,-0.17402697631628694,0.8137832509989081
-5.529260744706962,-5.227711994459078,16.59240893838801,0.6215000563040346,0.19499690064663405,0.22714420119071627,0.7239609109735968
3.2739890352924412,4.020260449032339,16.02504525728307,0.3216404997572874,-0.4053729095690004,-0.35909746815409416,0.7767040629923117
-6.208386238455896,-8.970641049230665,15.836146902758008,0.14589971544015695,-0.13868802119997936,0.7099562362947717,0.6748637257671195
7.947153313713498,0.6190719619008949,13.744499515334336,0.6897884195525016,0.005362471886821804,-0.005362471886821804,0.7239712867523047
-7.461122898183792,2.2021079837030744,13.180820911057673,-0.11953593109162225,-0.6778018367495626,-0.627578816963934,-0.36392397526836173
-5.781259958831633,-6.457491268687045,12.003269526727854,0.07133027356647977,0.7551406606370035,0.0054320125006845285,0.651647963217744
-6.9068186317629,7.619417655571439,12.80117248406235,0.2895382469378717,-0.8046219918731826,-0.41607667428273465,0.30924303528454045
-2.7061599055432577,3.667338668941273,13.84754786969116,0.3498849928324052,0.9299637824876051,0.012161485103682666,0.11224951372761904
16.09561213496758,-6.5578461791231035,18.15075469948008,-0.2578445051324461,-0.6758612548823963,-0.6498949240485664,-0.23316166712756342
-10.518993968374303,-1.4655155781181257,18.441773655840006,0.3363832178729526,-0.5714331644266331,-0.7339474892868642,0.1470766884870308
-11.816796689499546,7.071092025155254,14.748294622450743,0.6835266353077698,0.6175958960471319,0.11651654257157254,0.37120148614700643
-12.672865506528428,9.079827321035904,14.48938233923275,0.6989911017477797,0.016082313531107673,-0.016082313531107673,0.7147686045570267
9.214225767943717,-9.282632425133786,17.08944032468921,-0.47090844121650544,-0.39832967453979445,-0.728421515146909,0.29829650792985085
-6.908878905789132,-9.836022227484545,15.556956102664394,0.34357618431539483,-0.3802863365688439,-0.8512763545884422,0.11254455077405824
-2.965106442276759,0.6513614410823862,12.429604954300224,-0.2906711596954745,-0.49843149687886934,-0.7849765261746086,0.2255840712355851
-5.036889124795609,-7.5582566211231725,16.75573989567386,0.11634641448936786,-0.33019830672601513,-0.913836344114683,0.205756473156622
-12.920608839057428,8.426164501746312,14.65121904887466,0.748681835638556,0.21393765564564332,0.3350181785201678,0.5305365289428781
-6.161617697760233,-8.365106833578892,15.13194896797048,-0.8841080366591249,-0.1346887080543622,-0.13468870805436245,-0.42669764864601767
5.991944209779863,-5.870322449434022,16.930475928535053,0.6322070304354214,0.1953742019523384,0.7131552813920471,0.2314146419355174
9.499197585386337,6.858034949372547,14.875608724010805,0.8617546472000862,0.36980804395719963,0.13696185997096647,0.31915887511848695
14.332898858356195,-8.474462585776132,16.051307785064694,0.788843637770934,-0.2083614719541817,-0.20836147195418153,0.5393484116584498
9.383181587190725,-3.2424299077610366,15.524144211344492,0.12528953607621054,-0.17062142845489492,-0.1706214284548954,0.9623300828997448
-1.1667896487491909,3.053823669342604,12.50085826160659,-0.23728850937871848,-0.4011916420210649,-0.4542647416721928,-0.7591989028988143
0.9465806569108395,-8.446844423410775,15.091979320871014,0.6844939741135706,-0.62472703490372,-0.36651223289844487,0.08278233143862224
-4.637190470068633,-8.105715575933921,17.82614330835011,-0.44364419281075,-0.6745460818078721,-0.5301295742485664,0.25909467036197387
7.308003921716567,4.080123386184457,12.629865165929584,0.6117738095457232,0.2214042652836007,-0.22140426528360074,0.7264248815826527
2.2703811045442066,6.524307958935385,16.222827507666338,0.5287409352491808,-0.19548317355562364,0.05792980835840958,0.823931726268628
10.832914514047538,-5.36532261237307,17.61100260732043,0.42825404810388845,0.6503016852207166,0.22136411859520197,0.5871150785666279
10.674898830060402,5.440427185678557,15.653354648115862,-0.3861116240662302,-0.708961433823974,-0.5828936565892838,-0.0923389637107048
-0.5015032299267048,4.81547172592396,12.588555523595877,0.025764170217268068,-0.6037816328022081,-0.7298494100368984,0.3195368305727934
-3.7204976557035963,-6.722393758122624,18.241528077853484,0.14968156148667922,-0.14968156148667922,-0.9770696282000242,0.022930371799975653
-5.6658097321824155,4.800173645721866,16.953689016597185,0.023461458028559312,-0.6929894125130399,-0.71895574334687,0.04814429603344203
-11.41833549377347,1.1099302226938512,16.482780297426753,0.6382457882114156,0.2937594979184117,0.1262115547889603,0.700298732435569
-10.273513935312897,-3.5605333116953712,15.142366971202627,-0.05298061618192909,-0.15023686661669228,-0.6103358065209954,0.7759588529661531
2.089516701420914,-0.5064180958232001,13.592547461426198,0.31919450458686127,0.6507222546224345,0.6185576275602191,0.30341700177761427
-13.405988820910153,2.649843197423401,18.329406726722194,-0.25755642357432124,-0.23713308205491726,-0.7787338182137039,0.5205825875315532
11.901919431544641,7.875002275424231,17.103092466318284,0.17642873888360402,-0.2586343314835872,-0.7691773073843431,-0.5570883704395121
-1.5502401984185,2.4505175929979757,12.70554457021772,-0.4880278899927781,-0.4332029057931973,-0.4853173676185705,-0.5819201609235655
8.460713716851748,-1.5360999647868345,14.056184564239086,0.7780464482317566,-0.5444148701852644,-0.3114410815496644,0.03550529873534222
9.296380071849615,-5.043120218699966,16.704341552916095,0.5216485489323482,-0.4706751748113176,-0.45020899505708434,0.5510531117621983
-3.6233049893928833,-4.745106865248494,17.19879857108204,0.8655732672430142,0.22487994040567386,0.0444974757030501,0.44523241806212865
-11.260734645983117,2.9359754733031878,13.349190653889188,0.4135448830681846,0.39860090658481523,0.6103335974975295,0.5455188784300765
-13.735004134285054,-5.883453341050801,17.360293911331823,0.638456384345957,-0.5871338084506508,-0.39832967453979407,0.2982965079298513
-15.068217278166848,2.337774659026122,18.385944292550352,0.7117115093637725,-0.49463505107182926,0.11938266412807136,0.48430431878726177
-0.32365604857707453,0.046605368573596095,13.482082723717769,0.5257962551309245,-0.3224276472609522,-0.35839360440427087,0.7008086291521941
7.077386921142864,-6.538632518802334,12.97169704400484,0.4118487236529347,-0.25670727231998586,0.7420092348510668,0.46249789249164736
13.79147315336752,-9.011134764986354,16.312934929635365,0.1845533982211342,-0.6089726765566915,-0.3224276472609526,0.7008086291521939
-12.032624306828223,-3.5288932541506295,18.132285445517823,-0.7971060616433638,-0.5672242895253728,-0.19334838361231513,0.07412782485914024
12.222575285161165,-3.1197268026532727,14.770259587671813,0.48972935037890825,0.5300477869330535,0.49463505107182926,0.4843043187872619
-2.3876155050331054,-0.7665589310808434,12.504466498702408,0.6526903268567483,-0.11698234012374997,0.11698234012375003,0.7393413294453204
9.04188905144823,-2.9705774027035456,15.094900017425823,0.5925657960255086,-0.19820994091219007,-0.7655318970839471,0.1534259145362839
-7.407467946245678,10.695801945013985,17.463591473650503,0.316112344203837,-0.5695253261178701,0.36822680602921026,0.6634175970486575
1.617787870699189,8.704984312417665,14.113387775685553,0.19897721084176648,-0.03048218751198623,0.9682343196590665,0.14832804200305405
-6.084646833950078,0.4999859758196781,16.770127913310233,0.53363831455145,0.47814845286481283,0.44273571700358877,0.5390633461430965
-11.33900842597383,-6.728478212802037,16.91287270407928,0.6525298840456109,-0.6898902643988474,-0.3122130284046863,-0.02791412562637713
8.585908834416117,1.3901596358016786,12.473803595028743,0.575503939319251,0.04145957051931759,-0.5482294744474838,0.6054095829993222
3.738360351663376,-2.957244390605127,13.109401052722681,0.33944433288845505,0.6005117523607566,-0.1509870503821885,0.7080720943261438
-12.831662582112571,6.246016498083902,15.535380533316607,-0.01084240901938241,-0.4659860646815403,-0.5977915313297081,-0.6522152365283644
-11.536962709038256,-0.6528840848783917,13.5225165829825,0.22201256120555973,-0.8258083124507596,-0.5181612397878717,-0.01612399874944756
-9.826981830502238,5.514749317015227,12.335996211608354,-0.17990110502958523,-0.36868251095597887,-0.8359931451004596,0.36445062747836077
-4.939259133202277,7.337532565630921,12.776452843492535,0.34967669209884733,0.4517450437806681,0.6490398150722055,0.5023942126193808
4.399892142029236,-0.9586209922565354,13.549343916087523,0.37574940137147245,-0.5117019474321898,-0.3856341701974996,0.6695220617269978
-1.894576704889003,-1.150327077277245,12.515364120711283,0.6685821443188713,-0.11378925285860586,-0.0288712942743527,0.7343135369845661
-8.177108563421807,-6.238341414391177,16.76959267165488,0.6557238663541104,-0.021174077938742375,0.021174077938742347,0.7544067390609025
-10.8737376973908,0.028031928886393942,12.427069893380814,0.5623601121885939,-0.40200577051442954,-0.40563021347925543,0.5980021693983275
7.855577956278822,5.34814679308036,12.879918399902236,0.8613654664507637,0.44323401801670115,-0.10199116110691082,0.2262541525251917
-11.879765072398603,6.144585599679958,17.564107059593432,0.29076300528154575,0.784942510304743,0.23124969031945874,0.4958283079890521
-7.952665103204039,9.026044838855324,15.556323945158415,0.1525269581971848,-0.4002121448767535,-0.7071122624458706,-0.5626348855296345
-13.421442127977233,-0.9922527871976712,16.189956410209945,0.3886582496504877,0.25730397449194486,0.7812326081496285,0.41522890271872537
2.9885116312027726,10.071516476607446,16.810179603420632,0.4358329019079592,0.27897936932870454,-0.1489722700315163,0.842631269218691
-6.224978888455671,-6.680111435070769,13.142581940832148,0.45088274181994586,0.06846590111802969,-0.06846590111802969,0.8873159493084297
-3.956488320503947,-7.27953437684594,15.34597495056544,-0.02369762856192964,-0.3707532426206715,-0.4554352301782512,0.8090483339079818
8.057325268481986,-7.321650217629722,12.088178430981502,-0.13598654023728135,-0.7175316123157832,-0.647583561399439,-0.2174662668255143
5.651150902699376,-7.014059046212593,13.670457362427175,-0.1747557944660013,-0.5871772770749968,-0.3033608778827884,0.7298324707475912
9.502276598908242,-4.921730021256085,16.140993889741956,0.5300477869330533,-0.6857451785299425,-0.4897293503789083,-0.0946998261231887
-10.228778964299444,8.419691234596021,14.163632526884681,0.03048218751198623,0.19897721084176648,0.9682343196590665,0.14832804200305405
5.2639030653683285,-0.6097754584330843,18.300799235516372,0.7077430035116064,0.08885495020157913,0.054172746978722874,0.6987631589385812
-8.928745872029081,-0.12480049354264189,17.12410827371105,0.596475111181,0.041106137065828496,0.6749799298158929,0.4323538152750262
3.715284377501554,8.987967278737505,15.450401171465822,0.7999151190064351,-0.34859062730167173,-0.40166372695279984,0.2780047254863391
-0.1961792366300834,8.39991437145097,17.070762687760464,0.4135896822054113,0.11125560056448477,0.5260980993201965,0.7347016782395009
0.8453123031208101,-0.1704836641695735,15.707658286515656,0.24138757816756165,0.3118470419429309,0.7266895406986427,0.5624995742016512
2.193452484733786,-0.6452972374901265,18.44588965827144,0.10975376092145335,-0.6810219760162454,-0.7164347118774695,0.10432872932980693
5.013434546570235,3.3084685942026333,17.851216991116154,0.6050473748801004,-0.1197454123490197,-0.7816567676101344,0.09268984853444792
-6.024417518798153,-1.4042017964587181,13.609369993549413,0.4164924784866183,0.24277071092467478,-0.3660675446853119,0.7959842649256761
4.076982284571052,-2.3820879854403003,16.974153972832056,0.7515423519973211,0.03843406673025074,0.3685945779283829,0.5457517318256596
-11.3832363135021,-2.949901337323139,16.460352516128022,-0.2430431560056273,-0.8103207099787219,-0.5233103328603848,-0.10225784478443409
2.974932092257248,5.611714842565732,12.520966614775354,0.6653108335415858,-0.04656758671301697,-0.36583752657600965,0.649119294728383
2.5213653752704754,3.0721826986449763,15.192858232659827,0.06589826106579487,-0.6480305011619559,0.07676228606716386,0.7548651801414815
6.595783101683244,-4.11236532862604,13.366975720077889,0.08648305052921912,-0.6790488465547277,-0.6790488465547277,0.26515280491925514
-11.465597154848236,-0.5400886632327548,15.102119879944388,0.35913249353965115,-0.6259467590292064,-0.6259467590292067,-0.2956436398870399
-8.630500915335103,-0.965154993660235,15.536892546648163,0.42394576676494466,-0.060862309566927134,0.193728049473522,0.8826297122595903
-5.893736010387918,-4.738959982689138,13.179996106782314,-0.46852106160681034,-0.7894327337657977,-0.24783199760701138,0.309617949499064
-13.572105729344036,-5.26582328970099,15.078554598727324,0.7146657599920754,-0.3251602370542598,0.05146499032619867,0.6171507324021346
-10.73882410052779,6.238025474501578,14.665699821270021,0.4263715095523191,-0.5929176078008391,-0.6037816328022081,0.3195368305727934
9.048497248075938,-2.3532003387669977,15.735185789319399,0.14782121051691946,-0.3751226823823812,-0.555023371366853,-0.7275856788860895
-4.6352577574165785,-9.941957523758928,16.96988391170504,0.48972935037890825,-0.49463505107182926,-0.5300477869330533,0.4843043187872618
14.887525558510287,-2.1547820568504914,17.807579923855712,0.35721529365377536,-0.629022621737923,-0.5502902547408833,-0.4170232737618016
5.414895072892486,-4.311159963460939,15.043942562209146,-0.48953248936776184,-0.3751226823823813,-0.30043301232640385,-0.7275856788860895
3.802705380236185,4.21533807775938,15.7311657361529,0.16504592030355747,-0.9545505254895224,-0.22476235098928404,-0.10523794019553165
8.69956953956329,6.143287174715692,14.737045633350988,0.6826460304157499,0.09915249372100626,-0.6523463090219389,0.3140182689780612
3.3004767491330504,0.014208402478470106,16.896694457383703,0.8087549091912187,0.13666443507069648,-0.5504879335600932,0.15556787602409983
-1.8662731175995173,5.097744378191843,16.656024062560494,0.33562191063344565,-0.2234414245819152,-0.8711894643393113,-0.2801085148790429
-11.505530584286934,6.126169954435202,13.723186932131267,0.7507892770051149,0.050156195627736766,0.09250435150522154,0.6521064042983229
-7.767113114315558,-6.280947988417049,12.11033332495619,0.19487249135946086,-0.050455983800155584,0.9482605233708974,0.24552166019817356
3.9776103216078695,6.29641754855864,18.083486928273537,0.3767241660903003,0.6256379595914567,0.372842576552923,0.572402357884019
-6.237736597314431,-1.2774223805880451,12.23459521379907,0.7969707353146941,-0.12863183097803868,-0.28377328231098753,0.5174593929552745
10.102027210863541,-4.050938678203131,12.449338381255412,0.6870603516044671,0.09344966089366061,-0.47814845286481283,0.5390633461430965
-6.859836492407559,4.462136548478542,12.050489950275548,0.296103310563721,-0.6451028406448498,-0.677250141188932,0.1936424558941589
7.733163069998497,4.633896500839411,15.180202172634663,-0.03545159204562409,-0.6032903423706661,-0.7584317937036149,0.24405975031379537
-6.17803746119253,2.898149741290556,14.29606509744913,0.7787338182137038,0.15916652033404177,0.2575564235743213,0.5494582312156807
3.72443450448527,-6.052526716869801,16.05582509648999,0.13764090336887314,-0.6238581505787933,-0.7663868430747438,-0.06713565697999685
0.002654544351807786,1.774572554289854,17.07607307945093,0.017889942954283533,-0.705972577929955,-0.705972577929955,0.05371581110771684
13.566844806572256,-7.618274679600398,15.374277825840652,0.36705621930935234,-0.8225875003785184,-0.16865176742364618,0.40022008624284033
4.863152037875505,-7.378519249161718,16.451887976982214,-0.7418685102508379,-0.3498468014035452,-0.5406913535542397,0.18679183396924787
-9.030594357528933,5.406132974734577,17.348906652749804,0.4135448830681846,-0.6103335974975295,-0.3986009065848153,0.5455188784300765
-3.8768829869515375,1.7051296305444055,16.74621705180317,0.46706468774396337,0.2545062214706244,0.631131448851083,0.5645797153339042
5.53853997472268,2.8029436492944537,14.642325608965646,0.4135896822054113,-0.5260980993201965,-0.11125560056448477,0.7347016782395009
13.65240050260866,6.501593727134981,17.841977387299835,0.2298409728348066,-0.654184907403361,-0.671571271527602,0.261165199425203
-4.671337302797603,9.119737326018265,14.219366292944228,0.14725588407224233,-0.8250257738331441,-0.318107240897214,-0.4432335280705714
7.920049675180785,-5.252948744716975,16.076271535449692,0.22311539018403762,-0.36558686593853706,0.012090370055623967,0.9035593998560252
8.221130280621821,0.29577756487360674,17.436881865410996,0.7515747412701808,-0.31149065141899446,0.037795404690933565,0.5802417511240292
-0.8586094363821868,3.622451177530584,15.839918347225879,0.3603912816199716,-0.6225479299110954,-0.6756210295622238,-0.16151911190012427
12.8601915626619,6.6756703029236295,15.29952632378282,0.031075166963424578,-0.812973155543874,-0.5309963966947571,-0.23696372941953697
5.169401368926215,-1.8995549095962776,15.05258153329919,0.09487080964945689,-0.03513628964773133,0.9329408292184729,0.34552334190817746
6.906239882524801,4.830009275737437,13.272113252882585,0.772444383247497,0.4296271195935137,0.09809936955794049,0.45730375746489216
8.322312449376872,0.8509816451534693,14.29484608944609,0.6222025442621939,0.3631003605844655,0.19013425952602717,0.6669865706381
7.641848160970552,0.47608413191379917,15.61737145825921,0.6767478677357472,-0.13360068625794747,-0.1509870503821885,0.7080720943261438
-7.8468164725744405,8.58539723760862,17.65628597250137,0.12321602842425972,-0.7745885111464821,-0.15918198556757834,0.5995761371252125
1.2326382045009687,2.0984247517092935,15.516823293289697,-0.0662228069363322,-0.4371862389083298,-0.24634168675763463,0.8624375372837537
9.813026391434166,8.868114658115191,13.897411866654164,0.6185576275602191,-0.31919450458686127,-0.6507222546224345,0.30341700177761427
-12.401688875487528,1.5801267527623413,14.520893335952724,-0.8434770612402306,-0.22344142458191524,-0.4001994463197131,-0.280108514879043
11.823428062293782,-7.148621158617395,17.78519246419831,-0.11489097454421059,-0.526024134259271,-0.4413421467016915,0.7178549879257008
14.017696734994685,-2.441353129148287,15.55295310110004,0.39832967453979445,-0.47090844121650544,-0.6384563843459568,0.4603826187639477
-5.834769819479855,5.024758253252452,13.56807240611376,0.1533825605174931,-0.9209163587439192,-0.16248213598471328,-0.31935310521863386
10.17407028950205,6.207639611123046,15.43171272313688,0.45020899505708434,0.5216485489323482,-0.4154859843392326,0.5937727250254303
-1.374489552525148,-3.4674661427394344,16.964419789659775,0.778405769525509,0.381158187999537,0.019449151335513504,0.49842213454323825
-2.6320885773268596,-4.220854547893704,14.027956797985254,0.2659546101552664,0.926008903904477,0.2168574249487892,0.1573165994781554
6.654972528746992,5.0282072504573385,17.551323156691364,-0.08473318454043635,-0.48347931130246885,-0.8327653674123967,-0.2560661746865881
-12.049929317913536,-0.3482375296650364,13.85956363043443,0.9742849926480533,0.08882691729954652,-0.1949894818926619,0.06969672743446105
-0.50955809639248,-3.5521262434359455,13.222867072768198,-0.0030078497904833523,-0.7592539456062707,-0.6167252531103202,-0.2077844101393534
7.018721090924052,-1.1820082191923502,13.8779728940621,-0.3896528783516103,-0.5692165266801207,-0.5692165266801205,0.4473876684719241
5.651997017612066,2.1169360489228595,14.47352751369894,0.451748159839824,0.6411654633104503,0.468199362252012,0.4069641334639178
0.3684529328454218,-1.349579486663215,17.223165500381146,0.5766898047336159,-0.6845632303016256,-0.4299728712611764,0.11800585923897017
6.132028490214868,-3.796679540672387,14.33607614116975,0.12266423757980821,0.07220825377965262,0.9556033850882772,0.25799539397610055
3.3200550679097507,-6.1392693590154295,14.598128452329377,-0.43258574528373706,-0.5305244829538588,-0.6600230322317553,-0.3094881950696244
-8.555643605203887,-3.9147306709265184,16.55981483003104,0.44597202946256526,0.19138167042211615,0.3448037074751332,0.8034876529697789
-1.885554628949924,-7.530454708612679,12.240878024400237,0.6526449995883649,0.4206158841202936,0.26020536754492984,0.573959884694754
-7.528454554027772,3.3891806773102378,12.370377073705939,0.722770470053406,0.029581620932293634,0.6449881465111975,0.2464103613524534
0.7753712873199081,-4.922287588785695,16.329215761194952,0.6400986075654844,-0.14386070719855046,0.6095273248128857,0.4450329311674668
13.933609367170408,-6.852470340772943,16.08778511738591,-0.6277763160828073,-0.5975734291910823,-0.46064162695502325,-0.19134310859432324
10.934337716139435,9.048845321251745,16.448755227180744,0.5442395817518967,0.4765243984653086,0.44435977140309335,0.5284620789426498
-7.562470007648571,-1.7225932659782917,12.047823460405958,-0.08740392383852043,-0.6502174133169377,-0.20563853841799062,-0.7261478231285783
6.394541795875558,6.078443298624061,17.3433704225236,-0.22558313421433585,-0.7179173586765593,-0.4359405998274423,-0.49362203059729726
-9.621588170101447,8.38024815123738,14.848222827597619,0.5470905066447118,0.3220535253279308,0.09035158796109538,0.7673396216252572
8.024695040638566,4.143294210511268,18.436752790553893,0.7855386669939821,0.37987975165171606,-0.1211996018238432,0.47321351783321863
3.6794735087463835,10.589314025058622,17.653831047081162,0.21867783084206402,-0.6580005867521732,-0.2733997370654716,0.6666841965312638
-5.5421064124944195,-2.9988082773478535,17.547357117905705,0.1179453017869681,-0.5418120870691611,-0.7500430033440971,0.3605052859899668
3.698286818422428,5.731272705817457,14.26165662745188,0.579043129157417,-0.4285871352694844,-0.48993313814228334,0.4909049217589271
-13.576262848008053,4.604133755593157,18.44266502096179,0.5186323656864046,-0.5534852252200435,-0.4685672666357904,0.45290097302070986
-10.452637289814856,-2.4847317733042953,17.48353658826744,0.4836831404804813,-0.7200022801025122,-0.3551748266760293,0.3485658886893189
-1.4522822995455265,-7.79552676500313,12.498627252102247,0.6510867046482369,0.04384155595747538,0.750558623945049,0.10404697507972824
-2.789092313816102,-4.834992775041445,14.10909810322756,0.5756912185069482,0.42115909360827053,0.3864768903854142,0.5846710630799733
-3.227404637747042,-1.2307825750558745,12.360607071685441,0.4606416269550229,0.381158187999537,0.6277763160828075,0.4984221345432383
-2.496033754784156,-0.8470215813258548,16.66110346409627,-0.7612735992721428,-0.3181072408972142,-0.35044875507570705,-0.44323352807057115
-9.544568891302703,2.387790812184088,17.738598111820654,0.1832499620613676,-0.17745179119307497,-0.7862900468030621,0.5627417485004255
-12.090501992354616,6.583513698228808,16.590838844715456,-0.1498442116644695,-0.3751271771272362,-0.4413697798234333,-0.8012609004998428
-5.773543283342988,-0.2597127648007671,17.615401477687023,0.2904949020188371,-0.428243527443931,-0.19539734345769788,0.8330906741004365
10.792039892718456,10.544397673318354,16.58658110705155,-0.2565467270745446,-0.4494035866833882,-0.8340044363700895,0.1914596386146551
-5.546930307146688,5.462750346335261,18.09519853798971,0.8121497048668894,0.4279356063647169,-0.32177304177160154,0.23183201521562502
5.059388146578861,8.644150163175373,16.217612138381593,0.674546081807872,0.23191150189803558,0.44364419281074985,0.54257208644598
-7.376968360479439,-4.712996771071884,15.656898156165912,0.7142785784424123,-0.1901342595260271,-0.09372294447574098,0.6669865706381
0.1787582677839996,-5.573482513636427,13.513952993652621,0.9509235987320216,-0.06340736616423084,-0.06340736616423062,0.2961474653053306
-2.4630715127246514,1.1805380647185917,14.693863167960272,0.9329408292184729,-0.03513628964773133,-0.09487080964945689,0.34552334190817746
-6.175169286663474,-4.069489319177061,12.69838348880709,-0.09080501421468448,-0.23837813697273985,-0.5221945361649483,0.8137832509989082
-4.515194949137455,-4.166571189357205,12.873283596264088,0.46688524835703,0.7505117933566531,0.30770326278945176,0.3522341763201008
-2.0112255542225945,5.336738602637533,13.714544741856376,0.3869727989745325,0.7231968776259373,-0.21393765564564332,0.5305365289428782
-1.0791607878267815,9.658821832794759,15.067096138365581,0.39116433478895946,0.8401228076456999,0.12361903035043705,0.3548273757728333
5.935509474340371,-0.48803984731248207,18.095011012873616,-0.018597199688944476,-0.9685354953149116,-0.1582156943717922,0.19120913297559888
-5.7745590100102175,-7.581823478114637,13.6318999637896,0.638442841965303,0.023124616041336254,0.25708929628883614,0.7250938445538748
5.316397550806853,-2.8300248618407293,12.011705854032309,0.6679848549227908,0.41105447918074073,0.2697667724844824,0.5586200293603282
-8.889152196349036,1.8773653769473686,13.313019705208045,0.0980722169841686,-0.5080961003121011,-0.508096100312101,0.6885190962864286
-2.641150932564191,8.765383195883484,17.868913947847386,-0.4944514760481574,-0.7189557433468698,-0.4861095593606367,0.048144296033441863
3.80238931634279,-3.8288903280252713,15.377512488108524,0.8442901382542201,-0.053514401316521534,-0.08585591549501427,0.5262500670526484
8.041576168124507,8.349614372729626,18.380103838527617,0.184061746915692,-0.5536622036613117,-0.553662203661312,-0.5941696742481424
-3.55839359981265,-4.5100482112502664,12.446792235301023,0.06846590111802993,-0.2003036696675251,-0.45088274181994586,0.8671191460409271
-6.28539474554255,6.321098973732385,15.557516150702332,0.6691863309893696,0.005028891734965957,0.5128840423417509,0.5376935221630332
8.559357242792718,-0.4733684576803956,16.174593039515436,0.5531268780606655,-0.5572494818598709,-0.5966084766441305,0.16607828675096759
8.80907622934223,7.58274437428514,12.917438336460531,0.14229386832006813,0.0036058471200887954,0.7103229151076621,0.6893335978885771
-5.324587428292867,2.9917128032483333,17.17010730229954,0.3845795832664247,0.8370973038566327,0.2534592664679651,0.29516952459917045
10.376831526363489,-9.031571380440662,14.215537254730803,-0.2592762084438179,-0.6490844797366595,-0.6169371791925774,-0.36173706311338005
-7.302334709795307,-4.329046484286447,16.535954349606534,-0.3251602370542598,-0.7146657599920754,-0.6189652828470312,-0.020140763735802314
2.718581988003743,9.208024327113014,15.041767708360894,0.412511174058963,-0.3328170901314269,-0.5645190274982625,0.6327602890395083
-10.073993046156868,3.375542215678893,13.24458765659082,0.4849690150152303,-0.3810857437678492,-0.5327128048189508,0.579478884821517
-4.3695130621030795,10.481430642035024,16.927050560596197,-0.09800791407551723,-0.9391249962148243,-0.18762619347187937,0.2706198473621721
-2.931161906043384,-7.483610748436678,13.874843466120618,0.24567978754679426,-0.27867720844045296,-0.45543523017825105,0.8090483339079819
-1.8678628458106026,-0.3605178616604281,12.881019524147145,0.512077955101239,-0.21271483212788103,-0.8215530877378678,0.13258616866218115
2.9899130178716398,4.297054896466554,16.173916696869966,0.17583053143713678,-0.7159679425509841,-0.5995873810465766,0.31139765886010246
-4.488621067775464,3.871370231553879,13.667436102905883,0.8632352684079251,0.25730397449194486,-0.12729687519475658,0.41522890271872537
5.6912499993425705,-3.19500292546838,18.383567380933865,0.6592722423453925,-0.2630493413938312,-0.15909176044351914,0.6861887249322389
-0.3866529092295661,5.639885077625554,15.034801608599182,0.17004229053290948,-0.36558686593853706,0.14495610996221883,0.9035593998560252
-0.2125712081943334,-9.473730735943418,17.759998104860173,0.2929273225975251,-0.5519193663675919,-0.6386281488180227,0.44914661775583664
10.550646605387074,6.857234590493594,14.783554526450104,-0.5570207302033466,-0.14010695616508678,-0.14010695616508664,-0.8065159563158307
5.718303665998411,6.717282771229586,12.905063014582034,0.5062514318555499,0.02572320093305233,0.24797204579500884,0.8255650605386599
12.393383877551827,-5.23013810381508,15.063477908589556,0.5857244144712881,0.3629493878294892,-0.5741851454420915,0.4421606845029422
6.334830570586874,-4.534545019635591,13.238711469223821,0.9243913533561502,-0.19251476716686808,0.0657000348384072,0.3226797106812021
-10.039108306253048,-8.567037324907526,13.653435171362524,0.5694427600217311,-0.28961863438429714,-0.12710430952406615,0.758749289407653
-7.712356073397741,-6.350499865752218,12.604606353903877,0.6558140190300692,-0.26196431682884186,-0.2955601010757441,0.6433715068326559
-14.975912845517389,-10.212249735631758,18.0408059483541,-0.6922828460558765,-0.20980153892423925,-0.2134259818890651,-0.6566407888461431
-0.9281974356848046,4.679107572464673,15.011441349354646,0.6305034894804916,-0.20080377952969525,0.4531319534251768,0.5973396225470038
4.88014243774478,-1.5706887115655892,14.682564124697388,0.010141132407013975,-0.8135036417068285,-0.48197589167125526,0.32528175818961885
12.695130226381279,5.877209966469575,15.46132806089101,0.47867086238332024,-0.7307525155834449,-0.4231054429205568,0.24053430242831303
0.35642808385479086,3.2370837911490042,12.608477816139276,0.812973155543874,0.031075166963424633,-0.3004525830721486,0.49783252976126907
-12.458676322688536,-5.327200605618511,17.349034747905453,0.615781345578643,0.034240610708729136,0.2459733016214433,0.7477553409405349
-8.230432252733308,3.7029799769075176,16.18771088715035,0.9387210459011723,-0.2168574249487892,0.2168574249487892,0.1573165994781554
8.34834045537529,9.690053227530614,15.642057891367868,0.004849935771962022,-0.6505870586284864,-0.6043116172135802,0.4599134990069862
-8.78809435088524,0.03362394652577727,17.424321012173284,0.6451028406448498,-0.26142110734086504,-0.2961033105637213,0.6540826852178749
-13.401034579192784,-0.5088361283341492,16.332344093263657,0.3099012616658363,-0.0444974757030501,0.8388976556055744,0.44523241806212865
-11.582205462412212,4.167876346015344,13.34523882232349,0.43335998836814854,-0.3533585339937865,-0.7822961006193011,0.27449895790540907
-8.677934129740427,-7.981033005378684,13.799409842580898,0.7026864957184612,-0.3974168965000309,-0.5544633765178738,0.20214317503094537
-11.537049120946588,3.017504170297519,15.571311190681698,-0.18814583930866263,-0.670149097979112,-0.6984793252695761,-0.1662166110819823
2.266743869948897,-9.19625250284155,16.128606308930188,-0.19372381745236877,-0.6753690926734581,-0.7113350498167766,-0.01871144343109926
-13.194147268559712,8.666230223968297,14.924369043676151,0.050455983800155584,0.19487249135946086,0.9482605233708974,0.24552166019817356
12.484336644072137,-11.409179726657632,17.53626127572381,0.19539734345769783,0.2904949020188371,-0.39665746661195256,0.8485843766248164
-0.1409760183878923,7.606127643582171,16.98790260037881,-0.6737014934680723,-0.4449257061532219,-0.5893422137125266,0.029037369704651622
-6.699454504255759,4.033303787114843,13.990295778571776,0.6872337218295776,0.29181901869433385,-0.29181901869433385,0.597823663162323
3.6423296174419697,5.561411202222434,17.48109938866672,0.8310773420415355,-0.37147764868256916,-0.265876051202112,0.31721401840337654
-11.56234246126334,8.335283148466413,13.777441211331649,0.8327653674123967,0.4220367193877292,0.08473318454043681,0.3481481549061765
0.5636678254201382,-7.18292724876825,14.090645908392933,0.24138757816756165,-0.7266895406986427,-0.3118470419429309,0.5624995742016512
7.263472080185261,6.87367728222001,13.504453787368064,-0.1998293432413364,-0.9119656699968466,-0.3582728500115624,0.005235959466170434
-8.981417196332012,0.7876688886608978,18.19463514885929,0.21902338597445936,-0.04422002692604678,0.7581487891537979,0.6126040802341859
-7.736460972417112,5.890386034365646,17.041073295529593,-0.05035055642219016,-0.6611764909168908,-0.6864175042865659,-0.29856570321422526
-3.3171893921878866,6.2660346860449145,15.05370991100611,-0.019449151335513615,-0.778405769525509,-0.597573429191082,-0.1913431085943236
10.070197801306644,8.624096862837213,18.490038735635576,0.1414602931654568,-0.24030658686066317,-0.9390062896181436,-0.20126827327348215
-7.3293585317709065,-7.4867313531751645,12.932914948296741,0.6140546417617522,-0.5437817281639163,-0.3629493878294892,0.4421606845029422
-13.044316958886851,7.14573313702437,15.190322768692244,0.44659481958902164,0.09238989989833847,-0.7435763113858097,0.48899022756993515
-3.205785837472857,4.6285675953009076,12.30238900493584,-0.2371277818313617,-0.6257843481734219,-0.3260959248444826,-0.6677018889180446
9.580718767716917,-0.32576077727136976,17.353447084735226,0.5138714841384564,0.13732784529716052,0.771201638047225,0.3497501882324824
1.6515545912372005,6.754556471710259,18.37372451310735,0.06388861883469493,-0.8712308981605963,-0.4866725813144483,0.004976451587964614
-3.4751825378191175,-1.8228518055530873,14.83192923616706,0.3316944127298756,-0.5150684993051252,-0.675479015880489,0.4103795276234864
-8.869618417365103,8.98823875975636,14.326595202616819,0.14190819959610448,-0.0723887053980865,-0.15707069295566642,0.974654162066016
-3.201844431072441,5.61864643308847,16.889201604558785,0.505569743862574,-0.4181164485806204,-0.7250165661497375,-0.20959209986424515
-8.608506173471817,3.186670633847079,13.90427800516606,0.2888549155623742,-0.5953315428195791,-0.12075452406214184,0.7399740108936522
0.9595718116681216,1.146762004026039,14.505006387467173,-0.02653654982556423,-0.9176120301268228,-0.06643286995329782,0.3909867612588116
-1.6157142098963284,-2.579640152854415,12.227286640896844,0.622017325420349,-0.13417199582813516,-0.2857990568792368,0.716527195226636
-6.288784745916472,-4.901379560360931,15.355924022814316,0.4220367193877292,-0.2506331273162356,-0.8327653674123967,-0.25606617468658843
-12.072163073310586,1.5371866546709771,15.422261735861523,0.20315460917239161,-0.15426565257741615,-0.43718623890832964,0.8624375372837536
-0.8074714563362875,-8.500644764264598,13.8205176727314,0.6565488833742931,-0.21161376040665208,-0.21161376040665208,0.6923747515277264
-9.942981450814806,8.789102041128036,14.063327922436946,0.3263255001895379,0.12680330380280824,-0.8103312294687725,0.46988923015788353
13.37543430567932,8.336998245572296,17.07745117519159,0.7438949566544857,-0.11363704411463454,0.2511904093118484,0.6087777048633232
13.59621365684988,-10.391103482663278,16.614224026668644,-0.771201638047225,-0.3694549765791511,-0.5138714841384564,-0.06846277487450109
14.131094786151017,9.128439453140686,17.276346318997117,0.7867185223619355,0.08000145437436208,0.0619257351328155,0.6089654647013244
5.060533402273183,6.3291581351552235,18.210895731863083,0.8978045395707415,0.0,0.0,0.4403941515576343
-6.6692896628300655,4.0790098308012315,14.34857610231673,0.5179090559971411,-0.22260021893005089,0.2226002189300509,0.795404610736408
13.707885848533682,0.9660524607369982,16.31702208907012,0.47305224410309277,0.6619007417927527,0.20976506202316544,0.5423168825674236
-2.315017987199276,-2.728879130845428,15.028855959142764,0.5759906260557872,0.16033424917566214,0.7481952341687229,0.2876310463151515
13.781577334551844,-1.2141769895337227,16.350058889613962,0.010683122204888353,-0.845916957863803,-0.5299231596250628,0.059091591545620575
-0.002738031717031575,-3.2972307687314766,13.174005723503988,-0.005575508151337602,-0.3500518870654944,-0.15920733491479971,0.9230848360687481
-0.9936927779772926,7.30460844730041,14.34303158859334,0.5495515298297007,0.7099620464050644,0.34825300974104084,0.26956789484743005
9.409714801245574,-0.5954641650161623,17.199982933663826,0.5479990638793336,-0.7067425942661019,-0.35430637164161577,-0.27327445261412014
-5.110820088339164,8.318132619290793,13.689341529401498,0.7036354702090175,0.5071979779155399,-0.2777385795617875,0.4129268914531031
-14.86656256162835,-11.155138685942905,17.824743672787733,0.5044672520411723,-0.09041617016721346,0.35478426769288834,0.7819628067804391
-13.68901274626218,1.0120699168502068,15.87169613298446,0.5011974778062971,0.5406732458581258,0.37312530272867445,0.5632504220304505
11.247705909759105,-9.208238788560928,16.430104842978352,0.6036394541451481,-0.5170877587260098,-0.49184674535633477,0.35542430735311303
11.337933925987905,4.893100387930584,14.223742655580923,-0.19013425952602717,-0.6222025442621938,-0.7142785784424123,0.25791291097273245
-7.8284358767242965,3.1733796916313732,14.113160346052418,0.7545109128697318,0.05435876998009108,-0.6075525852810234,0.2421533865240792
9.862708288675734,-1.7563630815068425,16.40105729319475,0.09915249372100664,-0.7148106574779652,-0.6826460304157499,0.11492999653025361
3.0699510394818468,5.38579998744828,16.911527311402644,-0.8258192905021546,-0.47570861264419145,-0.2848640604934969,0.10284105371793137
8.678795982905777,-4.295081375943805,15.39393913857986,0.7745885111464821,0.15918198556757834,0.12321602842425972,0.5995761371252125
11.94083805061505,9.333652390478052,16.541101702909707,0.056712533113499,-0.5608603536883372,-0.7831091985502937,-0.262601095569611
10.029645406289557,4.653467820363424,16.220551573069166,0.04533189237868495,-0.9431364319494265,-0.2959109645311055,0.14448318702652907
-0.8427610974847628,6.085880616439239,17.054548263818717,-0.26105584102168133,-0.6523052787271856,-0.7057924143822696,-0.09058001442679314
-3.0554385698290467,1.0628768492894736,13.747294218051065,-0.10586634545635729,-0.6300288304700881,-0.5906698356858285,-0.49291493676605536
-5.718296966012056,4.084047888033107,13.198955418109598,0.7159679425509841,-0.3731253027286745,-0.17583053143713698,0.5632504220304505
-9.01512662570224,-8.211859259778095,13.05533479553544,0.3299200617919472,-0.0944020669554284,-0.7889243937621793,0.5097443511297789
6.895036810989097,-0.3382698973138236,16.001424821768936,0.3492770699157054,0.46736077164419343,0.7139788997274639,0.3870575775039207
-12.640123467177762,-0.9278358064459997,15.801272561838829,0.15837618185117558,-0.6310340939712382,-0.6845212296263221,0.3288520084460639
4.650062485203197,8.109016484099039,14.054772057725993,0.3712484769480706,0.013932439733933225,-0.27261258956180606,0.8875037078791301
-2.5078150441882965,-2.119104716654575,13.101225287873685,0.06991203341668023,0.1887681164111929,0.9185562909114311,0.3401958939157696
1.6246157851983192,2.5148942817498927,17.874181123758802,0.11031537798815909,-0.08995034449223595,0.08995034449223595,0.9857222673911679
-11.808026939822849,-10.337582168810911,16.85013226188458,0.45815198126282736,0.6803369995958141,-0.2665135011064172,0.5061708039524909
9.969184797253401,-3.418538487261028,12.799191037883796,0.5174371354300611,-0.00621432011464057,-0.39439301922040987,0.7593907686386863
-7.494499822056981,5.69078876963002,16.82434459979775,-0.04029279931751288,-0.7233136795413829,-0.6886314763185266,-0.031312954744487725
9.089411346767896,7.322790446885717,15.994087041614312,0.1592073349147997,-0.005575508151337623,-0.3356673487584526,0.9284122840611561
8.462007063744183,-2.992469981852101,12.37719204388764,0.46225430641661375,-0.5541718589521399,0.05984585624776073,0.6896614969931244
-15.258220955707104,1.3069870783711348,17.790177895352468,0.4699254009831835,-0.5069789471156196,-0.5177038908892633,0.5041082681829867
4.923893124205147,6.7865503982371855,12.552696734472022,0.10911350208057925,0.19498948189266194,0.9722220486081713,0.06969672743446106
-5.143639271833049,-2.8091683935479104,13.451452817874683,-0.30700885759995056,-0.5877372644544252,-0.5130475943984479,-0.5450620471182783
10.004177760903028,4.188974781987479,14.153272597198093,0.8171924090789113,-0.07041475341073329,-0.07041475341073322,0.5676971829664271
6.415092359881374,-6.514179413371311,18.158921872698297,0.341687695451677,0.07826896499927549,0.8555015317147847,0.3811044700977954
7.5764996427271765,-5.462198437920883,13.297387546579603,-0.14539248920127754,-0.982910560036793,-0.06510826265287083,0.09224298990350933
10.874998884067782,-2.5168650560747583,17.828685193670452,-0.5049297686598015,-0.5123414190024413,-0.5123414190024413,-0.4691039005063681
9.841356419968452,-1.8913095986949404,17.78286071484358,-0.0644497781547389,-0.6867918505262569,-0.28057443043470615,0.6674137915362289
2.8910410100668855,5.459337753497074,18.295747431781276,0.28377328231098753,-0.28642775941393817,-0.7969707353146941,-0.44974382701212823
3.3517256068576415,-3.3811485514570316,13.27212610222215,0.1291538755057925,-0.44786141467262675,-0.7656255572431129,-0.443347421088068
9.84373694216171,-0.7542562275957572,15.273578496632034,0.7843145369939961,-0.5685574452780167,-0.004500924423401942,0.24813883242685614
-8.554035701616485,6.922170415154682,12.902823276230327,0.16770592774937967,-0.6995159202634318,-0.6691125029852564,0.1866565226412648
15.392311916956647,1.0881832439404224,18.1493178286742,0.059428041497256834,-0.12934007491393673,-0.9317088909937808,-0.33415265276247014
12.337034783007475,7.293661257772444,16.13217223624851,0.6294839350583062,-0.184856987929723,-0.7489135087843376,0.09330823049116593
-2.5565036766126106,-5.58655451516805,12.551586716258846,0.017982978571659737,-0.14119900699591934,-0.7889470467533153,-0.597747446940829
4.2490334559074245,3.8005857676905332,12.387790210978388,0.467506155369613,0.519889599648436,0.2670942166099024,0.6631843471633319
-2.347521260473897,2.046786442902521,18.22861020354157,0.4494035866833882,-0.2565467270745445,-0.7133700321347509,0.4725710426544451
-6.367008362963102,8.234350444354058,17.507932107937613,0.0594006414985227,-0.776379659256884,-0.613865334396653,-0.12990588788739915
8.066683205415027,-3.841159248271433,14.298268908817949,0.019685496016305704,-0.5831235235242603,-0.8071214701292774,-0.09019074240518195
-0.37996980749604425,4.773065120698037,17.084701929599426,0.7523660139726852,-0.012064967656994385,-0.5793869238287512,0.3132261324834603
-13.586061744686535,-8.722879928990348,17.730636696937125,0.19395691046682673,-0.8796369596571174,-0.24576316690705316,0.3580782063728007
-11.097212945179667,4.53559254218216,17.15007116332707,0.4907349425063041,-0.12700949383951998,-0.010543871357693996,0.8619377190115046
-13.690937643799986,-6.358166245256887,17.03233425227971,0.8896448266359035,-0.4193281141589385,0.09121486174181757,0.15612771731278802
-5.6008794343666235,-5.798129669041207,15.963811473425036,0.15551654046215674,-0.36239639361455994,0.36239639361455994,0.844483459537843
-16.07263258916439,1.347680269881959,17.784248316203083,0.349599559184077,-0.40087777130057933,0.02562538435682135,0.8464162689669573
10.302694987994629,6.47739893596351,13.480539995175008,-0.08473318454043675,-0.8327653674123968,-0.48347931130246874,-0.25606617468658827
-2.3411421800153303,8.251826255278996,15.06155758800789,0.21319034696493616,-0.6022407212110137,-0.755662758264031,-0.14432527654227736
10.262419877086302,4.0856602883435755,16.348096492763347,0.38440107703042076,0.1432725146478696,-0.14327251464786964,0.9006563079614806
-2.047220220169068,-5.691919440718396,17.417885564998457,-0.20064721760234855,-0.790840996607428,-0.31266633746157835,0.48636506203855556
12.038635422037592,-9.547186926722754,15.279287184086797,0.1686115716265482,-0.5736221846097709,-0.6398647873059685,-0.482805117208825
10.324506893833124,-3.6301434512090767,12.615267202409457,-0.6095273248128857,-0.4181164485806204,-0.6400986075654845,-0.20959209986424512
-7.987208487768127,2.6382677495996347,13.34080895844273,-0.5412770688723921,-0.42997287126117634,-0.7128934575920894,0.11800585923897
8.698704961861004,-8.457938684101304,17.839360527220222,-0.24174355235507433,-0.7167995873380603,-0.3867077467309457,0.5274613967912818
-5.362666695350288,2.943776619687709,12.885740462096145,0.5461194908141631,-0.6423502846770666,-0.5367486871966098,0.032256167176003936
-13.6740388198611,-6.061690835613818,18.472041514191353,-0.7114351455187515,-0.39943562881559125,-0.567930652145371,0.1084711321372609
-1.7507415982437333,-0.4907982055147979,16.829785227372025,0.2493664071900914,-0.5174151602023472,0.1893019077852261,0.7964061367586005
-8.137665053912897,2.9035620276197687,16.598507506939896,0.2471630013521897,-0.12910740100263754,0.24856983499152357,0.9276070110241774
-3.586170533519674,-2.210420429802321,13.364160513337751,-0.571294611269561,-0.22122208196066706,-0.7628228181194536,0.20684439983631353
-3.7424302140319075,7.329625715860763,17.463054071939034,0.0830352600955706,-0.5683372226266514,-0.0577942467258956,0.8165523694186865
-1.0925104716723872,1.5572338418617786,14.127186892552055,-0.6850108999182964,-0.4389203625145387,-0.530996396694757,-0.23696372941953686
-1.9132201941084226,7.6678253909164376,17.91270656914165,0.24044512749915337,-0.7796633430580853,-0.5679306521453712,0.10847113213726148
0.3565524416439132,-0.6949998325562117,15.293107805947923,-0.3921499996544519,-0.5665895565614919,-0.47067517481131743,0.5510531117621981
-2.668757054781082,4.307171964204477,13.488239951951227,0.019351483091323396,-0.6879895993582956,-0.6879895993582956,-0.2301437430211609
-2.344944343234406,-9.39068804913491,14.83703944193805,0.18085451833201163,-0.5291075280730524,-0.5291075280730524,0.6382649063451187
-0.5398529380260229,1.6013457815218572,12.177175293039216,0.8426576250627472,-0.5071805514880569,0.07495168860810439,0.16455473098842982
9.429742172403127,-7.769129761141798,12.75981262744026,0.7000926595682168,-0.20788030646719333,-0.4606756895057269,0.5044144677744977
-11.103327369119693,5.769723560554326,15.513987630458809,-0.03312130134809852,-0.06340736616423084,-0.9524595341043904,0.29614746530533065
8.15091611326229,-5.124121363691184,13.30400467534883,0.5836057652504165,0.2997105958243969,0.38462855440865007,0.6493371579161112
12.826889019545812,-1.6342677840584283,14.510791342155741,0.3476918192330066,0.2177190857828355,0.04096106404503737,0.9110603655941947
3.815631841939071,3.461895055069691,12.283369177933002,0.3916730083189846,0.12199777059449929,-0.4868404850154877,0.7711647947580426
2.021099867634579,6.072105686745438,17.915160629381422,0.40206344228875746,0.6790477291575325,0.5114997860280812,0.3400104980646041
-6.241747193566873,4.784577429569913,14.665324939690656,-0.7361814924934783,-0.17400690682653672,-0.652181565972386,-0.049169212852573946
13.586611798604874,-7.180300492499322,18.175497059284282,0.4483927696522133,0.1272968751947566,0.7812326081496285,0.41522890271872537
-0.9933777525839851,10.332851012267295,17.47256473711809,0.526238784481319,-0.6623914027289451,0.23016253984899215,0.4809735715698578
3.9345446169658285,2.6216492145806285,14.521425691132848,0.7011121037477955,-0.6455369878540533,-0.1709599690966156,0.24999300841651767
13.30656826891209,-7.680895573131517,15.717581074888937,0.7344400894755434,-0.5102801422099057,-0.41986591153932856,-0.15467562110637356
2.6335889785143447,6.176684650593399,14.641760282445833,0.5366994342095719,0.2118428603440481,-0.34184995964123616,0.7417647369170786
12.098374331756366,5.946684257258411,13.93351083856469,-0.16663113512847033,-0.367154193660154,-0.747381907902648,-0.5280645288441148
6.941476520382082,8.486624155527513,17.679928388078537,-0.051331399636008995,-0.8119458756888767,-0.5042988030259887,-0.28946795959101634
-9.409534211193588,3.805627638439347,15.241210268208928,0.41283551460724355,-0.345641669556647,-0.44134214670169125,0.717854987925701
-3.2534585713229074,3.0958540511336246,16.410787922053164,0.16883263827787104,-0.5024223566474602,-0.7894327337657975,0.3096179494990641
-3.1097778452386446,-9.846923652529956,17.71754326850588,0.46044208493420086,0.5184378962705565,-0.011667992342390465,0.7204714373843726
-5.207540289509096,-1.0991757391773085,13.966531699638285,0.6660539936301995,0.2858262793877052,0.27169813851688096,0.6331315322325254
-11.730336815634235,4.273443503127767,13.359874962798813,-0.8125565302761142,-0.34785294623801555,-0.3015775048231093,-0.35749296704109
-7.078630736532173,4.223208135050925,16.964904875393866,0.21879563936096869,-0.7540588812969834,-0.48276407530353715,0.3878949849251567
5.24989839843615,0.8418368308184263,12.221654346889624,0.22140426528360063,-0.6477397666890419,-0.6117738095457234,0.3964166393048702
9.460255501413702,8.50939914027113,14.782888680290133,0.5184378962705567,-0.4604420849342008,-0.4604420849342008,0.5542637644239901
-11.456200439047889,-3.154039524014647,15.324724631571598,0.5043087116825584,0.05123395986174609,0.8046219918731826,0.30924303528454045
-1.1425477494310314,3.7828852888608644,13.260817144513823,0.4730522441030927,-0.20976506202316547,-0.6619007417927527,0.5423168825674235
-3.663001254454267,-8.473120804420336,14.104627062952453,-0.04556610334921107,-0.5983496203015236,-0.6766637333223267,-0.4266469900478409
8.540261926140072,-5.229643869083477,13.674459146330674,0.7003965251554518,-0.6172988394798987,0.1850699765999459,0.3068158308957253
2.9141616417625613,0.4447281248963648,17.670771567743632,0.7345363773327673,0.6305787963824553,0.16326816223797466,0.1901846448248211
2.3316005817014833,6.652908232684654,13.31491810305853,0.08828093006694665,-0.8622085500017993,-0.43327098337628467,0.24714196052968657
-1.498065288519392,5.114090800772454,17.06782101885937,0.31144108154966427,0.7780464482317566,0.45877650836876394,0.29524954273646153
-7.743370130348061,-7.089047201928049,12.278652193441586,0.9006739784544,-0.012916982920819955,-0.24576316690705316,0.3580782063728007
9.1684984713465,6.50585467212732,12.095341609756959,0.6460801973420301,0.6796759815889325,0.2517243422287116,0.23928183003129821
-9.252579653051072,5.690217556775963,16.89701327194351,0.9605897166758506,-0.2540069707007966,-0.0741062817163246,0.08518282727284139
-4.695131758090396,-4.694799416093571,14.732305649676855,0.3631003605844654,-0.6222025442621938,-0.643819114667043,0.2579129109727324
-7.354545385430741,3.4192848672441265,13.500384606482076,-0.8796369596571172,-0.3128129934613395,-0.1939569104668272,-0.3012765626614557
-12.614852404130502,5.256890085162608,17.371912275230226,0.34920495183770706,-0.24797204579500884,0.36743447978389465,0.8255650605386597
0.8351695490451263,-1.3440372502355773,12.87072800244076,0.6778018367495626,0.0231246160413362,0.11953593109162242,0.725093844553875
-4.446895664092338,3.5375887811957103,12.89569475049393,0.35827285001156234,0.8943516700480872,0.1998293432413366,0.17844856067373072
15.40387372060058,6.665853939777126,18.08564818753356,0.7013426071152087,-0.28347864286063396,-0.2726146178592649,0.594507928135683
-6.99191405194763,-10.30428701011963,16.80986689800133,0.8712308981605964,0.06388861883469478,-0.4777121173240915,0.09309188705472199
-11.706467704473724,-6.4065494110904515,15.741260173900775,0.7375787100056498,-0.1679858329135707,-0.11587137108819738,0.6436864390748623
-3.463384390662119,2.3543519587289445,12.713971951553154,0.7798682697114517,-0.20860005461665954,-0.33466783185134985,0.4860956093559264
8.732464851488421,2.960918093872433,12.278339023164122,0.11585096868341774,-0.7989286914011291,-0.4992402680721898,-0.31472313840326516
3.3529138454959586,8.099778329294416,16.41174759211483,-0.21355864189053902,-0.4871504344434981,-0.22893563243822312,-0.815270284565487
-1.9557369720388813,-1.6120479801631307,12.10573099824765,0.300202937193347,-0.7494736705165441,-0.5002986697376318,0.3128396630251711
-9.382254259762632,-5.01113492137536,18.09181962690362,0.6757606403704393,-0.3311202821592548,0.05742503543119315,0.6560558520237706
-6.8810981198824575,-5.463773617047124,14.222322228849004,0.42321008961105705,-0.5437817281639163,-0.5741851454420915,0.4421606845029422
-13.915132938652052,-8.680110316335353,15.936460113198367,0.18043322702943718,0.8537115869199594,0.30001876693467516,0.3854985297369436
-8.794696398541323,8.871431228556679,14.591895933696353,-0.6214495921649223,-0.5622741566895348,-0.43620637945484464,-0.32767693180939694
9.54936620183267,1.8804881679605163,15.149935784425164,0.519889599648436,-0.467506155369613,-0.4533780144987888,0.55281206104611
-12.890742687646043,-6.609061572510334,16.20718890145843,0.3423457451512505,0.7962389698366474,0.3394156647764409,0.36551320112230745
-3.122271114875943,-2.9978156025362415,16.565686398174027,0.8199950637865702,0.0913115821003023,-0.09131158210030232,0.5576132040351434
-10.465729681337116,10.52760510859549,16.344889933724353,-0.015279005207464641,-0.2546296109901472,-0.2546296109901471,0.9327883331248759
-9.980872114900677,-9.399922067869337,16.554714686597055,0.6222603222655652,-0.20788030646719333,0.5613768023501067,0.5044144677744977
3.924275809234576,-10.146263611178593,16.450701493158224,0.6460801973420301,-0.2517243422287116,-0.6796759815889325,0.23928183003129821
3.19701855938227,0.6403002810184848,15.938041924808271,0.4756437935732887,-0.5882215357741294,-0.5268755329013304,0.38750558617479886
3.445785635763773,3.603818109415432,12.311652389371776,0.0697016271077382,-0.7210741098299603,-0.07332607007256403,0.6854320526202269
-4.034378956690025,-0.83624569609864,16.688161241255763,-0.3771436005746953,-0.4332029057931973,-0.5757315982891476,-0.5819201609235655
-1.1428222375032,-4.156024115760535,12.304956208486379,0.10186073873399445,-0.5287019157895109,-0.12248449569796069,0.8337243084249626
-1.9226046774974819,-6.2880154295303585,17.13821235938963,0.7892315825901445,-0.2966039371183145,-0.4536504171361573,0.28868826190262886
-15.445463133748078,1.3849673695420304,17.489046152175924,0.060136604837522006,-0.48715043444349815,-0.3072497454590263,-0.815270284565487
-2.9003610395176285,2.2091295826152972,13.460163980418605,0.5406732458581259,-0.5995873810465766,-0.5011974778062972,0.3113976588601027
-4.825127496020023,-2.594257906433537,13.441329558289706,0.19574096526934415,-0.10775958843872177,0.5399884513186746,0.8114713907818328
1.5989279230096827,-3.881284621545444,12.143244585671017,0.19499690064663405,-0.6215000563040346,0.22714420119071627,0.7239609109735968
-2.32925365031371,-3.3505218451901193,12.467107876552392,0.7202340067195832,0.15744664528280783,-0.015519455775630464,0.675449980343677
-8.262085527727015,0.7457960714158762,13.111102909566494,0.4873860430202913,0.7575191806031557,0.17388114321448814,0.397975984353037
8.38545501270045,-7.948711753208467,14.879436027648799,0.7176405702723452,-0.44255214197991677,0.04939446126296976,0.5354435551248249
16.296662032705598,9.742094138829268,18.280520346205453,0.5300477869330531,-0.4897293503789082,-0.6857451785299427,-0.09469982612318883
-3.1945576882855304,-7.365144795234541,12.609014360961028,0.2721994923056876,-0.09371884179011578,-0.9296850530742642,0.22980408432477395
12.124298176979572,-1.4997940774236618,16.754105253139716,0.45997625925922353,-0.6031146376869412,-0.5119824309885189,0.40317312048886406
-1.8826895799604273,1.9241561504192042,13.558709443089725,-0.17574295549904603,-0.7585566723131052,-0.546823981400391,-0.307716950860938
3.6264542054261,-1.6021680516955907,16.154848273587078,0.33728488372174575,-0.22228943744947366,0.09547470512101247,0.9097861803156063
-7.577910466947452,6.455917298512629,17.303118605384675,0.3919731118005621,-0.5260980993201965,0.1726016034372837,0.7347016782395009
-5.61746272316798,-4.10743049969052,16.657170083225665,0.2941202806319909,0.18989647297993265,-0.6991556949602268,0.6233890472854198
2.427058991798111,6.876582422233993,12.273371178633335,0.04527304265379306,-0.34760158761720855,-0.6545017051863251,-0.6698888010730266
-7.001598682020218,-8.315652764030991,13.609273640309997,0.06877668259860739,0.8708586575656553,0.01967949739212996,0.4862999936829827
-4.223424856849,9.8693880465652,18.047197689442292,-0.22136411859520214,-0.7764216079525501,-0.42825404810388834,0.40591364104397687
13.236379735315863,-9.518593519401124,15.428538891710218,0.21342598188906503,-0.06615137670332931,0.6922828460558765,0.686161647625192
4.38412589627314,-0.9734067649794618,14.925069072244229,0.7142176953384338,0.0856789622353831,0.05734873494491896,0.6922884671117534
-1.6137187853435524,-0.07309569269756899,14.673953467833249,0.4098407174086258,0.1243576303960483,0.8777456624074845,0.21477504101060807
-2.94827068871453,-2.345889811818436,17.64774196107385,0.6038561639262007,0.24737362892355005,0.3087196317963489,0.6919943713246905
-8.056206640069508,-7.009743814517952,16.539131076763688,0.7830799068290741,-0.04422002692604678,-0.09770716258113077,0.6126040802341859
1.6784433130043865,8.163925294963555,16.651450425898148,0.20998552635368642,0.5799373831284742,-0.02674356782754203,0.7866787730401247
7.088572677958755,6.070217001135466,14.75426982338879,0.09137913183043156,-0.690035161884737,-0.707421526008978,0.12270335842082797
-7.39528966050978,-4.874894720724829,17.80400800558718,0.4282435274439309,-0.11011243731621323,-0.29049490201883715,0.8485843766248166
3.013337304994259,5.066660442966704,12.682713764449588,-0.5646501515637841,-0.48848616605841844,-0.6652441877962162,-0.0012816052025962366
-6.992074336027734,11.526925383174794,17.80810195982539,0.7692467617884111,0.3300564939550674,-0.20004939465787935,0.5092174093382393
5.653671306016964,-4.489622245252098,16.85256080528216,-0.012620506684837288,-0.0704147534107333,-0.8201234015470521,0.567697182966427
-0.375936235330931,4.440575924917958,12.155658035389742,0.11148947316935093,0.29255583176283007,0.9464915647177021,0.07832560623586314
-1.2617782710690602,7.095855534459584,12.185328085404405,-0.16663113512847078,-0.747381907902648,-0.36715419366015367,-0.5280645288441151
-8.63866573941306,-1.088322282572694,16.553281189519808,0.4277281918466285,-0.1708556394254212,-0.7605446843922226,0.4576338355266998
-10.470412646912402,-7.360945622188282,12.099635883495255,0.267858619340985,-0.3107136326594195,-0.8943516700480872,0.17844856067373072
-5.375095815379387,-1.456685526345221,14.160713413012267,-0.11938266412807141,-0.6857451785299425,-0.7117115093637725,-0.09469982612318867
11.390406643575172,-6.270640930223551,17.547097553485113,0.028156172872223384,-0.253528926795963,-0.926295362541869,0.27732150032102626
7.030291520887467,-6.7152266950205295,16.368037845371248,0.4275190648585102,0.02572320093305233,0.36743447978389465,0.8255650605386597
6.414499894594769,7.899947091243014,17.996924201125694,0.77642160795255,-0.22136411859520197,-0.05884979373497087,0.5871150785666279
-3.7089213265483103,3.743396000554034,13.825007348857943,0.6538098000253519,0.05435876998009108,0.7148003965527583,0.24215338652407922
12.787164047951382,7.439599945717495,16.808852745348613,0.10000168171000391,-0.015319694152424278,0.9833968130186284,0.15065085054871688
-11.03862776851027,-10.820321128741009,17.547559430103412,0.4565257967465145,-0.7122315814442349,0.1803223611337023,0.5017910096579756
16.56162774132579,1.6871859269932905,18.477703569427128,-0.39903768539093004,-0.8827093446650601,-0.22079798940394585,0.11331984095472246
-8.685154356341487,-5.532349351401315,12.481343936454024,0.6490398150722055,-0.34967669209884733,-0.4517450437806681,0.5023942126193808
-3.462162639887012,2.748872964451934,16.53081835451022,-0.20976506202316544,-0.810355778950385,-0.4730522441030927,0.2748521504830548
-9.074653550139438,-3.6468717015420866,16.536089055548988,0.34760158761720816,0.04527304265379273,0.563054122093501,0.7483939761171126
-13.48190961592224,-3.063884369537332,15.112970320650541,-0.6211004787486792,-0.44786141467262675,-0.46593713391417335,-0.443347421088068
-12.35554232997386,7.307529096316294,17.790129212448154,0.05366080875391595,-0.8934866897545639,-0.24937963909870225,0.3696104008795056
-6.067351897955437,6.240382904158864,12.025616936370424,0.8738076065738356,-0.4399792436352681,-0.1330791260661509,0.15864576284701637
12.793328359497398,1.4374939661806803,16.835907871876437,0.3833892993887721,0.6150912367556075,0.5846878194774322,0.364438704496887
10.266222110834592,3.9590090010173533,14.428470427220695,-0.4566265527489633,-0.3484167682054256,-0.44680667144570496,-0.6859021397469864
-15.314481199605844,-2.2784911826372554,17.791319113550013,-0.16141528023974766,-0.31116172549055543,-0.15450489212378044,-0.9237162584932036
-12.370500199939908,3.538344223131414,15.481346777949806,0.7234982708731035,0.09946962270875759,0.18438758129301067,0.6577668782074086
0.561315302858727,1.5716516773017393,15.83214985630649,0.30508449708353136,-0.6178420489678756,-0.651437833214778,0.3175270092809447
8.073279107983645,3.6145245406841067,15.026032791342574,0.42418459739733766,-0.6144232705735648,-0.5822759700294826,0.3217237427277756
2.8631504439028355,6.672077403267329,12.784617313372094,0.03217558032822646,-0.84537232077478,-0.13865525278720667,-0.5148641492402823
-9.274895870421926,-1.09355105665869,15.134853514852097,0.026743567827542017,-0.6162029464452365,-0.2099855263536864,0.7586071375185099
-8.856070907903238,1.2443577690926997,14.929468408187404,0.0,0.0,0.9884683243281113,0.15142777750457692
-11.484962127866874,-11.077022686853716,18.496018506758503,0.42637150955231906,-0.6037816328022081,-0.5929176078008391,0.3195368305727935
-13.216439679289032,10.731159898279973,18.243126877682695,0.45543523017825116,-0.023697628561929696,-0.24567978754679398,0.8553704551268917
-6.008220154493554,-7.132307791699146,14.296424407316424,0.14850355837190551,-0.05766068793121407,-0.05766068793121436,0.9855441051954401
-11.584975857160856,-5.751594221693928,17.80455133556466,0.8490950796843147,-0.17388114321448817,0.3006958755429493,0.39797598435303694
11.758111971507788,11.888930524205984,18.327822535968334,-0.19994576806426162,-0.4658045568210226,-0.6880534016829791,-0.5192593967473716
-0.4224957231073141,6.944541377177723,13.174161357977686,0.017706367930612144,-0.6987283439468576,-0.7095923689482266,-0.08912831104891356
9.22283715431755,-7.611831208962447,17.51240742442165,0.17369062199319613,-0.794809779424225,-0.4066310803184558,0.41564425520182136
11.090326733778868,0.7476083807655307,13.591372690417828,0.7489135087843378,0.6294839350583061,-0.12022471307801236,0.16859581913307312
0.018492650331744187,8.346678875360999,13.553934959693812,0.6605405652825089,-0.37284257655292297,-0.311496573680124,0.5724023578840192
11.780715040450954,-11.871026688064195,18.075279009612622,-0.18739709353448308,-0.6400698201719108,-0.735770297316955,0.1176223797839745
13.009385846654109,8.589464472475793,16.065447035642965,0.20321357083493025,-0.5372209021162816,-0.4468066714457048,-0.6859021397469868
5.867405721747996,-8.475069296449867,18.148784390552404,-0.8434770612402306,-0.40019944631971327,-0.22344142458191568,-0.28010851487904276
12.007891775010687,-3.621683904910334,14.841727536395323,-0.13095501484799546,-0.5833721426748297,-0.32515734066955504,-0.7326666575229436
3.052673279806445,7.6542429843745055,14.003755187233125,0.5692165266801207,0.41798310564207425,0.3896528783516101,0.591145754906801
-2.5804686211241687,-5.814286638761971,12.760738430941602,0.4324973017255984,-0.6816557671500212,-0.17380061654323598,0.5639901105519349
0.18247448504620145,-7.126662648803875,14.91512638816382,0.7210741098299603,0.07332607007256403,0.0697016271077382,0.6854320526202269
3.5701098472189674,-9.802314215024916,15.40468243775398,0.17600467987443214,-0.47536780284779007,-0.09769056685362897,0.8564486895464198
-3.6403957314927915,-7.184804700374484,13.985795010289246,0.16435726581891566,-0.19508043460494345,-0.8391874852608056,0.48030685794450495
5.9684971032086,1.5135500177086119,13.17492555845637,0.5418120870691611,0.11794530178696816,-0.5985584755082946,0.5781490460852872
3.1690864106526515,1.205246277210314,13.381414043003293,0.09946962270875767,-0.7234982708731034,-0.5683568195401545,0.37898096506817713
5.33028181852616,8.873984848165959,17.379022385165957,-0.1293100994883142,-0.09304278559964199,-0.9442219457731672,0.28821321159606106
-1.0132506547001938,-1.4033965158286872,15.519739527975554,0.3914448016735219,-0.5399796409151472,-0.3573564767145426,0.6538266614249488
1.022526824574772,-6.806793157465723,14.366661136552782,0.2515831808985151,-0.7368851434295961,-0.5128871968245792,0.36145941932000275
10.438077288873572,-1.2938242260162518,12.266622605421622,0.6495063895883599,-0.037795404690933565,-0.48993108446052097,0.5802417511240291
4.2313956099392875,2.075738277150288,18.031769015292937,0.02036503349592315,-0.20026572248039506,0.0990974004929629,0.9745042898959719
-5.709974304661273,-7.192615193423405,15.958987625472705,0.8732243985327465,-0.024580141037995485,-0.48467908094229845,0.044284929384664315
11.19140401258083,2.1372106542222227,13.583482393519825,0.9016662461225559,-0.28028430270028826,-0.21404170000409078,0.25024955728718257
-12.581842046262455,1.167586577220682,15.251100120192197,0.3302732774930203,-0.8845794887464586,-0.3289074831692806,-0.01607973191074416
1.2892384976145337,-5.65700392592408,12.193936870762307,0.5892561513704119,0.10123962087538421,0.7152573360752851,0.36184896079390116
-10.259049632392331,1.5442015855218774,13.370532704729616,0.40278139700298676,-0.030673001436399477,0.5249990041407786,0.7491344064067516
3.60469567942641,8.239847310733087,13.907554496059449,0.6597595360360846,-0.20138067052953526,-0.22184685028376855,0.6891640988659348
3.841704580600968,-0.783002045416664,14.926197113586285,0.8158878066596914,-0.003984318088660219,-0.5492094972122722,0.18077649273411944
-11.74250179842582,-10.892796806385737,18.26102041604917,0.050065099050614216,-0.1512334210380464,-0.9871996323221949,0.007669691069700381
-10.867081446305964,0.28983234206424413,14.461047952770622,0.1404816468376556,0.07511969571023992,-0.6745889524260787,0.7207993364889199
-6.392748447182717,-5.131071889751287,16.413310899848845,0.4164924784866183,0.3660675446853119,-0.24277071092467478,0.795984264925676
1.2104177537906402,-1.702146611635599,14.52273357085123,-0.581999585162236,-0.7211742865690428,-0.37300672672038165,0.04527817447694346
-12.404609151110435,5.277958301253435,16.08901479559104,0.5544633765178738,0.00646498323722644,-0.7026864957184611,0.44582536584076293
-4.252892806617989,-6.103400872113277,16.055260708634858,0.5828936565892837,0.4215243599274543,0.3861116240662302,0.5774686249976374
6.0872365929298,-5.700340750303073,14.623767081002704,0.5006734266600512,0.47342525035111577,-0.4734252503511157,0.5486922493497148
8.681952620962335,3.2290543210924323,18.445237351503074,0.09091200454494688,-0.29958942697572044,-0.5671305497605774,-0.7618032043790866
6.536083787355665,-5.136702488714731,16.53091637126606,0.19334838361231507,0.5504879335600933,0.7971060616433638,0.15556787602409983
-11.705036716529927,5.9510333135074465,17.069272157813828,0.22351769196322052,0.18142664164171063,-0.2967480175041389,0.910529971604125
8.257900337532941,-6.787995826202858,16.398071807217224,-0.4497768206569009,-0.5643459086898259,-0.5536209649161823,-0.41559395345709776
-2.2742621942673136,1.75459928748581,12.368743168247105,-0.2144286366243586,-0.5650100993537228,-0.7967120367205581,0.005820478356186709
-11.12001717468565,4.355744573231638,13.845398402721584,-0.1281287546748362,-0.6814453669176055,-0.5625892839230926,0.45023164232082513
-13.359086198345924,3.2660010791436616,17.05368764484053,0.6590680603773053,0.29396391759138063,0.2635605003132053,0.6401174654854201
-1.1732017981256213,-6.647744262755226,12.758800811057831,0.7500083701084866,-0.09863588738626451,-0.6438610665098764,0.11489705618291444
3.3879365360786267,-6.18480717611414,17.38377716260736,0.2732949896993435,-0.8232025949564987,-0.4930420837583665,0.0675043695276821
10.706762810423893,7.064997696943282,14.285103887913804,0.31376928774351776,0.3309556776305572,-0.3309556776305572,0.82612681408917
-1.1264805790344141,7.808341517482207,17.569763211780348,0.29484452248340054,-0.6417040115267392,-0.6275758706559149,0.32776698388107445
-2.5473995880513964,-1.829316513881472,13.847455958402561,0.11279667540139061,0.4777121173240915,0.8662574349145397,0.09309188705472199
11.187176172361575,4.946190856272482,14.443924449873633,0.7619166668594286,-0.4749062897410914,0.37373796775365936,0.2329526565324663
-10.921837988538861,-1.5846434552565505,17.132543873820435,0.8883317082329903,-0.1491550872766728,-0.3451709154277069,0.263584095176748
-5.413011337376367,-4.589127293878063,12.860238663697388,0.9296850530742642,-0.19346712530864807,-0.2721994923056877,0.15544648565868724
7.995019284503908,-2.122751107948355,16.290923702270085,0.11884951087327197,-0.0783284166833873,0.18921270610147006,0.9715647197973051
10.524475071894349,6.879380453285698,12.833201924530073,0.6810219760162454,-0.10975376092145335,-0.7164347118774695,0.10432872932980693
-7.395777183610818,0.7179738803280049,13.393450687460565,-0.4364252330001611,-0.4898521679891745,-0.5322003238666592,-0.5351081057069532
0.13299898615928818,8.385610054784458,13.806919111468346,0.5503924294264365,-0.09864738564576866,-0.5507830654153559,0.6196570678907674
13.335517849907069,9.941002070595742,15.81011259997723,0.07948332737475244,0.9654477003911758,0.13805963367783056,0.2062345170614556
8.276100462089873,3.875468192905551,12.60959821304234,-0.25708929628883614,-0.627578816963934,-0.638442841965303,-0.3639239752683619
-10.913126488980215,-10.309536251991124,18.048860480641082,0.20533256140249098,-0.6007204298713401,-0.5683789156928474,0.5233726326040624
-6.856046471142267,-6.384754421526926,12.968274714143668,0.5695253261178701,-0.36822680602921026,-0.316112344203837,0.6634175970486575
3.755200220128117,-3.3860415255280882,14.119306154805978,0.07151384859015152,0.6853401471483772,-0.0018122214824129318,0.7247008817572703
0.8918198790091392,1.0397402469166863,14.921172462349158,-0.23549500900979908,-0.7721726501374427,-0.5895494859368382,0.026886850741627666
5.964826045981306,0.44841241587121417,14.891631583687122,0.20667242011506,-0.9303562196670305,-0.2831307522487092,0.1075211254672162
-6.7512490091157655,-0.7265267733732497,12.845527271602611,-0.02823263223503597,-0.616086035762402,-0.5630129361112741,-0.5501430257551317
3.7970534231309117,9.058035163511642,18.43744244691221,0.48252691229657263,0.5296825206138697,0.49500031739101347,0.4915067568695977
-5.330523799949415,8.319341293066486,16.390469778572648,0.4922748971058304,-0.603290342370666,-0.5780493290009912,0.24405975031379537
-11.85839034036847,3.6193391504285017,17.275477878818926,0.5736221846097711,0.1686115716265485,0.3803442625392626,0.7055961799716631
-9.030785994963091,-8.783547122483396,13.737402417045368,0.02337546122030537,-0.22221665598643903,-0.920916358743919,-0.31935310521863386
-11.639959825351522,4.3289654476204,18.216945322334016,-0.31463874476029513,-0.33012919710719585,-0.808303856253045,0.37237353488060915
3.6317834595372585,1.1646846011936383,12.522007308752347,0.2517774374828326,0.32388165037595107,0.04096106404503737,0.9110603655941947
-11.354290894640549,6.880579263888613,13.293941716661223,0.22606783988479373,-0.6613835089188687,-0.7037316647963535,0.12738496717800168
-1.6563835346951397,4.617113513999298,14.94500477449297,0.982910560036793,-0.1453924892012776,0.03450819978319479,0.10750367063378416
-12.470117351163667,1.6675796408597652,17.876007718772893,0.5940946608132929,-0.5592319034530597,-0.3474992125403456,0.46212066545140107
8.079071019980875,-6.242197637690481,14.660289432182868,-0.03936618349851975,-0.05973121699444328,-0.977533514378366,0.19826929560626638
3.212997115902283,9.275151180407054,17.876488631694794,0.3356219106334457,-0.8711894643393115,-0.22344142458191518,-0.28010851487904287
11.92863742091324,-3.5737678506016284,15.879568654042254,-0.04656758671301697,-0.6653108335415858,-0.7357702973169551,0.11762237978397455
1.0032188927572605,-1.9670533655137756,14.483978615011583,0.8103312294687726,-0.3263255001895377,-0.20985987770771164,0.43912845296357195
-3.9870291372257896,1.3399285314885852,18.298084281815434,0.2659546101552664,-0.2168574249487892,-0.926008903904477,0.1573165994781554
9.626771050855101,-4.006982780897008,14.886229573424641,0.19985576323687793,0.4658431809343589,0.850401497780507,0.14094359599014766
-6.710422425979936,-3.936862020668067,13.013864081099612,0.7057924143822698,-0.12350247582446688,0.2610558410216812,0.6468802471355394
14.921917056357994,8.771432489792945,17.85682773999832,0.10301243334955848,-0.6536399977785093,-0.5218345311303414,-0.5383603941594236
9.559502368934753,-0.9239049510913429,12.309994362278566,0.9524595341043904,-0.03312130134809885,0.03312130134809885,0.301042845269017
7.88214700689017,-3.098458075430244,13.24245496901355,0.10411545813746814,-0.4486680588148446,-0.5675241418093574,0.6824758551331296
-2.8999981084115536,-7.757951318215257,12.658005511807191,0.15396186066245857,-0.4568362378141121,-0.6788183967989763,0.5538970856110993
4.0348564994695995,-0.015680261011402408,12.598358343404293,0.6731111793425982,-0.26020536754492996,0.38702009987339137,0.573959884694754
-2.73456557336689,7.699793589220615,13.463250724928514,0.49649213202902753,-0.49713971036335386,-0.5275431276415292,0.4775415371371424
-11.282655255346036,-3.7300449431148603,14.361265512961225,0.5253245844193564,-0.4993582535855265,0.4993582535855265,0.47467541558064374
1.0122226498163105,0.36304660931426724,12.248806645558988,0.7043245665305873,-0.5615223672251661,-0.42971690057699824,0.06295173902160525
-7.794358193720353,-3.252340426493415,15.377299944529826,-0.3205056096520761,-0.5363744563989877,-0.6807909639582933,0.38223325352064774
5.824144910489119,9.803370705700308,15.320438626640879,-0.10528001248585087,-0.5444148701852644,-0.8314252473036017,0.03550529873534225
-6.825369018182631,-5.670028178103159,12.575521659193862,-0.19406321756753012,-0.3973118866038057,-0.4932262683539794,0.7491398938491197
-13.025931786565382,4.013252806674277,14.974429451579411,0.48531736761857025,-0.4880278899927783,-0.3071955496583514,0.6572113248773802
3.3048355761940975,8.47508501112638,15.488462155502281,0.36485760153409685,0.8973771738371538,0.06998910712380879,0.2381064118473935
-11.787983072832333,5.239926606351565,13.800018463280564,0.08637391679000536,0.1338566706599715,-0.24001923525308666,0.9576078032925094
11.004830381413479,1.6417814601370484,13.267512991588752,-0.06570003483840708,-0.92439135335615,-0.2802843027002885,0.25024955728718284
-10.613961360115166,5.296200909491166,16.689854679652864,0.8834737245176649,-0.1437780416182454,-0.24937963909870234,0.3696104008795056
-11.850810274063633,-7.303223111567441,15.694434881142815,0.6510867046482369,-0.750558623945049,-0.04384155595747538,0.10404697507972824
-5.328828007443942,-2.013827188307727,14.24265788227825,0.5838046006069647,0.6083030287463408,0.15616734897675355,0.5145399621426339
-0.03505811957247751,5.543529158348296,13.544508434117926,0.05308128229655802,0.04795719087508726,-0.04795719087508726,0.9962843937132084
5.0726312324243334,6.340807567215229,15.93362029550368,-0.1431686680271678,-0.5103287339572219,-0.319484181806527,0.785491676192918
-3.5774912655776205,-0.9782854953676043,14.264027147417565,0.04455393732616476,0.09082937874107107,0.8931981948209154,0.4381346315858913
-1.1963499859080091,5.155163738246701,17.4527525519964,-0.21627708161776715,-0.34859062730167173,-0.868574793055609,0.27800472548633914
1.7664609894438232,1.4564758595740699,15.89361478636285,0.7907793377254786,0.2177836311124931,-0.5319250170238254,0.2104616480742141
2.0502815960999428,6.16148625887749,16.622123870936164,0.6169371791925773,-0.25927620844381793,0.25927620844381793,0.6963764875409719
-14.021254026034567,0.8080778745096122,17.74061874609007,0.16550444756946395,-0.6144232705735648,-0.7011320530239955,0.3217237427277755
-13.872006366278148,-3.5889919912468287,15.67763153518276,0.13307912606615122,-0.4216719268042482,-0.8738076065738356,0.202343764530482
-6.038692769051863,-2.752312951325882,13.260422174325344,0.15426565257741645,0.4143903667849938,-0.20315460917239153,0.8736194463968138
6.456636307877428,4.945735166361592,13.649486632150003,0.1740269763162869,0.1865054913597287,-0.5006468772710613,0.827214009483406
15.37802224727248,-7.742069105675326,16.936284139915337,0.6412911381868601,0.12075452406214188,0.16310267993962654,0.7399740108936521
5.262945833407793,1.5369240014328245,15.48495390449773,0.45549598861296076,0.0224995743176942,-0.15788289038492967,0.8758368377938462
-10.688143506236315,-8.912473017555744,16.414280091053882,0.193467125308648,0.9296850530742642,0.21318127577900153,0.22980408432477398
-10.753829749658426,-6.563419100437599,14.161729352735676,0.4151391317931733,-0.5625892839230926,-0.5553775896829151,0.4502316423208256
-9.975938427797315,-7.5427786150771645,12.164685307287641,0.5369970966883383,-0.5270998961999581,-0.49495259565587585,0.4345362420187761
12.031272572280756,6.32873342873633,15.013873668859135,0.30859323738641475,-0.6169335731607147,-0.6523463090219389,0.3140182689780612
-13.41755587550525,-3.6872960627209945,17.9660888449162,-0.3810857437678492,-0.4849690150152303,-0.6534640383450108,0.4388205338881632
13.138725290428317,9.12312844979891,14.840255142266546,0.7443862470860276,-0.1795404316681459,0.31240617157474065,0.5621892319385072
1.2540524452498047,-1.9489031153472887,16.831343287947377,0.5492094972122719,-0.1681397669022953,-0.8158878066596916,-0.06652092830021655
-8.736812759077253,5.930766550178472,15.241822734483272,0.4691317330898677,0.11099107949243212,-0.11099107949243212,0.8690669580385085
-16.27299161663211,-1.6233718752323796,18.43254048589493,0.5672242895253728,0.1366644350706965,0.7971060616433638,0.15556787602409983
1.4801685226853678,9.73640023333475,18.110716475775256,0.212962422233685,-0.9601827907229334,-0.06762884814499617,0.16769720932222398
3.8956711638944235,8.089779617043442,14.491309624808283,0.050584160993716376,-0.050584160993716376,-0.997434661695948,0.002565338304052455
-9.58814681855925,6.840666543541266,14.453897569007808,0.14160744810171783,-0.5456445531604579,-0.7525244063128613,-0.34047961782156533
-1.1527723267991998,4.356348166259851,16.840682364129243,0.24783199760701138,-0.46852106160681034,-0.7683018949937098,0.3588586266791148
-0.7140087820860508,0.7952703579993212,14.947719961510558,0.1435051885591686,-0.61841147830026,-0.61841147830026,0.46318543572695714
5.3423362410849595,-3.5351331327509063,13.876324063827646,0.8711894643393114,0.3356219106334457,0.049076881337706546,0.3549342334082519
2.352655567662598,1.1685491175592038,14.96187523276068,0.8566305557786156,0.2687695707855549,0.13183776854949572,0.4201973482901316
5.207690840803192,1.821355671069126,12.030355019659847,0.045736815492024685,-0.9484998525005358,-0.21871167800029748,-0.2245470450070648
0.17365529331766894,8.606108672963222,16.16862170494558,0.39318112664859195,-0.0893125901750932,0.8032413524028439,0.43844633956005313
-5.059445443013832,4.325761613375223,16.550898824223182,-0.7712016380472249,-0.5138714841384564,-0.36945497657915155,-0.06846277487450081
-5.752104818629428,-5.216980265482665,15.710720712654801,0.634351929332468,-0.6849896199397744,0.1530803996292417,0.3239648770720222
-1.4409098129683802,5.559988867400712,14.996606526633851,0.9150902274738872,0.07297877699648525,-0.3871201629078177,0.08615075832580527
-5.026640535000409,1.3599789529188158,14.188196862362826,0.004500924423402386,-0.6167665938645447,-0.7843145369939961,0.06655386864755572
-8.728825205440515,-8.712835896834191,16.033380025662826,-0.2890330888833482,-0.5307315009558367,-0.7920355168819007,0.08639263522624505
6.734891273284372,-2.496765909938004,16.143954831330426,0.722770470053406,-0.6449881465111974,-0.029581620932293634,0.2464103613524534
-5.855029489530196,-0.21609932359366368,15.871668852878244,0.6487290607840386,-0.6860844812639236,-0.1304124756867453,0.3023760513802742
4.241525917441109,-3.8457886989982573,13.931931606488705,0.7189557433468698,0.023461458028559146,0.4944514760481574,0.48792410980553336
-9.716808124655474,-2.8175567304462303,13.337215022474297,0.45736509996837726,0.4654601425787059,0.556592349277128,0.5141682387387368
9.32045691276283,5.843721870543426,13.737613611818386,0.2367290941812281,-0.18324195852614408,0.7545101736209366,0.5840343470260483
0.5210894042740151,8.453550327002112,17.71281638876212,0.751337712502517,0.43341008930268654,-0.31808871344025846,0.3827099510648283
-5.15853883854755,-2.7594070972538685,14.112089438971122,0.49948643077908683,-0.39831810879165475,-0.2772375859171304,0.7176317374747647
5.094963582606521,-6.856824381534332,16.369459979311493,0.6131468129574357,0.7180614844823997,-0.06687507299492804,0.3224382342015215
-14.670177967384824,4.216617392466244,17.84398679476098,0.3275851691079965,-0.8913090280398684,-0.2759025024609648,-0.14877493959295657
-0.505808732324553,-4.115345626115848,13.71454734307134,0.0962083097274847,-0.5212260981056442,-0.8404960379686369,0.11239984854068737
9.298118069219258,-1.470566511948503,12.501196891767002,0.713036648365367,0.019341646332163454,0.2608722659980094,0.6505000381538109
-0.27267679084796903,-9.12356088332552,14.78302720142401,0.04145957051931731,-0.7581271035198558,-0.575503939319251,0.30384143027074406
3.3656959320083217,5.979048783048931,17.332759772873032,0.39197311180056205,-0.17260160343728376,0.5260980993201965,0.7347016782395009
5.8086622952432485,-5.765103630121629,18.306382187709495,-0.03460054791128646,-0.31116172549055543,-0.22074749481997769,-0.9237162584932036
9.838672841807773,5.342481978422587,13.272946478401042,-0.5652410342484824,-0.3260959248444829,-0.35824322538856507,-0.6677018889180445
-12.558107214245286,-1.289886841390814,18.466112536346756,0.2948445224834009,-0.6275758706559149,-0.6417040115267392,0.32776698388107495
