Index,x,y,z,ROLL,PITCH,YAW
1,894.5318679845112,1613.0757785161854,-707.3315242031306,116.12903225806453,23.225806451612904,438.38709677419354
2,487.36114949056645,1369.5517017006293,841.7677056620338,34.83870967741935,34.83870967741935,368.7096774193548
3,1129.7149620684713,1283.3586503391114,-33.592883445656874,23.225806451612904,162.5806451612903,113.2258064516129
4,21.076776517785767,1724.9471840416397,872.189093769447,150.96774193548387,104.51612903225808,322.258064516129
5,-1482.6713087038315,1705.5709301469954,179.74522685262642,0.0,0.0,159.67741935483872
6,272.2975429082604,1537.9084848789723,860.7831280352261,150.96774193548387,69.6774193548387,415.1612903225806
7,106.39176926652141,1611.0643770808829,888.8751975589577,58.06451612903226,127.74193548387098,171.29032258064515
8,986.1972575632548,1592.6302492076366,-699.728592040516,81.29032258064515,81.29032258064515,426.77419354838713
9,788.4842357387464,1548.0401329894937,77.63780190914727,116.12903225806453,162.5806451612903,182.90322580645162
10,-1282.2147891440377,1789.032998812042,-154.63984340475267,81.29032258064515,69.6774193548387,113.2258064516129
11,23.902645587320492,1358.7417987969084,816.7208048601177,11.612903225806452,46.45161290322581,380.32258064516134
12,404.2838300911291,1338.6922455189072,-503.9772978961011,116.12903225806453,81.29032258064515,391.93548387096774
13,-668.2132616312001,1488.1534835036416,-875.295205737859,58.06451612903226,116.12903225806453,229.3548387096774
14,-856.8809641513426,1621.1829104176913,-169.02261720330145,150.96774193548387,11.612903225806452,287.41935483870964
15,-665.2532845527671,1287.5692436845193,-507.92792790035026,11.612903225806452,46.45161290322581,194.51612903225808
16,1268.0119194320919,1688.7855556126042,-606.5355513181233,11.612903225806452,174.19354838709677,194.51612903225808
17,283.5976918697661,1832.4149135192372,-883.6628112200667,58.06451612903226,69.6774193548387,252.5806451612903
18,833.2019529240168,1705.0053007487322,-506.0193836371349,58.06451612903226,150.96774193548387,159.67741935483872
19,-1157.0933752848514,1655.7296690148305,-737.7172564921593,81.29032258064515,69.6774193548387,275.80645161290323
20,140.57592849521131,1659.033497414022,748.8158673790596,11.612903225806452,81.29032258064515,438.38709677419354
21,108.43721439624971,1729.709002364258,-1136.472289491525,58.06451612903226,104.51612903225808,206.1290322580645
22,1053.9651369516869,1478.036799423528,235.46643404960807,23.225806451612904,92.90322580645162,438.38709677419354
23,-415.6514183441809,1208.9104423486438,670.0678878937406,174.19354838709677,46.45161290322581,113.2258064516129
24,-498.1480331038753,1596.9552277792322,-902.1468026893203,11.612903225806452,92.90322580645162,252.5806451612903
25,-350.0157336621923,1253.789358368104,-615.0073661339127,174.19354838709677,174.19354838709677,357.0967741935484
26,-759.0269314923296,1346.8188282440885,252.7103154166289,0.0,11.612903225806452,217.74193548387098
27,-431.2573513912762,1375.5508031617462,144.95170835801474,69.6774193548387,162.5806451612903,299.03225806451616
28,-830.8916995755455,1523.097696811185,308.0618034782141,116.12903225806453,81.29032258064515,240.96774193548387
29,756.2028061851689,1657.2787297597383,643.8635749415549,127.74193548387098,0.0,240.96774193548387
30,927.173490083467,1440.9686327280865,-344.0367789116918,162.5806451612903,11.612903225806452,148.06451612903226
31,191.0634313288698,1639.9735035706867,549.8594749546264,81.29032258064515,150.96774193548387,217.74193548387098
32,-1038.8910914584492,1415.5793559608435,858.5578424310288,69.6774193548387,34.83870967741935,438.38709677419354
33,-1284.0947982338473,1698.0525781458168,259.75920678635606,0.0,0.0,182.90322580645162
34,499.75324651913587,1729.795976230615,1134.525925330381,11.612903225806452,23.225806451612904,148.06451612903226
35,963.8988130723423,1345.635159987359,-698.1035462534091,116.12903225806453,23.225806451612904,194.51612903225808
36,447.10865518539543,1472.9817396418766,569.2420148437305,162.5806451612903,162.5806451612903,333.8709677419355
37,757.7963911157767,1474.530415185767,490.7606359266658,139.3548387096774,116.12903225806453,206.1290322580645
38,-944.132797284445,1293.4644784277125,799.867565960557,69.6774193548387,139.3548387096774,113.2258064516129
39,662.7500662324616,1740.2586195431327,49.49113211506777,139.3548387096774,127.74193548387098,206.1290322580645
40,334.83408054161004,1314.785315653255,-664.9852036227558,0.0,139.3548387096774,194.51612903225808
41,-32.200305096502824,1464.4465880963223,732.1965176447868,127.74193548387098,127.74193548387098,380.32258064516134
42,1045.566281722018,1283.8121938670938,-112.14924633456826,162.5806451612903,11.612903225806452,159.67741935483872
43,-985.5429133083824,1542.1587342099938,-486.5197096124986,23.225806451612904,23.225806451612904,264.19354838709677
44,402.50071749467065,1804.3451191603713,-259.09518889838023,150.96774193548387,46.45161290322581,240.96774193548387
45,-977.2934540981257,1520.5956227143527,842.6319596395416,127.74193548387098,127.74193548387098,90.0
46,-1404.5046619822067,1627.1935903324277,-635.6938249152007,11.612903225806452,116.12903225806453,124.83870967741936
47,1284.3141276191275,1667.9623669348302,-821.0723723685327,81.29032258064515,0.0,124.83870967741936
48,22.695039134578643,1491.8284441155197,848.7475014579375,34.83870967741935,0.0,113.2258064516129
49,721.5317988744631,1246.6088607061456,565.0999864016713,104.51612903225808,150.96774193548387,101.61290322580645
50,-469.75173420853,1412.2732861717125,-259.02653084453055,58.06451612903226,81.29032258064515,194.51612903225808
51,-959.1217045102882,1296.6495516873924,734.6512569668249,11.612903225806452,69.6774193548387,380.32258064516134
52,124.11129748883312,1359.90368653289,179.9271931293145,116.12903225806453,46.45161290322581,345.48387096774195
53,80.41285379176787,1689.3846426044704,-116.47454735779519,104.51612903225808,11.612903225806452,357.0967741935484
54,345.0313098294801,1719.9286647103747,788.6248480232299,23.225806451612904,23.225806451612904,124.83870967741936
55,992.2908786985598,1554.2399526805227,-114.90176684145084,150.96774193548387,139.3548387096774,287.41935483870964
56,1339.9872349203292,1548.8018486632282,893.7903100618528,23.225806451612904,162.5806451612903,90.0
57,1063.1521458648726,1744.8087164664514,572.9196014597306,46.45161290322581,150.96774193548387,252.5806451612903
58,-1222.6361965989208,1763.292398184889,1041.083396721551,11.612903225806452,104.51612903225808,264.19354838709677
59,-278.7915227537304,1798.1077958795488,835.5393669736211,116.12903225806453,58.06451612903226,229.3548387096774
60,-200.98869475306512,1317.0439760800464,-737.8413152081846,46.45161290322581,58.06451612903226,426.77419354838713
61,193.83194375868217,1480.036299899891,-112.11967642352593,81.29032258064515,174.19354838709677,333.8709677419355
62,615.3684699374224,1576.8098089737443,306.085978470786,58.06451612903226,23.225806451612904,182.90322580645162
63,181.43651531725683,1215.066083070226,-24.776338144606047,58.06451612903226,69.6774193548387,275.80645161290323
64,387.28740722014123,1529.9003544405907,-152.18825313431185,58.06451612903226,0.0,264.19354838709677
65,-290.9885245436243,1714.5963657628488,459.51464367581104,34.83870967741935,81.29032258064515,391.93548387096774
66,-899.8808255526812,1546.60541210311,-133.8122683333573,174.19354838709677,150.96774193548387,252.5806451612903
67,1034.7418945902773,1322.02126923871,63.476068783061024,104.51612903225808,92.90322580645162,322.258064516129
68,-1027.7033083329852,1346.5205516553826,228.0440699813191,162.5806451612903,46.45161290322581,310.64516129032256
69,432.8944763997107,1586.0934129291475,-1015.4545815258867,34.83870967741935,69.6774193548387,275.80645161290323
70,650.1858328377834,1598.3288656923878,397.5992737727992,81.29032258064515,46.45161290322581,148.06451612903226
71,1146.0325565210264,1467.265666245226,676.7471190805597,104.51612903225808,162.5806451612903,299.03225806451616
72,507.8474937575723,1360.3233986824566,726.699300476215,162.5806451612903,11.612903225806452,206.1290322580645
73,-983.2209589041313,1754.9584126549114,408.0597958964811,104.51612903225808,92.90322580645162,171.29032258064515
74,-370.12861963405663,1566.7562471029037,330.07727698351295,81.29032258064515,0.0,148.06451612903226
75,-78.12514833491502,1323.0677412104517,436.7745217747505,81.29032258064515,69.6774193548387,217.74193548387098
76,-936.2128189905197,1538.3466931184057,-248.66715933848997,69.6774193548387,116.12903225806453,101.61290322580645
77,-46.89260792952865,1680.5621185189257,954.7517208591568,150.96774193548387,127.74193548387098,264.19354838709677
78,702.3894495348293,1218.6544414254258,106.8632879003525,150.96774193548387,23.225806451612904,299.03225806451616
79,630.4143196018672,1632.5575971557446,71.14617273070695,69.6774193548387,23.225806451612904,391.93548387096774
80,-1494.081202292519,1732.5961482483472,1000.8312038525544,150.96774193548387,34.83870967741935,182.90322580645162
81,-498.2100262521644,1810.2139454985097,-747.3972638812584,92.90322580645162,81.29032258064515,380.32258064516134
82,-1366.0685190650233,1599.7357514311418,136.68086572950068,92.90322580645162,116.12903225806453,275.80645161290323
83,1213.8344105647445,1410.1255029516499,175.94836989655374,81.29032258064515,11.612903225806452,252.5806451612903
84,-63.81522908698116,1763.1194631050846,-549.497131594652,46.45161290322581,81.29032258064515,101.61290322580645
85,413.2504196233654,1319.8235853584038,-799.6364081155332,58.06451612903226,116.12903225806453,438.38709677419354
86,1008.9016018337187,1698.8926122696232,873.5384227609261,116.12903225806453,150.96774193548387,240.96774193548387
87,1295.7972785172224,1738.6354918213137,718.3222821906481,11.612903225806452,174.19354838709677,426.77419354838713
88,641.4256172004882,1211.8782818500795,-287.3877594100203,92.90322580645162,104.51612903225808,333.8709677419355
89,383.26513212725484,1808.878182678811,-450.74119619444843,23.225806451612904,174.19354838709677,438.38709677419354
90,-577.5558997924653,1337.9338013097324,318.7759378395228,104.51612903225808,58.06451612903226,264.19354838709677
91,1423.997860655226,1670.0123497056886,-995.6336411813999,23.225806451612904,127.74193548387098,194.51612903225808
92,-667.2427460015692,1480.9647131912589,-635.1084247683899,127.74193548387098,139.3548387096774,194.51612903225808
93,1345.7763788855702,1581.7992335459512,112.59878389352468,46.45161290322581,127.74193548387098,403.5483870967742
94,-140.5653203254774,1295.652635905933,249.60247693382803,92.90322580645162,0.0,90.0
95,516.8690035768409,1229.7794221498289,-667.1513480815915,46.45161290322581,34.83870967741935,90.0
96,-658.5606099595651,1328.70585563355,832.238657508371,46.45161290322581,23.225806451612904,391.93548387096774
97,716.616918777943,1247.9141206734676,638.9973416716683,174.19354838709677,81.29032258064515,403.5483870967742
98,248.47043457819584,1402.970105708514,28.088695599152835,23.225806451612904,116.12903225806453,90.0
99,941.7132603364987,1491.6258370950004,564.9222317761146,69.6774193548387,174.19354838709677,113.2258064516129
100,-215.88365391775534,1315.157970068753,-302.03328106675673,11.612903225806452,150.96774193548387,368.7096774193548
101,-190.37382999791745,1338.2245333565884,-583.2077729914312,162.5806451612903,34.83870967741935,171.29032258064515
102,-1354.8788861645153,1760.5597488221092,-586.9864362176918,69.6774193548387,0.0,182.90322580645162
103,-1176.9500515639027,1502.8650048199788,-870.4951642757572,23.225806451612904,162.5806451612903,206.1290322580645
104,-1164.5883042565245,1366.2923737405952,19.893231412976675,127.74193548387098,116.12903225806453,275.80645161290323
105,-247.33806666860332,1388.8263129692507,509.17974634007453,81.29032258064515,69.6774193548387,357.0967741935484
106,1217.8945565383522,1806.8092629200812,-858.5183119623218,116.12903225806453,11.612903225806452,438.38709677419354
107,-178.5800171886848,1205.114254031265,-459.1432903202368,104.51612903225808,34.83870967741935,345.48387096774195
108,-421.73214373152564,1299.4754178462722,-439.29917751067273,104.51612903225808,162.5806451612903,345.48387096774195
109,-333.2917532484059,1438.7311014791817,-758.5718858043352,127.74193548387098,150.96774193548387,90.0
110,1107.02654283109,1368.5726828886493,-496.637273228229,58.06451612903226,11.612903225806452,345.48387096774195
111,-400.0508151026125,1522.2596109567858,-190.95884989735285,139.3548387096774,23.225806451612904,368.7096774193548
112,1141.6239398090045,1609.8192447429672,723.5175359621978,116.12903225806453,104.51612903225808,159.67741935483872
113,-268.57121445050717,1785.7806834048124,134.74453118234953,0.0,116.12903225806453,148.06451612903226
114,-843.9395500641826,1818.63336891337,104.40564478737251,81.29032258064515,116.12903225806453,380.32258064516134
115,844.4271883263742,1672.6756247486921,1024.2056092055748,92.90322580645162,23.225806451612904,194.51612903225808
116,-23.264721064463956,1342.9452950478772,-359.1584408680535,174.19354838709677,116.12903225806453,229.3548387096774
117,1022.0491653883215,1837.564130040068,1188.2418536634214,104.51612903225808,104.51612903225808,264.19354838709677
118,-940.6340045073304,1645.5959317451025,-776.408966910472,46.45161290322581,139.3548387096774,148.06451612903226
119,-268.22397319473976,1437.5344878779206,9.498241194243029,127.74193548387098,150.96774193548387,171.29032258064515
120,1016.5649786183556,1760.4619963945922,-1112.1576778965916,92.90322580645162,0.0,264.19354838709677
121,-15.026599520821193,1330.0469558540908,88.75279375154807,162.5806451612903,58.06451612903226,438.38709677419354
122,438.25421128987375,1219.015981051436,295.1902303934132,11.612903225806452,150.96774193548387,438.38709677419354
123,533.50936861799,1700.5203954517497,757.4348784284998,0.0,116.12903225806453,182.90322580645162
124,777.9765128255068,1843.4482623513723,-878.6502471003242,11.612903225806452,23.225806451612904,426.77419354838713
125,-1012.7572885266144,1416.1634781631542,-740.0433961454892,11.612903225806452,162.5806451612903,113.2258064516129
126,670.9295166800191,1250.1825854554077,668.8316642017828,127.74193548387098,139.3548387096774,217.74193548387098
127,162.97395884830905,1268.3390902688125,-255.39317649140534,46.45161290322581,46.45161290322581,299.03225806451616
128,1108.19418933435,1382.4955252909017,188.61323349181606,127.74193548387098,92.90322580645162,206.1290322580645
129,330.4057860720999,1751.832431551188,-307.99001294027823,92.90322580645162,127.74193548387098,310.64516129032256
130,328.70545239170673,1586.049814439092,-158.53496773249648,116.12903225806453,162.5806451612903,380.32258064516134
131,155.0844422186037,1352.0628756127685,99.32401808125402,69.6774193548387,139.3548387096774,217.74193548387098
132,-335.96742260265205,1718.5510084972484,-835.8924999990687,69.6774193548387,104.51612903225808,229.3548387096774
133,1111.445778631346,1375.7790097499026,20.714030822406748,69.6774193548387,127.74193548387098,136.4516129032258
134,562.19443942067,1604.163238426137,923.1208728921706,150.96774193548387,139.3548387096774,217.74193548387098
135,422.21588846371424,1259.2036017463076,265.5917632609798,127.74193548387098,69.6774193548387,217.74193548387098
136,-159.75067788535782,1366.5376054015678,-214.6247639298398,92.90322580645162,0.0,136.4516129032258
137,202.24394536985403,1367.1379981868715,-365.04521290298993,0.0,69.6774193548387,264.19354838709677
138,-1182.8566301537098,1801.9130490362138,991.6680956623604,81.29032258064515,139.3548387096774,415.1612903225806
139,-1018.3506419513442,1235.3690856676542,202.33361527632158,174.19354838709677,11.612903225806452,426.77419354838713
140,414.77677946407834,1617.9173727739928,530.8654850720454,116.12903225806453,11.612903225806452,124.83870967741936
141,666.2732396263345,1591.8105095765595,1027.7740472174034,104.51612903225808,174.19354838709677,217.74193548387098
142,845.1007051904792,1697.5367465123782,391.5813330684614,116.12903225806453,0.0,136.4516129032258
143,-253.3431613377651,1324.9905532446808,-718.165602592589,92.90322580645162,46.45161290322581,206.1290322580645
144,-226.78641751758093,1763.6787121155912,-1137.4986268342761,139.3548387096774,116.12903225806453,264.19354838709677
145,-717.4080454820579,1839.1369309680974,-729.5621362483519,34.83870967741935,104.51612903225808,391.93548387096774
146,-178.66043955633958,1580.5126115914175,834.1629363409819,23.225806451612904,11.612903225806452,217.74193548387098
147,158.90119388059549,1320.239850222276,473.5704090132449,92.90322580645162,162.5806451612903,380.32258064516134
148,776.3799735772778,1391.7617985668687,-164.40113215454417,104.51612903225808,116.12903225806453,182.90322580645162
149,-1131.1582125692198,1646.341767894018,586.3874761189438,81.29032258064515,46.45161290322581,391.93548387096774
150,1518.752136909039,1731.3622233230803,-443.10715554335144,139.3548387096774,92.90322580645162,322.258064516129
151,-18.657278574162106,1814.2966989232712,-983.060958247086,58.06451612903226,0.0,101.61290322580645
152,-937.502057506592,1529.9507479025867,-246.11153416654759,162.5806451612903,174.19354838709677,345.48387096774195
153,-834.3361455548786,1460.3635816855096,-713.4473458228365,69.6774193548387,69.6774193548387,101.61290322580645
154,-171.3719346841815,1310.873903798159,-64.50167579591107,58.06451612903226,92.90322580645162,113.2258064516129
155,-880.7204387951227,1689.2118388020328,-844.8285481190283,11.612903225806452,11.612903225806452,322.258064516129
156,-1241.0322990970933,1817.7361454270504,130.1077891354854,174.19354838709677,162.5806451612903,299.03225806451616
157,-502.3523234507179,1342.4967064323803,249.02141719023945,162.5806451612903,23.225806451612904,275.80645161290323
158,-570.7880237803837,1303.6549330787004,-438.06975594637356,92.90322580645162,58.06451612903226,310.64516129032256
159,-128.1952110005527,1227.0142564510243,-645.3979077752601,150.96774193548387,23.225806451612904,240.96774193548387
160,406.8697893917259,1704.29221840843,-987.187167943764,34.83870967741935,34.83870967741935,148.06451612903226
161,-1333.635628557892,1763.8080802885888,-528.5658040238892,69.6774193548387,0.0,101.61290322580645
162,291.9304252328704,1810.252622084868,562.7699090647516,81.29032258064515,150.96774193548387,136.4516129032258
163,-207.23855947275746,1715.3491332336948,-1040.4273641739642,150.96774193548387,104.51612903225808,206.1290322580645
164,-742.9992280100698,1687.0152318587322,-530.2878467196911,150.96774193548387,116.12903225806453,345.48387096774195
165,562.131735127147,1682.0580314613032,-231.96746026731034,174.19354838709677,23.225806451612904,322.258064516129
166,-1436.5047178540924,1596.2183728726995,-210.91613760783775,92.90322580645162,11.612903225806452,148.06451612903226
167,447.27856566059734,1436.3595790781653,151.8312710602677,11.612903225806452,139.3548387096774,357.0967741935484
168,-815.0902841711662,1337.1541790765048,552.3909456485054,139.3548387096774,34.83870967741935,171.29032258064515
169,486.41186992559165,1246.6995233522705,505.89371504922696,139.3548387096774,0.0,171.29032258064515
170,123.96808616240911,1519.58399722192,525.8506514152439,11.612903225806452,11.612903225806452,391.93548387096774
171,-1084.9013991831885,1518.7545148743461,436.23100710913786,127.74193548387098,162.5806451612903,252.5806451612903
172,-1076.5966985172477,1448.234606753603,911.2661287343082,174.19354838709677,11.612903225806452,380.32258064516134
173,-721.6240046088817,1643.4885756604067,-557.2598690812531,104.51612903225808,81.29032258064515,345.48387096774195
174,386.8711895127241,1261.7334837855776,-158.14275841177326,150.96774193548387,34.83870967741935,90.0
175,1252.303627449491,1684.0600856540689,963.1179891601736,116.12903225806453,127.74193548387098,287.41935483870964
176,242.5907482937353,1243.3354842186586,668.5855511577907,162.5806451612903,174.19354838709677,391.93548387096774
177,291.1777590682295,1616.4981784107044,-631.5197367321318,92.90322580645162,58.06451612903226,345.48387096774195
178,806.3449011912404,1560.3043234415743,-507.8509296339577,81.29032258064515,81.29032258064515,438.38709677419354
179,260.2175713060534,1338.245308276969,-326.6949520900547,139.3548387096774,116.12903225806453,357.0967741935484
180,1137.017304890783,1460.7207547162918,724.4076978718712,174.19354838709677,150.96774193548387,357.0967741935484
181,122.0516916476118,1826.1101680315217,111.34384468766018,58.06451612903226,174.19354838709677,252.5806451612903
182,-785.93582199378,1821.3857036124832,100.75282029065758,23.225806451612904,150.96774193548387,217.74193548387098
183,-827.3254868080644,1433.4097587555725,666.7421151596831,92.90322580645162,81.29032258064515,403.5483870967742
184,-193.87678479847725,1276.9114057645263,199.22898100609618,34.83870967741935,81.29032258064515,275.80645161290323
185,-685.6807677900222,1825.6435439476738,-259.1046183778614,46.45161290322581,46.45161290322581,182.90322580645162
186,-875.7188559198868,1571.6204167398623,823.9290882602992,34.83870967741935,81.29032258064515,415.1612903225806
187,330.588133404186,1225.8288724850024,-35.502740537507016,104.51612903225808,34.83870967741935,415.1612903225806
188,1400.8158161969588,1741.4420181161604,175.05479826141865,46.45161290322581,11.612903225806452,368.7096774193548
189,-46.37024599295483,1312.0541697185888,707.8449516069194,116.12903225806453,127.74193548387098,310.64516129032256
190,-693.3774679896102,1238.7143515338007,-434.94263608569844,116.12903225806453,46.45161290322581,391.93548387096774
191,1215.6762620451548,1675.2395379190332,231.01898471991066,58.06451612903226,11.612903225806452,194.51612903225808
192,66.1133889937611,1459.7425430964431,-388.5237153109144,34.83870967741935,81.29032258064515,264.19354838709677
193,-1022.4348075217191,1312.5280493050675,512.9652403174359,0.0,127.74193548387098,229.3548387096774
194,-627.4926167298462,1480.6006277738345,259.5386951800675,139.3548387096774,162.5806451612903,287.41935483870964
195,-1363.5060024539384,1802.5066621713677,340.12603136823094,150.96774193548387,92.90322580645162,345.48387096774195
196,64.14264058455643,1383.4772254252018,-297.56836238693614,127.74193548387098,23.225806451612904,345.48387096774195
197,738.1184998171967,1817.8363436790985,1056.4498319636507,58.06451612903226,58.06451612903226,159.67741935483872
198,522.7982791884143,1241.6529371062957,-464.77974162394764,58.06451612903226,69.6774193548387,333.8709677419355
199,879.6558919958809,1404.0168796259884,875.0624827311242,34.83870967741935,162.5806451612903,345.48387096774195
200,-1171.3649375571954,1840.0594479961776,-1130.8484613150283,92.90322580645162,127.74193548387098,217.74193548387098
201,145.03889233034323,1287.0232618849218,757.1765855839392,92.90322580645162,116.12903225806453,159.67741935483872
202,-240.3280220341749,1719.3719100249427,-242.78323205215634,174.19354838709677,162.5806451612903,206.1290322580645
203,920.7525845644717,1529.6055138014394,-986.0906591315685,127.74193548387098,104.51612903225808,415.1612903225806
204,-105.91103633870063,1230.7708550546886,-551.1515656432373,34.83870967741935,46.45161290322581,229.3548387096774
205,-945.7833564545629,1506.8277713692396,770.1666352209897,23.225806451612904,81.29032258064515,148.06451612903226
206,-611.5128133001008,1245.357799838388,-155.688395900977,174.19354838709677,104.51612903225808,333.8709677419355
207,-1234.3504919515944,1721.017094035191,-607.1398161408844,23.225806451612904,174.19354838709677,310.64516129032256
208,-1282.1064105117373,1436.57706816575,-684.1004456634179,92.90322580645162,139.3548387096774,310.64516129032256
209,-1079.074951499473,1367.537866630205,-330.5068875879936,116.12903225806453,139.3548387096774,391.93548387096774
210,1194.2435436047354,1401.6383141807405,493.5540709558037,11.612903225806452,11.612903225806452,124.83870967741936
211,-319.20238872937784,1805.0882965962494,1171.6369318082745,127.74193548387098,104.51612903225808,426.77419354838713
212,-425.99675037671096,1251.4022003743798,-474.33565567391815,23.225806451612904,150.96774193548387,194.51612903225808
213,-1079.5920293839226,1620.3741499402838,-225.94256657372594,11.612903225806452,116.12903225806453,101.61290322580645
214,342.4668632230196,1622.2114854056442,-854.5330620379101,58.06451612903226,11.612903225806452,124.83870967741936
215,-559.2793160592997,1623.2729251390992,-520.2410479122959,81.29032258064515,174.19354838709677,148.06451612903226
216,-210.06666036069888,1332.2304576344545,71.97928698942403,11.612903225806452,92.90322580645162,171.29032258064515
217,-1014.7167190362647,1844.487611767866,-459.5383316784688,92.90322580645162,46.45161290322581,159.67741935483872
218,61.58587194217606,1409.3546410555318,266.4077524973161,92.90322580645162,11.612903225806452,333.8709677419355
219,-401.6984052275889,1501.3999996841194,897.5009046805001,23.225806451612904,46.45161290322581,148.06451612903226
220,837.5027652316239,1314.0655299841324,305.07297246295514,174.19354838709677,174.19354838709677,380.32258064516134
221,-1083.6725292689657,1669.3476541926916,-990.4299441968565,174.19354838709677,11.612903225806452,182.90322580645162
222,13.670990241302938,1643.3076151991854,891.7136961225401,116.12903225806453,81.29032258064515,182.90322580645162
223,950.4974575066127,1303.971863959902,-579.4877722619356,162.5806451612903,150.96774193548387,275.80645161290323
224,413.87232255021013,1296.5289119755198,-421.6369468190825,127.74193548387098,69.6774193548387,206.1290322580645
225,-288.73148980667514,1326.5597683667809,-839.7204977241337,139.3548387096774,69.6774193548387,194.51612903225808
226,62.816933265449926,1201.9514795932298,-360.4330329369627,150.96774193548387,46.45161290322581,275.80645161290323
227,1066.1938454963597,1312.157824184492,-700.6141363138328,162.5806451612903,104.51612903225808,426.77419354838713
228,-409.3955391188629,1242.9520378739414,743.1955337643599,104.51612903225808,116.12903225806453,113.2258064516129
229,-1116.6687007137914,1301.4237212266316,583.4120691958108,104.51612903225808,46.45161290322581,310.64516129032256
230,-1224.66221454612,1614.8375567336138,998.7445849637849,162.5806451612903,162.5806451612903,159.67741935483872
231,966.733759740891,1599.9219158281835,1017.2317546199616,174.19354838709677,0.0,148.06451612903226
232,-744.3596720109772,1458.4553751365997,275.50740104892293,81.29032258064515,104.51612903225808,124.83870967741936
233,308.4106061992909,1401.6886802309805,-780.2882273529184,150.96774193548387,104.51612903225808,113.2258064516129
234,-1194.313472307688,1839.0929706251952,1156.6465599900948,139.3548387096774,34.83870967741935,264.19354838709677
235,767.0566091869207,1659.503246908697,-63.35255033286149,11.612903225806452,46.45161290322581,357.0967741935484
236,1113.3950077116176,1701.591813871758,915.270291301425,34.83870967741935,150.96774193548387,194.51612903225808
237,269.79431819195946,1303.028210043745,111.91752219076818,116.12903225806453,81.29032258064515,113.2258064516129
238,-1142.1781868283629,1447.416790954988,-108.15107322440127,162.5806451612903,69.6774193548387,415.1612903225806
239,-963.8602217842994,1778.7413809358347,302.2768189659464,81.29032258064515,58.06451612903226,124.83870967741936
240,65.91542087879212,1746.970824766931,1051.9315739395556,46.45161290322581,11.612903225806452,229.3548387096774
241,-314.1435350809333,1225.1970112160138,159.2437976024014,81.29032258064515,127.74193548387098,217.74193548387098
242,-296.92891926452864,1552.6989030751286,79.59169289505166,46.45161290322581,11.612903225806452,322.258064516129
243,718.4536922179248,1493.5122018617608,4.589672990416638,23.225806451612904,127.74193548387098,357.0967741935484
244,-221.57725783467654,1737.1213868657926,569.3176768413139,58.06451612903226,127.74193548387098,438.38709677419354
245,666.501404668917,1551.6446393254782,-456.36718041462376,127.74193548387098,139.3548387096774,368.7096774193548
246,-1306.8138252113833,1553.946291555979,-36.382149866697056,46.45161290322581,34.83870967741935,403.5483870967742
247,353.43902392434796,1206.9231386013673,640.676798555652,58.06451612903226,81.29032258064515,217.74193548387098
248,-1039.8889230865589,1648.1276359020128,22.627553636719533,69.6774193548387,162.5806451612903,357.0967741935484
249,300.9786373781116,1435.7173454321812,218.88376392458807,104.51612903225808,139.3548387096774,391.93548387096774
250,-927.6675267418236,1358.7113035855307,-665.6372258028043,69.6774193548387,58.06451612903226,345.48387096774195
251,-1063.3205260452155,1664.678927916063,-992.637837777099,127.74193548387098,46.45161290322581,275.80645161290323
252,185.92548923647598,1445.475935598281,453.3925477130866,162.5806451612903,58.06451612903226,391.93548387096774
253,-1302.1278974273985,1497.3195867147797,41.266416234813086,34.83870967741935,116.12903225806453,101.61290322580645
254,-171.22031777759315,1222.4942263717974,119.95862811538949,11.612903225806452,58.06451612903226,426.77419354838713
255,-59.868673030170605,1336.4192181833562,333.33397184667996,34.83870967741935,139.3548387096774,310.64516129032256
256,-625.7270891337063,1350.634294813721,316.80522112357073,116.12903225806453,92.90322580645162,182.90322580645162
257,-1126.4883725169766,1521.8884427071312,-109.72839099701605,34.83870967741935,81.29032258064515,345.48387096774195
258,297.4583034335879,1380.1857237775625,351.016411286564,104.51612903225808,104.51612903225808,299.03225806451616
259,1220.4023869397288,1475.4885936834619,780.0258878241797,150.96774193548387,58.06451612903226,148.06451612903226
260,-982.7110103264296,1349.548571803376,194.2232034851413,81.29032258064515,139.3548387096774,287.41935483870964
261,-975.2904662811542,1845.3024063668308,614.2973220512362,116.12903225806453,34.83870967741935,438.38709677419354
262,339.91052866351714,1376.3324338657408,179.30504486653513,81.29032258064515,46.45161290322581,206.1290322580645
263,-49.79529650344432,1474.0739999801986,402.42483682136924,174.19354838709677,11.612903225806452,101.61290322580645
264,927.6306542443027,1808.986269657507,-337.7939861426352,162.5806451612903,69.6774193548387,101.61290322580645
265,-406.31955256438806,1805.1223354634083,423.839427472277,92.90322580645162,46.45161290322581,357.0967741935484
266,767.8849782549522,1657.563667526079,-1059.0726164869118,34.83870967741935,162.5806451612903,113.2258064516129
267,-47.61641895208282,1202.007914654528,196.92893509949732,46.45161290322581,11.612903225806452,124.83870967741936
268,742.8646244583258,1224.8567774751161,-177.7758914024007,174.19354838709677,162.5806451612903,148.06451612903226
269,547.1809364708305,1682.346173778425,61.40788887592805,69.6774193548387,34.83870967741935,357.0967741935484
270,1029.6617184024021,1749.871959130369,44.95638743803152,139.3548387096774,127.74193548387098,171.29032258064515
271,1156.5513830747846,1621.4024853937747,-647.1843346144361,46.45161290322581,104.51612903225808,299.03225806451616
272,1469.086756042669,1710.3356464984895,254.4404570112043,23.225806451612904,23.225806451612904,403.5483870967742
273,1251.2736240262873,1672.298535433987,623.3852860044467,0.0,116.12903225806453,113.2258064516129
274,-732.3678624397792,1359.1652481684864,381.62511876786135,34.83870967741935,23.225806451612904,391.93548387096774
275,-557.3919317373158,1409.4600166935213,-731.0097630440815,58.06451612903226,127.74193548387098,322.258064516129
276,692.2587690769648,1381.4633336583167,321.53651228854017,23.225806451612904,162.5806451612903,380.32258064516134
277,-1299.923721716604,1543.0432505643657,872.9446271111811,162.5806451612903,58.06451612903226,310.64516129032256
278,687.9749713384678,1509.8121882255705,806.747564016282,34.83870967741935,116.12903225806453,415.1612903225806
279,1590.0167023781353,1810.7540926389534,113.25210586338147,34.83870967741935,34.83870967741935,322.258064516129
280,1428.0131555230555,1773.3655146945098,207.5782517227143,46.45161290322581,0.0,171.29032258064515
281,607.1569219797741,1434.4293271196373,755.6081574185353,58.06451612903226,69.6774193548387,391.93548387096774
282,1030.8938974627758,1471.647472067808,888.4499454294119,81.29032258064515,127.74193548387098,403.5483870967742
283,-726.6914374506955,1201.209286893938,729.2255265063438,92.90322580645162,0.0,159.67741935483872
284,816.7954110267077,1802.7869470372086,-1036.3753630070144,23.225806451612904,46.45161290322581,299.03225806451616
285,973.6713114387875,1469.1540974220882,119.49316220999063,81.29032258064515,11.612903225806452,438.38709677419354
286,-459.1119827479382,1679.467203766096,-494.3921498809593,174.19354838709677,174.19354838709677,333.8709677419355
287,-678.0334093542438,1385.441453260181,471.76319681262305,46.45161290322581,104.51612903225808,124.83870967741936
288,-364.13154591082275,1267.691986739745,-19.624288865952533,174.19354838709677,104.51612903225808,171.29032258064515
289,-1498.1645707742712,1813.088763526605,-240.6037253929128,104.51612903225808,11.612903225806452,333.8709677419355
290,-398.3341350965169,1521.750135257325,257.1946496319102,92.90322580645162,162.5806451612903,403.5483870967742
291,-1352.575106333174,1543.0457116988953,-688.0006637133366,116.12903225806453,46.45161290322581,136.4516129032258
292,696.3229816995101,1431.3951741637013,420.95002405594977,34.83870967741935,104.51612903225808,426.77419354838713
293,681.0008031423445,1292.2116008183687,272.5611170129536,92.90322580645162,23.225806451612904,275.80645161290323
294,-181.7407245393575,1219.8453422225964,624.7613900941479,34.83870967741935,0.0,252.5806451612903
295,772.237488887818,1295.9415903607598,-5.3701677885982235,81.29032258064515,150.96774193548387,380.32258064516134
296,613.380148344393,1392.7777935308454,-892.4631191732844,116.12903225806453,11.612903225806452,206.1290322580645
297,122.36880832096855,1577.6974983418033,557.241201117124,150.96774193548387,92.90322580645162,415.1612903225806
298,684.0903100881594,1260.2286331743965,-285.85095985831106,58.06451612903226,46.45161290322581,438.38709677419354
299,-983.3905052681031,1261.6011893466346,774.5982581578792,0.0,174.19354838709677,90.0
300,-1112.557161629685,1555.3853083721979,976.322741960983,34.83870967741935,92.90322580645162,90.0
301,852.2569405058451,1377.9383542075802,-342.8719721306632,127.74193548387098,174.19354838709677,182.90322580645162
302,-1109.5078092810577,1570.3926941407708,-875.6465665119547,139.3548387096774,81.29032258064515,136.4516129032258
303,-84.07275584310182,1303.1483275908768,-725.4868373805791,34.83870967741935,127.74193548387098,299.03225806451616
304,-785.3664188332788,1228.8218356968193,-198.51477151141168,162.5806451612903,34.83870967741935,136.4516129032258
305,-364.5406540432612,1243.169625790193,-76.25114772130077,34.83870967741935,69.6774193548387,426.77419354838713
306,722.321676103601,1819.5847065299336,127.66316248336818,116.12903225806453,162.5806451612903,194.51612903225808
307,135.81863376382356,1506.7951655357851,278.18508747586355,81.29032258064515,46.45161290322581,426.77419354838713
308,1405.9784655129688,1669.5892276339705,535.53166920771,139.3548387096774,116.12903225806453,310.64516129032256
309,540.9987010143759,1820.6949205156711,117.1165970925955,81.29032258064515,150.96774193548387,357.0967741935484
310,499.2006502620146,1841.2895541815558,-1044.5773227514417,11.612903225806452,139.3548387096774,229.3548387096774
311,-1094.5674498172773,1271.247275859659,269.5874167955544,81.29032258064515,69.6774193548387,299.03225806451616
312,-32.522325836344734,1526.1323321942953,345.4443541867949,81.29032258064515,150.96774193548387,333.8709677419355
313,-359.124454496094,1533.9250701337578,-929.7854114416095,116.12903225806453,162.5806451612903,275.80645161290323
314,1125.6820654410503,1745.105686093985,-988.2544721508916,34.83870967741935,104.51612903225808,333.8709677419355
315,301.5217832697123,1200.155328829219,-676.7534301233269,139.3548387096774,81.29032258064515,194.51612903225808
316,-95.80319050057504,1791.1161599550433,849.3245218103546,116.12903225806453,11.612903225806452,275.80645161290323
317,16.682095921447626,1219.216965097074,630.4509627187365,34.83870967741935,92.90322580645162,194.51612903225808
318,884.4585569231933,1382.3089059610943,-693.2168374987864,127.74193548387098,34.83870967741935,113.2258064516129
319,896.8452618034582,1613.0566383450373,-233.88020415428147,23.225806451612904,81.29032258064515,252.5806451612903
320,-127.5349808873317,1346.4261910339828,139.71575286973757,46.45161290322581,150.96774193548387,287.41935483870964
321,-585.7914482263352,1396.9360689339808,499.67651260730895,58.06451612903226,127.74193548387098,310.64516129032256
322,-425.2076246434928,1781.5925828934148,-378.35008470868416,104.51612903225808,150.96774193548387,124.83870967741936
323,-93.81378611347344,1742.859054294304,707.5333210825779,81.29032258064515,11.612903225806452,426.77419354838713
324,-753.4607269037022,1600.1807038983507,598.4822359635049,150.96774193548387,150.96774193548387,252.5806451612903
325,1119.6000182221776,1791.3928874814385,1137.8316245381666,162.5806451612903,104.51612903225808,275.80645161290323
326,-381.29697394157347,1835.4105352961597,386.05943620140425,34.83870967741935,139.3548387096774,229.3548387096774
327,1287.180736419194,1778.6400959295627,597.5070178247549,11.612903225806452,104.51612903225808,171.29032258064515
328,644.8825476616959,1519.193236929687,64.31075698864905,92.90322580645162,11.612903225806452,322.258064516129
329,1038.3724063486006,1748.2459526906673,1012.7924335702083,23.225806451612904,46.45161290322581,403.5483870967742
330,-274.0081430157215,1653.3525754407076,380.05629347333587,104.51612903225808,104.51612903225808,194.51612903225808
331,-231.6626563334454,1597.0495833139812,-1027.4980313214035,116.12903225806453,23.225806451612904,426.77419354838713
332,-918.9787137617553,1758.6603851551042,877.7616156663094,69.6774193548387,34.83870967741935,333.8709677419355
333,-1123.6848489950314,1832.5600865253402,-566.3570364056562,127.74193548387098,116.12903225806453,310.64516129032256
334,1166.179906473204,1433.3120198980591,-385.97014848050674,58.06451612903226,116.12903225806453,333.8709677419355
335,1301.0699845259608,1674.3854407400263,-856.3711338606939,11.612903225806452,58.06451612903226,287.41935483870964
336,-800.0247879295717,1785.693738249107,-163.40045430750223,11.612903225806452,34.83870967741935,90.0
337,1057.446494267116,1659.2810830449878,633.6168630372368,81.29032258064515,69.6774193548387,159.67741935483872
338,328.7026521303016,1614.1967421779405,539.1756593209052,69.6774193548387,162.5806451612903,171.29032258064515
339,-847.5433680477585,1236.4517163076166,268.3997282591482,46.45161290322581,23.225806451612904,159.67741935483872
340,-9.20722047437188,1429.2141811837955,-447.018782064382,104.51612903225808,139.3548387096774,380.32258064516134
341,-124.3691833648084,1404.0122475223598,190.381743051789,104.51612903225808,104.51612903225808,322.258064516129
342,-1372.9026655917721,1725.9279024003629,-737.0540996991016,127.74193548387098,0.0,159.67741935483872
343,-99.38695186073562,1349.154779402844,465.74369381460076,23.225806451612904,58.06451612903226,368.7096774193548
344,681.7303140022378,1520.1149435118623,203.50885501869112,81.29032258064515,23.225806451612904,426.77419354838713
345,271.9949684579428,1299.5606430451846,-753.0189923697724,23.225806451612904,127.74193548387098,438.38709677419354
346,874.4553269061631,1765.4879760438412,-828.8849996554865,23.225806451612904,46.45161290322581,113.2258064516129
347,1004.010957445935,1586.473029863047,482.19279466544725,92.90322580645162,116.12903225806453,333.8709677419355
348,954.2638425956018,1655.0721693153405,160.7876427964337,81.29032258064515,174.19354838709677,275.80645161290323
349,772.3474950635689,1634.7548843595887,65.96206211617553,162.5806451612903,23.225806451612904,287.41935483870964
350,148.3634549094985,1252.1398134394924,197.00422937371212,81.29032258064515,23.225806451612904,275.80645161290323
351,58.618880470232426,1524.1354000024612,298.0390752141984,162.5806451612903,150.96774193548387,299.03225806451616
352,-418.51881546198354,1233.7637228289173,-637.3563161252684,46.45161290322581,150.96774193548387,299.03225806451616
353,634.2987071718677,1439.1842830458945,363.6120987949708,174.19354838709677,46.45161290322581,391.93548387096774
354,-236.66673925022596,1554.766395201835,-252.17371869083252,104.51612903225808,11.612903225806452,403.5483870967742
355,-1094.1979424579501,1506.8673432353858,-481.1804593876014,150.96774193548387,150.96774193548387,415.1612903225806
356,884.2631906031875,1499.6399824216505,-240.9487751649431,174.19354838709677,23.225806451612904,252.5806451612903
357,-813.6627573081906,1673.7823911789135,-631.6523854875551,127.74193548387098,34.83870967741935,380.32258064516134
358,982.6729657023817,1637.3640559617975,333.5434128112755,116.12903225806453,34.83870967741935,415.1612903225806
359,-91.90231043622177,1435.0444849330247,-98.0031941215671,69.6774193548387,34.83870967741935,299.03225806451616
360,-859.0243140346483,1822.3834920598279,-791.195089787698,81.29032258064515,46.45161290322581,101.61290322580645
361,379.5218056964911,1438.3303114291853,-216.0976332051386,92.90322580645162,46.45161290322581,113.2258064516129
362,940.401115728411,1428.0946404240754,-637.2697119652381,174.19354838709677,174.19354838709677,275.80645161290323
363,1054.6531453057266,1679.0190618544862,256.30304953201437,139.3548387096774,174.19354838709677,299.03225806451616
364,369.15872924918835,1484.4580572801021,-569.2439357948147,46.45161290322581,104.51612903225808,101.61290322580645
365,-522.4741688899368,1737.010297428401,-822.4306510760417,23.225806451612904,127.74193548387098,310.64516129032256
366,849.0068199638795,1654.351306791186,-912.261294016288,150.96774193548387,69.6774193548387,148.06451612903226
367,782.4973077321957,1523.4347374033994,-229.94834516179924,127.74193548387098,23.225806451612904,322.258064516129
368,-961.9499845448313,1324.8681681542348,236.02426311394174,11.612903225806452,150.96774193548387,345.48387096774195
369,-1062.3024055036922,1719.8751559621294,385.7880512738682,81.29032258064515,150.96774193548387,194.51612903225808
370,-143.47644172314364,1206.1579016825217,390.34724281583306,46.45161290322581,81.29032258064515,217.74193548387098
371,1371.2504380892976,1801.362414602771,836.5149050885249,69.6774193548387,69.6774193548387,391.93548387096774
372,-883.1389288564964,1601.0262222388108,286.7760142027867,34.83870967741935,127.74193548387098,333.8709677419355
373,-245.47500009513465,1602.300341741746,-472.42671774039724,174.19354838709677,127.74193548387098,194.51612903225808
374,-1138.8804211970528,1490.5681609500907,-699.34782134118,116.12903225806453,174.19354838709677,426.77419354838713
375,-551.6608587698295,1420.4984316778568,-127.58111064775423,92.90322580645162,69.6774193548387,148.06451612903226
376,1.1176114408113946,1351.7221355785891,409.71831484703466,104.51612903225808,174.19354838709677,345.48387096774195
377,-509.3622437338231,1264.3327691490974,-561.6273083416395,127.74193548387098,92.90322580645162,194.51612903225808
378,263.8698311301283,1810.0899421075662,24.202199503327293,34.83870967741935,81.29032258064515,426.77419354838713
379,377.1149211652821,1342.9022411885742,-200.18781741975928,104.51612903225808,34.83870967741935,136.4516129032258
380,-992.277309814051,1299.4387161289753,314.47448498615313,58.06451612903226,139.3548387096774,357.0967741935484
381,-646.4944396606006,1423.1540951443499,293.3415661136021,58.06451612903226,116.12903225806453,182.90322580645162
382,348.3970092255294,1806.7277532987332,-351.56708892584606,162.5806451612903,150.96774193548387,159.67741935483872
383,686.6071211511097,1428.0502226662213,824.418556255896,58.06451612903226,150.96774193548387,333.8709677419355
384,1645.6314354563124,1806.9001150967317,246.7342846372885,92.90322580645162,46.45161290322581,101.61290322580645
385,741.4886410066401,1331.0575692895152,303.64365844410577,162.5806451612903,0.0,252.5806451612903
386,177.74164124462322,1496.0491584411993,563.9699255699808,139.3548387096774,0.0,194.51612903225808
387,-1072.3605548121086,1815.2917349478666,-1130.3575365936704,150.96774193548387,0.0,252.5806451612903
388,-1298.8951319506339,1832.3959392767104,-1221.2963081453818,174.19354838709677,46.45161290322581,368.7096774193548
389,-527.0411147949956,1316.7146615045694,-331.18611748591513,104.51612903225808,150.96774193548387,287.41935483870964
390,-41.30359893021183,1514.2985322881473,-324.0001450559014,69.6774193548387,162.5806451612903,322.258064516129
391,-924.951463418233,1680.122570251477,-648.2504995899906,46.45161290322581,139.3548387096774,136.4516129032258
392,2.3584558561125846,1756.1885722538598,-1149.9061166005358,139.3548387096774,162.5806451612903,322.258064516129
393,-890.367173604413,1588.775761738032,-741.8494605674265,23.225806451612904,69.6774193548387,368.7096774193548
394,-282.5100034230518,1452.4340014552636,591.4848584576088,127.74193548387098,139.3548387096774,357.0967741935484
395,-574.7578317779099,1403.0236985487313,179.63206066843645,11.612903225806452,81.29032258064515,194.51612903225808
396,-156.7509882580506,1814.4224696003785,888.8507134442484,139.3548387096774,127.74193548387098,101.61290322580645
397,-28.020177407701574,1352.0553394184228,174.4262117178417,34.83870967741935,116.12903225806453,403.5483870967742
398,569.3991255239112,1280.0136792979208,-232.10708832355982,92.90322580645162,104.51612903225808,194.51612903225808
399,-137.47272063175498,1573.9119775456875,764.5436333665382,23.225806451612904,139.3548387096774,90.0
400,320.9660646911379,1807.1752047076372,1195.932411615547,104.51612903225808,139.3548387096774,90.0
401,-448.300096632736,1633.6558747053055,-289.9844501995195,69.6774193548387,104.51612903225808,206.1290322580645
402,-967.8123366205688,1263.2032638170124,423.0214831881611,92.90322580645162,69.6774193548387,101.61290322580645
403,529.9010198281359,1569.0087650013988,-839.3931606392116,104.51612903225808,23.225806451612904,299.03225806451616
404,-698.1295014373641,1332.4691721333156,422.73236386715035,162.5806451612903,58.06451612903226,299.03225806451616
405,-1031.9873274409065,1773.2988298425591,-1075.779870238759,174.19354838709677,116.12903225806453,299.03225806451616
406,-211.8367135674653,1849.5207535301276,1012.8376891661977,23.225806451612904,127.74193548387098,148.06451612903226
407,688.9454308157891,1821.4473195725652,-755.6096297668503,69.6774193548387,92.90322580645162,90.0
408,-938.6508415792873,1585.3931653918792,343.4738457210985,58.06451612903226,69.6774193548387,206.1290322580645
409,588.2873722463066,1445.9987773767295,644.7403940822493,81.29032258064515,69.6774193548387,90.0
410,578.4993835096393,1301.4251610860754,-724.7522947487356,11.612903225806452,46.45161290322581,90.0
411,-1231.435670573429,1488.7728943372877,-363.4624156490182,92.90322580645162,81.29032258064515,299.03225806451616
412,1012.3611280536904,1499.1145573038207,175.48388213695958,162.5806451612903,81.29032258064515,159.67741935483872
413,1288.5971890882934,1481.6179458557253,-326.8857279623174,0.0,92.90322580645162,240.96774193548387
414,1051.5366417189734,1459.362914908769,929.676773633788,116.12903225806453,150.96774193548387,206.1290322580645
415,76.72728204337673,1563.5948357978712,521.5547486943141,150.96774193548387,174.19354838709677,287.41935483870964
416,1368.2437445594433,1537.9042961004632,-982.2058255889882,46.45161290322581,162.5806451612903,252.5806451612903
417,288.93276040687647,1659.433686134815,220.13218669549488,92.90322580645162,116.12903225806453,113.2258064516129
418,570.5153547540608,1465.7287653931496,557.0349281175659,81.29032258064515,69.6774193548387,345.48387096774195
419,-1317.5909604136652,1833.8129819265187,-489.52841840687375,81.29032258064515,162.5806451612903,240.96774193548387
420,49.137981128327546,1409.4420126604343,-556.6502145350726,162.5806451612903,92.90322580645162,240.96774193548387
421,-1086.1774545542983,1555.5527046813104,-296.41092840596707,58.06451612903226,150.96774193548387,368.7096774193548
422,-118.52332835545063,1556.8937235783142,-214.74163602585037,139.3548387096774,127.74193548387098,217.74193548387098
423,513.3227916098049,1256.4130726027677,-128.4119286414458,23.225806451612904,11.612903225806452,426.77419354838713
424,1451.669385956796,1779.9497820768213,-1036.7718063499544,0.0,23.225806451612904,229.3548387096774
425,387.52379869581455,1641.8873645674114,-850.986794946593,46.45161290322581,116.12903225806453,90.0
426,-332.14702531905067,1327.7096156353934,-1.0603900912768083,34.83870967741935,104.51612903225808,240.96774193548387
427,-162.3228908982963,1677.2891998830687,-363.06649156021757,104.51612903225808,127.74193548387098,240.96774193548387
428,813.7762259338195,1277.193895746117,-784.372669897167,139.3548387096774,46.45161290322581,380.32258064516134
429,-676.1099432176542,1570.3895012792796,957.6379113357556,139.3548387096774,23.225806451612904,206.1290322580645
430,285.09561683264405,1497.4739460978612,756.3280992194503,174.19354838709677,104.51612903225808,136.4516129032258
431,-1121.9214448296975,1526.2442904874233,292.82749835923664,46.45161290322581,11.612903225806452,287.41935483870964
432,617.6608692758005,1502.4129526521388,750.9431094523253,104.51612903225808,23.225806451612904,182.90322580645162
433,659.0304167903306,1276.8262851469624,-183.07496814795226,162.5806451612903,81.29032258064515,171.29032258064515
434,813.5345290182713,1479.5852570794655,-159.17540397728658,11.612903225806452,139.3548387096774,415.1612903225806
435,-1014.7160738459446,1545.7020725057664,906.7687569255187,116.12903225806453,34.83870967741935,380.32258064516134
436,983.4499940002037,1663.1392759239122,-996.4753556235333,104.51612903225808,81.29032258064515,159.67741935483872
437,1023.7692495347982,1634.0690348171647,-1069.877218278451,23.225806451612904,46.45161290322581,287.41935483870964
438,650.9740723563176,1836.6176511833323,-313.5506731253523,23.225806451612904,162.5806451612903,194.51612903225808
439,797.8015066537384,1660.559802230976,652.3517164632005,116.12903225806453,162.5806451612903,229.3548387096774
440,1122.7736683652934,1607.9688319508357,749.1346466913433,81.29032258064515,34.83870967741935,171.29032258064515
441,-1028.9753558057394,1364.8156232683095,-325.5450967135215,81.29032258064515,58.06451612903226,322.258064516129
442,-942.1358358247488,1327.690370242259,726.84078897473,23.225806451612904,139.3548387096774,217.74193548387098
443,1282.230722442292,1841.9741061612892,-17.286283590291873,150.96774193548387,46.45161290322581,171.29032258064515
444,-1208.8250776743243,1496.2519362365238,436.12691002478067,34.83870967741935,139.3548387096774,345.48387096774195
445,66.84504074407371,1570.1090495731319,481.38969444893826,150.96774193548387,23.225806451612904,136.4516129032258
446,1382.7234681444306,1769.9223791530326,709.0343311936167,92.90322580645162,174.19354838709677,403.5483870967742
447,573.0022235820925,1356.2207412840908,-62.443262863899385,69.6774193548387,92.90322580645162,194.51612903225808
448,526.3523524352858,1485.9962446632442,68.63804803723798,92.90322580645162,58.06451612903226,217.74193548387098
449,1060.650487270316,1299.8794749692327,-792.3776371854133,58.06451612903226,81.29032258064515,403.5483870967742
450,1232.767798715744,1430.9554421878736,-689.0677656909781,104.51612903225808,0.0,206.1290322580645
451,828.7771825204022,1439.8009777163552,-890.3388383803192,162.5806451612903,81.29032258064515,333.8709677419355
452,117.09835629067413,1234.3928195895091,472.11020793367203,46.45161290322581,81.29032258064515,194.51612903225808
453,618.2341047112496,1307.725774151316,137.13696935032954,104.51612903225808,69.6774193548387,357.0967741935484
454,-1020.4911621825694,1841.0145263495658,312.24365355414517,81.29032258064515,81.29032258064515,171.29032258064515
455,593.2338558259939,1565.6971766644115,-530.5261964140321,116.12903225806453,23.225806451612904,368.7096774193548
456,1054.8707030487535,1499.3645320944204,-851.5743720822956,34.83870967741935,0.0,217.74193548387098
457,-987.1617387815172,1491.131266524993,325.38911363811724,34.83870967741935,162.5806451612903,252.5806451612903
458,-1144.2356839851827,1335.5453194740317,-452.65514146504523,58.06451612903226,150.96774193548387,217.74193548387098
459,1618.5097213353504,1781.498772381995,-815.4541976603241,69.6774193548387,34.83870967741935,380.32258064516134
460,-1027.1867092971238,1584.69691891153,-758.8884657061171,81.29032258064515,150.96774193548387,240.96774193548387
461,176.43113327556162,1778.0746731548838,1032.828368107848,23.225806451612904,139.3548387096774,415.1612903225806
462,-1413.3536391049422,1690.7079684610392,580.5566105881235,46.45161290322581,150.96774193548387,90.0
463,-1008.4084502477958,1593.4100844760042,144.44906739086355,127.74193548387098,34.83870967741935,148.06451612903226
464,-109.27165752570396,1591.041285974924,-582.8792194907395,11.612903225806452,58.06451612903226,391.93548387096774
465,519.7051540378744,1488.4222443729373,391.7938853473959,46.45161290322581,34.83870967741935,368.7096774193548
466,789.7446909899497,1272.8054155841694,-388.21663174678037,174.19354838709677,23.225806451612904,194.51612903225808
467,297.19898874302635,1549.1351496963916,338.60259222169555,150.96774193548387,58.06451612903226,333.8709677419355
468,-592.2590386602433,1755.2632817537713,-521.3798826142691,23.225806451612904,0.0,159.67741935483872
469,1350.6435154929488,1546.8452937599081,-733.2729328892361,46.45161290322581,23.225806451612904,415.1612903225806
470,995.8853383406787,1706.0689697730008,8.470173755896226,23.225806451612904,139.3548387096774,229.3548387096774
471,-262.395335600273,1503.2165674858443,-751.6955046549991,11.612903225806452,127.74193548387098,182.90322580645162
472,-70.10609939255676,1491.4046533464123,795.7071413846687,150.96774193548387,116.12903225806453,182.90322580645162
473,-631.3063787000917,1283.0416442288413,-679.9519849333846,162.5806451612903,23.225806451612904,345.48387096774195
474,632.616161346091,1765.8496037368245,-782.8069065095264,116.12903225806453,81.29032258064515,124.83870967741936
475,322.3302344863047,1639.5038699643117,-777.7052168869401,23.225806451612904,58.06451612903226,90.0
476,-576.0750585011987,1614.9484456583289,-355.0898884896332,150.96774193548387,92.90322580645162,171.29032258064515
477,-763.5497314243647,1726.5268011829726,-809.3290749286986,11.612903225806452,23.225806451612904,310.64516129032256
478,1427.9908334224222,1786.9818876461636,316.3383034449783,11.612903225806452,58.06451612903226,124.83870967741936
479,1130.1156722121884,1398.4100259353856,-56.78012514709749,23.225806451612904,11.612903225806452,403.5483870967742
480,1175.0677808463377,1832.1983423242948,-211.41209791672713,69.6774193548387,139.3548387096774,240.96774193548387
481,955.5184291438883,1298.956804138654,126.5769925228259,34.83870967741935,162.5806451612903,380.32258064516134
482,526.6619620649525,1358.0425447869413,543.467102307532,11.612903225806452,81.29032258064515,310.64516129032256
483,114.58537402406836,1534.363387677308,595.466686810081,0.0,81.29032258064515,252.5806451612903
484,906.6086320458459,1510.0086373260601,773.8197323206869,11.612903225806452,23.225806451612904,206.1290322580645
485,800.1600740152927,1203.1160396967377,147.42442180172563,162.5806451612903,92.90322580645162,194.51612903225808
486,-611.0001151096242,1298.2528543231358,-626.1822799112749,11.612903225806452,174.19354838709677,438.38709677419354
487,0.28493053726279527,1511.9948531058067,-167.69315834518412,69.6774193548387,58.06451612903226,287.41935483870964
488,1118.124178271747,1786.6210763172141,175.9908452436406,81.29032258064515,58.06451612903226,357.0967741935484
489,450.217009454755,1720.4418334550476,520.824624842765,34.83870967741935,34.83870967741935,287.41935483870964
490,-457.76516275971966,1569.4988551335505,-518.199572837087,46.45161290322581,58.06451612903226,310.64516129032256
491,1224.9599829157005,1549.2210797186406,-528.392325598115,116.12903225806453,0.0,171.29032258064515
492,1138.3470608718746,1519.3730339973797,285.30650283342777,139.3548387096774,46.45161290322581,299.03225806451616
493,-1062.9301625233704,1293.3892137148605,440.21882327420894,127.74193548387098,162.5806451612903,415.1612903225806
494,-700.6558008434661,1457.0171514943702,-557.0451110482194,150.96774193548387,174.19354838709677,124.83870967741936
495,459.4413525109651,1472.8847964158613,-728.9653738869916,139.3548387096774,0.0,159.67741935483872
496,180.50073542954016,1237.9852570932267,221.97107004382843,34.83870967741935,46.45161290322581,194.51612903225808
497,807.1530812544335,1220.2617131073348,-706.6279663928547,92.90322580645162,162.5806451612903,252.5806451612903
498,-419.4856975081791,1768.6118582067134,-736.43188831812,34.83870967741935,116.12903225806453,217.74193548387098
499,834.7707071282045,1340.3813461262876,-10.203260867820951,81.29032258064515,11.612903225806452,275.80645161290323
500,436.498250783718,1478.2741196548836,-133.85845585472129,46.45161290322581,127.74193548387098,368.7096774193548
501,-47.603170056043,1682.9082527026135,-269.09581485093435,116.12903225806453,174.19354838709677,101.61290322580645
502,-389.1321843846692,1484.1395060290572,710.4929471483406,174.19354838709677,139.3548387096774,380.32258064516134
503,421.9453378935438,1353.0166214394824,191.66298225627224,23.225806451612904,162.5806451612903,426.77419354838713
504,-1303.7058928095507,1628.8917883540976,298.09970765848044,11.612903225806452,92.90322580645162,380.32258064516134
505,511.2974585890228,1702.1807724420141,-613.7910495992567,92.90322580645162,34.83870967741935,345.48387096774195
506,241.48284498058797,1661.458714634777,-924.097010819026,46.45161290322581,0.0,182.90322580645162
507,407.14958059691423,1777.8703919495129,422.6796003426429,162.5806451612903,34.83870967741935,426.77419354838713
508,-747.4962464573786,1803.6762412919793,-786.1164705347223,69.6774193548387,0.0,90.0
509,-526.9248233394687,1730.936883883386,968.748034323996,69.6774193548387,0.0,206.1290322580645
510,394.41644306550234,1229.8470659246736,429.79272202238974,150.96774193548387,81.29032258064515,357.0967741935484
511,524.2895182854952,1374.12069487834,-755.0828430492642,150.96774193548387,150.96774193548387,322.258064516129
512,1052.0173996501096,1254.871992604947,744.6258989817634,81.29032258064515,11.612903225806452,345.48387096774195
513,954.3466730324456,1314.8137691106958,-341.00519405927656,58.06451612903226,92.90322580645162,194.51612903225808
514,-732.7532096287831,1336.3080614632163,528.122786573415,11.612903225806452,92.90322580645162,113.2258064516129
515,737.1361569473473,1257.8596589273457,394.2484176250455,104.51612903225808,23.225806451612904,264.19354838709677
516,284.46121828413595,1418.3513093874853,721.8032114522437,162.5806451612903,104.51612903225808,345.48387096774195
517,-1027.3686102748193,1302.2377128725414,181.0679469127578,174.19354838709677,116.12903225806453,287.41935483870964
518,-705.4347022182551,1211.7588682864168,586.600746978053,139.3548387096774,150.96774193548387,171.29032258064515
519,703.609704608216,1344.7982891295985,367.94958373790274,23.225806451612904,150.96774193548387,252.5806451612903
520,-508.15605715539203,1563.277436363704,-811.3742803894764,81.29032258064515,69.6774193548387,194.51612903225808
521,339.5099708709182,1620.7642627068567,275.0480104926158,150.96774193548387,69.6774193548387,124.83870967741936
522,1391.4088507652127,1661.2016335710919,-24.20939524047281,150.96774193548387,116.12903225806453,252.5806451612903
523,992.7441379917955,1360.4006393811783,-819.8416352043756,92.90322580645162,104.51612903225808,403.5483870967742
524,17.35788699317773,1378.4912417130017,-795.8745855475121,162.5806451612903,127.74193548387098,345.48387096774195
525,1205.8133084191427,1533.3405486381723,814.3850769544033,92.90322580645162,23.225806451612904,148.06451612903226
526,826.5371074660262,1839.7889269838327,688.3535616385893,34.83870967741935,127.74193548387098,287.41935483870964
527,281.94580037836676,1581.2600538263844,717.618743151919,46.45161290322581,81.29032258064515,182.90322580645162
528,-395.8579761236415,1660.3519486688338,-1012.9186322577403,92.90322580645162,11.612903225806452,275.80645161290323
529,847.6560869059765,1594.4662418650144,346.3119299236022,11.612903225806452,174.19354838709677,252.5806451612903
530,-924.5613366825914,1781.2884664548242,-853.5709737353172,81.29032258064515,92.90322580645162,287.41935483870964
531,395.07295941988116,1596.7128885434188,-579.7009515208993,11.612903225806452,92.90322580645162,206.1290322580645
532,-660.6230530425224,1275.615410928998,-423.9652549134595,69.6774193548387,104.51612903225808,287.41935483870964
533,-1077.2121774711889,1421.4775244835746,619.2349428698419,34.83870967741935,162.5806451612903,333.8709677419355
534,-18.98900134253001,1288.1542905579413,-752.408691456841,69.6774193548387,69.6774193548387,171.29032258064515
535,92.21979285979654,1543.2204976683227,140.1754970452819,69.6774193548387,11.612903225806452,171.29032258064515
536,-154.1110066633209,1783.5959266439231,-337.4023269838091,116.12903225806453,174.19354838709677,206.1290322580645
537,-165.65699614740996,1250.642984032152,-620.8648833455783,0.0,69.6774193548387,252.5806451612903
538,-915.0602365027652,1465.556109602716,131.8072307429345,139.3548387096774,139.3548387096774,194.51612903225808
539,838.4122710650454,1711.6988481182836,-724.300296325782,23.225806451612904,34.83870967741935,415.1612903225806
540,-1590.2860159667266,1840.0343776880582,225.92429503423207,150.96774193548387,23.225806451612904,275.80645161290323
541,-101.68232545079015,1477.146892055047,162.29727825804244,174.19354838709677,174.19354838709677,299.03225806451616
542,1106.4362230575305,1475.003775666863,-417.1287871291658,0.0,58.06451612903226,252.5806451612903
543,-1211.308344010048,1568.2655338686718,24.700831568850212,116.12903225806453,174.19354838709677,136.4516129032258
544,-1143.5198415859413,1693.7810066227896,-1022.7301588760422,174.19354838709677,69.6774193548387,299.03225806451616
545,1016.2990200649512,1383.1213673604725,684.9372662927584,116.12903225806453,69.6774193548387,264.19354838709677
546,10.158717950558938,1695.0624212156254,1024.4305928253862,34.83870967741935,92.90322580645162,403.5483870967742
547,1531.6977025718281,1811.8508365928499,-1080.7726059470394,46.45161290322581,34.83870967741935,357.0967741935484
548,1074.0852850816773,1662.967147118318,-666.2109000169634,104.51612903225808,116.12903225806453,322.258064516129
549,7.178189744484698,1788.0152461695736,791.451445299778,81.29032258064515,23.225806451612904,322.258064516129
550,-888.1983529536762,1330.1929760988994,121.18667441878124,174.19354838709677,46.45161290322581,240.96774193548387
551,-223.97318904382075,1210.868974030155,-434.5751978925974,139.3548387096774,34.83870967741935,345.48387096774195
552,-621.2825987529338,1663.6696994694403,-272.50847961068024,69.6774193548387,139.3548387096774,438.38709677419354
553,-705.1388327516781,1215.740996929214,149.16397676854808,116.12903225806453,150.96774193548387,415.1612903225806
554,-1114.0067087036798,1500.901573397679,669.9005579357529,127.74193548387098,11.612903225806452,345.48387096774195
555,587.733751013589,1307.8004164075608,647.5522981188519,69.6774193548387,92.90322580645162,159.67741935483872
556,107.25904316089529,1784.6635627169399,-503.64698608987436,81.29032258064515,116.12903225806453,287.41935483870964
557,1009.7965556302213,1384.1805785195825,296.97724912397075,92.90322580645162,58.06451612903226,252.5806451612903
558,223.08611475380894,1593.706650822428,239.59676536952318,46.45161290322581,127.74193548387098,264.19354838709677
559,1150.8010522663453,1539.5970209440893,-63.58828787879123,23.225806451612904,23.225806451612904,438.38709677419354
560,130.06193546582435,1704.7214826619993,857.3683900716753,11.612903225806452,11.612903225806452,206.1290322580645
561,813.8152772805487,1279.1918787554332,-467.812785270093,174.19354838709677,11.612903225806452,275.80645161290323
562,816.1411083829105,1379.8800778759394,-555.5629064650143,139.3548387096774,116.12903225806453,322.258064516129
563,343.98374376398095,1480.260071650425,907.0801475809089,34.83870967741935,139.3548387096774,182.90322580645162
564,455.0633970359403,1271.6550407077793,-645.971911181533,104.51612903225808,23.225806451612904,415.1612903225806
565,475.4694679770299,1778.2440513215477,36.92469216334757,104.51612903225808,0.0,159.67741935483872
566,-594.4744256256804,1622.136990583948,-425.1786630667892,46.45161290322581,46.45161290322581,426.77419354838713
567,1229.9375729158537,1610.7432345208326,4.401930942610122,81.29032258064515,46.45161290322581,264.19354838709677
568,-336.3513321961534,1450.5811725391081,576.2585271007134,150.96774193548387,81.29032258064515,403.5483870967742
569,471.9156607583404,1618.4836108950701,804.2662245414249,104.51612903225808,0.0,148.06451612903226
570,-1360.9759030861724,1781.18676219292,720.9244153793293,46.45161290322581,104.51612903225808,287.41935483870964
571,97.22924566517293,1814.3033742317832,-110.45036971307115,23.225806451612904,104.51612903225808,217.74193548387098
572,1181.9937713086026,1426.7648864110079,-800.8421013727927,150.96774193548387,46.45161290322581,287.41935483870964
573,556.9271462810732,1385.7506641539107,798.9731603385843,46.45161290322581,174.19354838709677,124.83870967741936
574,-327.22041189109297,1556.197232438949,384.03128730683653,34.83870967741935,139.3548387096774,333.8709677419355
575,-120.12010909780066,1806.804464520545,-627.6058084127,174.19354838709677,69.6774193548387,148.06451612903226
576,-78.97274600922887,1304.4386778675264,-179.2325642375495,174.19354838709677,174.19354838709677,252.5806451612903
577,204.47751854916464,1584.5223303324133,-564.9791139197846,92.90322580645162,92.90322580645162,90.0
578,449.7875088930098,1226.6614700676687,-252.22852606497037,139.3548387096774,162.5806451612903,194.51612903225808
579,-325.4972849078399,1734.6762088473647,739.9831166079539,81.29032258064515,104.51612903225808,299.03225806451616
580,-1475.1881049850947,1660.3964778859229,-893.0895606187743,69.6774193548387,139.3548387096774,333.8709677419355
581,-1112.988999079925,1770.8875472273253,-688.0960619454279,46.45161290322581,0.0,124.83870967741936
582,-649.9517182544515,1617.15834889591,-651.7106923896355,34.83870967741935,174.19354838709677,403.5483870967742
583,-279.6882057352494,1407.5394314952941,409.952339755767,116.12903225806453,46.45161290322581,438.38709677419354
584,-517.6904203625576,1439.3669319331484,433.9107959008448,69.6774193548387,139.3548387096774,322.258064516129
585,229.1896274485465,1705.6728659238104,-741.0057906621466,58.06451612903226,11.612903225806452,101.61290322580645
586,-331.98727274345146,1346.573846687517,-444.9537290900845,58.06451612903226,162.5806451612903,368.7096774193548
587,-919.4621194689057,1349.8608453544293,198.2247695771921,46.45161290322581,23.225806451612904,333.8709677419355
588,-1152.4414047422401,1416.6131637259039,-853.0174599399963,104.51612903225808,0.0,90.0
589,-131.99182736534,1205.150878349756,98.34240886047905,34.83870967741935,23.225806451612904,299.03225806451616
590,-428.71393227287126,1654.8481562658949,-717.6022598171307,150.96774193548387,46.45161290322581,438.38709677419354
591,-1251.067130350041,1518.3988247217203,385.9287142916006,46.45161290322581,69.6774193548387,345.48387096774195
592,502.90523962323397,1774.8044731671364,984.0765074069477,0.0,46.45161290322581,171.29032258064515
593,-277.76976539130357,1303.5335873631934,-497.03872515491344,92.90322580645162,58.06451612903226,90.0
594,-884.1916130575712,1644.3690005159303,-1064.3789214303627,139.3548387096774,92.90322580645162,345.48387096774195
595,997.6806961891372,1581.4704245257587,-914.8908424799281,46.45161290322581,150.96774193548387,345.48387096774195
596,-111.0885909720988,1557.9951332445364,-867.4647145879921,92.90322580645162,92.90322580645162,299.03225806451616
597,1270.9942836685184,1577.1047966476613,165.8481658512285,11.612903225806452,34.83870967741935,322.258064516129
598,97.71848454301306,1517.4211336213953,-433.7554602933955,104.51612903225808,34.83870967741935,264.19354838709677
599,-51.73331001114008,1536.8207329772072,-262.3275099497794,104.51612903225808,92.90322580645162,287.41935483870964
600,550.8403699098695,1381.5105858559984,564.1570127161563,81.29032258064515,116.12903225806453,275.80645161290323
601,545.1008307885774,1434.3940003318442,380.92179567752066,127.74193548387098,46.45161290322581,264.19354838709677
602,-64.19303005649795,1806.1113124520716,672.5044007935995,162.5806451612903,104.51612903225808,403.5483870967742
603,647.8411055566497,1227.706844544222,-487.75810377249104,81.29032258064515,81.29032258064515,333.8709677419355
604,1179.0429057777833,1670.6238926262477,718.748535563328,139.3548387096774,0.0,90.0
605,636.8097868945883,1331.8725051678075,-219.17444783241456,162.5806451612903,162.5806451612903,322.258064516129
606,-650.8904629315346,1675.0440111720466,748.2426168360648,11.612903225806452,174.19354838709677,275.80645161290323
607,739.6983455830888,1703.614674186899,485.70695262116317,34.83870967741935,23.225806451612904,101.61290322580645
608,-178.6117254252474,1799.9112358462828,403.7090695328295,58.06451612903226,58.06451612903226,206.1290322580645
609,496.89985107723265,1549.8093066937472,-1001.9380036529443,104.51612903225808,34.83870967741935,438.38709677419354
610,642.2291721302163,1312.4281425741683,621.0811228461779,139.3548387096774,127.74193548387098,275.80645161290323
611,-112.72246017777422,1258.10424029481,-138.6867528271389,58.06451612903226,174.19354838709677,159.67741935483872
612,-1065.206314597075,1440.5604630155133,886.044175793243,162.5806451612903,69.6774193548387,252.5806451612903
613,587.1012336156717,1646.4149620733538,486.1001944801608,127.74193548387098,139.3548387096774,380.32258064516134
614,1351.8685477481918,1683.794425931196,-506.90971069099123,162.5806451612903,46.45161290322581,101.61290322580645
615,-846.3803778329982,1315.2325314766654,-51.529244453784614,58.06451612903226,116.12903225806453,101.61290322580645
616,-717.3994398541971,1607.2409206002162,162.7273525114976,150.96774193548387,162.5806451612903,380.32258064516134
617,128.74320516778823,1681.8781111419885,716.8340171044255,46.45161290322581,104.51612903225808,264.19354838709677
618,1314.059428917187,1792.8439176409738,-300.3337717537022,104.51612903225808,104.51612903225808,217.74193548387098
619,-861.6779018849614,1453.756331829218,371.7370632009557,139.3548387096774,11.612903225806452,171.29032258064515
620,995.5523143833125,1202.6936523573222,-357.62715326084697,58.06451612903226,104.51612903225808,171.29032258064515
621,-409.3503763456504,1717.9010524625912,-752.1282395149088,127.74193548387098,116.12903225806453,124.83870967741936
622,94.99468039412892,1593.885718847992,728.7889458140733,92.90322580645162,150.96774193548387,264.19354838709677
623,623.7611630405528,1807.9854643442438,-1194.9556397145607,46.45161290322581,139.3548387096774,299.03225806451616
624,-1180.6259766715473,1352.5431916414327,818.0534894358201,139.3548387096774,34.83870967741935,391.93548387096774
625,-256.98286584698235,1697.294210311502,507.839949033011,116.12903225806453,139.3548387096774,368.7096774193548
626,284.3193934795481,1835.2106023592346,828.9462031953472,127.74193548387098,58.06451612903226,124.83870967741936
627,197.17537381391884,1801.3318930339842,1148.7125711806711,139.3548387096774,46.45161290322581,264.19354838709677
628,-728.1640490979523,1520.6335158927986,-525.5386526097473,116.12903225806453,116.12903225806453,275.80645161290323
629,-1219.9458899271756,1555.961056326775,-761.7416291493137,174.19354838709677,58.06451612903226,426.77419354838713
630,-1351.6550673917172,1583.3229862389576,-209.33934541000826,81.29032258064515,46.45161290322581,333.8709677419355
631,61.23503021520058,1592.437124266784,356.7934313998707,150.96774193548387,139.3548387096774,368.7096774193548
632,337.0773689207731,1254.564276452088,-777.7522844669855,69.6774193548387,116.12903225806453,264.19354838709677
633,-1104.504585043263,1650.7983906877457,678.3673500275737,34.83870967741935,174.19354838709677,380.32258064516134
634,236.4188488035847,1811.5960871305838,512.2428012155941,150.96774193548387,81.29032258064515,415.1612903225806
635,1447.7281115186126,1844.4216435715323,14.585081282652723,174.19354838709677,92.90322580645162,438.38709677419354
636,-256.0342448165839,1498.2681228325323,581.4099153606666,104.51612903225808,34.83870967741935,101.61290322580645
637,559.8851853908593,1322.5995547044172,-37.10530593575516,150.96774193548387,150.96774193548387,345.48387096774195
638,-527.8436803158677,1747.2793617829577,-453.53217609332097,11.612903225806452,127.74193548387098,264.19354838709677
639,747.1929998894025,1802.969293001524,-1155.857385014179,104.51612903225808,0.0,101.61290322580645
640,828.438209280127,1432.8290578456051,-767.1693130776911,81.29032258064515,162.5806451612903,136.4516129032258
641,-900.6240097944111,1245.9198863114684,-505.6753039300138,34.83870967741935,162.5806451612903,368.7096774193548
642,44.07516305842414,1423.9849996971404,546.0889983411906,139.3548387096774,139.3548387096774,90.0
643,338.4853911846253,1313.6438363366685,-51.744464818848535,58.06451612903226,34.83870967741935,252.5806451612903
644,557.12887456465,1618.780813024231,624.6311584102109,92.90322580645162,127.74193548387098,275.80645161290323
645,900.989264515748,1233.8219676522936,-400.807198799425,11.612903225806452,23.225806451612904,217.74193548387098
646,984.2572123151674,1397.8034413259923,155.53495223754422,174.19354838709677,46.45161290322581,345.48387096774195
647,-233.74720063336056,1520.2148153499563,105.00342495685456,174.19354838709677,139.3548387096774,113.2258064516129
648,772.5242415328578,1686.9481810193329,634.7663622853639,34.83870967741935,139.3548387096774,322.258064516129
649,-26.00820475110055,1849.886137098644,162.26679747799545,174.19354838709677,174.19354838709677,229.3548387096774
650,-244.4564690144894,1391.57535254084,-394.2381515661517,69.6774193548387,162.5806451612903,368.7096774193548
651,97.93707161442012,1345.7763779947318,-381.18836835290927,174.19354838709677,150.96774193548387,438.38709677419354
652,174.57130432283492,1209.8629638398052,-123.10259616320805,11.612903225806452,127.74193548387098,113.2258064516129
653,287.6105226565949,1383.4082177453397,-680.242174143137,92.90322580645162,0.0,206.1290322580645
654,581.1972467880155,1772.4145456855883,520.9306311243066,92.90322580645162,81.29032258064515,357.0967741935484
655,-1530.1549423331994,1814.6324395048473,-280.7496637069896,127.74193548387098,116.12903225806453,252.5806451612903
656,-1141.0197489861744,1823.6145581002272,403.39966308021803,104.51612903225808,174.19354838709677,415.1612903225806
657,-72.018610026252,1536.785246831651,-365.5524424564071,0.0,116.12903225806453,206.1290322580645
658,-259.4544556758546,1642.335633147615,672.8595352050465,174.19354838709677,139.3548387096774,333.8709677419355
659,252.43744754643825,1261.5987419757296,-199.52420716943902,139.3548387096774,34.83870967741935,310.64516129032256
660,-42.17020512994143,1360.701045933866,-247.71531422075643,139.3548387096774,104.51612903225808,380.32258064516134
661,-1390.4118625352055,1677.2267936963003,-1037.675083024606,139.3548387096774,11.612903225806452,217.74193548387098
662,-471.02272714493887,1251.7428368348105,668.2370629275969,174.19354838709677,116.12903225806453,403.5483870967742
663,-942.5172547764778,1736.6218433022873,534.639571679142,58.06451612903226,46.45161290322581,206.1290322580645
664,-722.5551633772957,1553.299649316075,902.8454575084962,116.12903225806453,92.90322580645162,415.1612903225806
665,-840.0825834338342,1661.3064874642298,59.84203129410428,81.29032258064515,139.3548387096774,124.83870967741936
666,-29.01463033353746,1526.6727278789424,353.11904831666345,127.74193548387098,69.6774193548387,403.5483870967742
667,167.62295499084576,1472.6099575919975,-106.01037587583271,23.225806451612904,23.225806451612904,357.0967741935484
668,660.9923114645144,1679.0411755464163,-714.8023816519101,46.45161290322581,58.06451612903226,403.5483870967742
669,-757.6797234918523,1668.9320453031698,615.5890846912478,116.12903225806453,81.29032258064515,229.3548387096774
670,-1163.7276914301428,1449.1018690956314,-465.2804837297509,104.51612903225808,104.51612903225808,171.29032258064515
671,-524.7273345383295,1211.2301926561825,-248.44564582696816,81.29032258064515,23.225806451612904,217.74193548387098
672,-274.99125560968645,1489.5107000896264,-189.7073201043873,11.612903225806452,116.12903225806453,159.67741935483872
673,-360.0348647732204,1657.5802327560787,618.855981531996,127.74193548387098,104.51612903225808,148.06451612903226
674,-1269.0612935510715,1615.5005706235656,779.5397276540104,116.12903225806453,104.51612903225808,438.38709677419354
675,691.1428089993952,1760.1976263220693,560.7370802299563,127.74193548387098,127.74193548387098,148.06451612903226
676,1410.5953489556457,1705.9317176059935,1012.055992045191,34.83870967741935,116.12903225806453,299.03225806451616
677,-546.6957550532103,1491.2685872500613,-329.6485669624147,34.83870967741935,58.06451612903226,217.74193548387098
678,551.8869348217089,1389.4314528397756,-117.65139261159322,0.0,104.51612903225808,113.2258064516129
679,-590.113783547111,1445.4321302421008,-315.5583861700598,162.5806451612903,46.45161290322581,403.5483870967742
680,817.3651453014846,1476.5209399519672,-181.3587779083556,162.5806451612903,58.06451612903226,229.3548387096774
681,-477.41214314485137,1662.0613376404492,-754.0929164264581,69.6774193548387,46.45161290322581,380.32258064516134
682,1305.8809090393909,1779.3416848155057,-537.1018636097994,174.19354838709677,11.612903225806452,240.96774193548387
683,-1075.3082046545335,1315.2457387234067,32.71810767356609,150.96774193548387,81.29032258064515,113.2258064516129
684,546.8037373944516,1445.1916776678172,-854.5664821364079,116.12903225806453,127.74193548387098,426.77419354838713
685,198.5278158466583,1740.9708218350318,67.8823338447609,46.45161290322581,104.51612903225808,171.29032258064515
686,856.169347207399,1288.8103984745203,-228.85836420158273,81.29032258064515,116.12903225806453,333.8709677419355
687,296.3239893569257,1283.043247218814,795.0736088775242,11.612903225806452,69.6774193548387,299.03225806451616
688,-115.64382009968045,1393.8328944678683,215.09018661110773,116.12903225806453,116.12903225806453,240.96774193548387
689,-1447.6546314432298,1833.841797577035,311.3950476936498,58.06451612903226,139.3548387096774,310.64516129032256
690,-220.56417149955846,1411.3737822576022,-28.01879732856083,92.90322580645162,69.6774193548387,368.7096774193548
691,487.07604298887526,1680.3401343118112,46.30829579110518,46.45161290322581,58.06451612903226,275.80645161290323
692,582.6502990967433,1503.8645934355975,-478.18535982469825,92.90322580645162,174.19354838709677,322.258064516129
693,1035.05659992463,1661.1407806023049,-371.47204128151384,46.45161290322581,174.19354838709677,159.67741935483872
694,-1021.6483352102624,1608.242052396588,-401.31119914621524,92.90322580645162,58.06451612903226,113.2258064516129
695,-1143.7068355656686,1589.3704382105466,430.9679923544506,58.06451612903226,58.06451612903226,101.61290322580645
696,-140.70060363643398,1836.5987854211778,-587.7440390349232,92.90322580645162,150.96774193548387,287.41935483870964
697,669.4902690431294,1273.8274437825753,-574.6502646583705,81.29032258064515,34.83870967741935,357.0967741935484
698,24.067995914059814,1505.2792791923978,620.1672859589634,69.6774193548387,162.5806451612903,194.51612903225808
699,-1525.6652621263243,1692.5893138498927,311.1640639132764,116.12903225806453,81.29032258064515,333.8709677419355
700,599.1060277388798,1438.7254916195322,65.06317930199081,46.45161290322581,69.6774193548387,264.19354838709677
701,1041.3277768279365,1519.4124044205385,-544.7695615315296,34.83870967741935,46.45161290322581,287.41935483870964
702,-204.01338741317971,1222.6891516304313,484.02028851083685,11.612903225806452,11.612903225806452,194.51612903225808
703,417.2018540534676,1338.996150306471,-841.1941100999604,162.5806451612903,34.83870967741935,124.83870967741936
704,71.88716569215146,1483.866945354478,560.7046006717152,34.83870967741935,69.6774193548387,217.74193548387098
705,-571.8017884334197,1562.618499979141,-534.1620102134208,23.225806451612904,46.45161290322581,415.1612903225806
706,-91.99213040134246,1809.089627071121,-638.3153428993583,81.29032258064515,0.0,113.2258064516129
707,-968.3422160804937,1264.2319678786846,4.269606750423094,116.12903225806453,23.225806451612904,206.1290322580645
708,371.26888766565446,1353.2257086823438,-845.6612368010386,150.96774193548387,162.5806451612903,345.48387096774195
709,488.09831269462,1329.553482361084,149.1479158120022,69.6774193548387,46.45161290322581,310.64516129032256
710,1018.9337850305275,1271.662545829605,-41.09117788221796,58.06451612903226,127.74193548387098,391.93548387096774
711,1461.1621963804537,1731.0133475908876,-795.0607746200238,162.5806451612903,92.90322580645162,275.80645161290323
712,821.1220538954274,1269.074628545572,-401.4544624421644,46.45161290322581,11.612903225806452,136.4516129032258
713,1225.2655639322388,1824.7566341618335,-1170.2624449820612,11.612903225806452,116.12903225806453,357.0967741935484
714,596.617297735469,1425.2421103464976,-340.05897543233255,81.29032258064515,58.06451612903226,415.1612903225806
715,1232.0369199937845,1490.561662400306,956.7411764699043,69.6774193548387,150.96774193548387,124.83870967741936
716,-1019.8421403240117,1467.9993947434032,93.02721416159869,174.19354838709677,92.90322580645162,217.74193548387098
717,-44.35120537806316,1283.0992367448025,-697.4694339486784,174.19354838709677,150.96774193548387,217.74193548387098
718,967.2868697631678,1452.3346935112008,186.373845263884,46.45161290322581,162.5806451612903,90.0
719,-165.34550711621864,1226.3671770146448,-128.6613320928642,0.0,34.83870967741935,136.4516129032258
720,1090.412500155205,1673.0711046055608,988.5384362960255,104.51612903225808,46.45161290322581,345.48387096774195
721,-784.142676400382,1503.0314947339893,-849.5309355152791,46.45161290322581,81.29032258064515,90.0
722,665.9581385343051,1428.571758527366,93.07019631066176,139.3548387096774,34.83870967741935,275.80645161290323
723,470.2491490934526,1272.6113344184603,-184.72972566966098,174.19354838709677,162.5806451612903,403.5483870967742
724,935.8067164032481,1552.8769008576073,1009.20724852666,139.3548387096774,58.06451612903226,252.5806451612903
725,18.635953597842736,1259.3591930705556,105.616000443227,127.74193548387098,46.45161290322581,217.74193548387098
726,-1369.8982386822386,1837.5876333303868,65.95957072370578,127.74193548387098,46.45161290322581,90.0
727,521.1804279798453,1369.0181972592202,-527.5499004937656,46.45161290322581,34.83870967741935,229.3548387096774
728,-123.62176587864991,1219.4385538963509,-323.5467523236645,116.12903225806453,34.83870967741935,217.74193548387098
729,1151.543137863387,1358.829957691291,593.8264102136253,139.3548387096774,150.96774193548387,159.67741935483872
730,-1124.7960015945278,1312.2134321045291,92.50837675841072,69.6774193548387,81.29032258064515,403.5483870967742
731,967.3397676326506,1343.0593451972218,122.06071692636229,139.3548387096774,116.12903225806453,148.06451612903226
732,-884.0550415085623,1812.7147898210023,580.3493532465072,127.74193548387098,150.96774193548387,322.258064516129
733,-420.61716560481165,1765.8783291519296,-425.70487720111146,127.74193548387098,11.612903225806452,240.96774193548387
734,-587.4543463651287,1242.2731889278325,-241.73766583104887,116.12903225806453,104.51612903225808,194.51612903225808
735,-877.4931478128117,1377.272580648784,826.5400007169919,0.0,150.96774193548387,217.74193548387098
736,737.3241946189854,1715.983557183425,-1030.7763076275546,11.612903225806452,23.225806451612904,403.5483870967742
737,457.94850763623083,1417.9750944042103,-499.0141154801323,46.45161290322581,150.96774193548387,426.77419354838713
738,1416.305050679238,1582.0495959239497,-601.8546138203302,150.96774193548387,174.19354838709677,333.8709677419355
739,1079.6556125224024,1454.1528221613535,-429.6439925209057,174.19354838709677,11.612903225806452,148.06451612903226
740,561.8782901656388,1436.7420661560168,-563.406804667192,150.96774193548387,92.90322580645162,438.38709677419354
741,-535.8412909499275,1712.410327690133,-831.5443533666477,58.06451612903226,150.96774193548387,90.0
742,-151.84381502325283,1426.6172907497632,282.84862058874455,116.12903225806453,127.74193548387098,148.06451612903226
743,1354.9359263513024,1547.4961566958796,525.0685190201659,162.5806451612903,23.225806451612904,403.5483870967742
744,-654.8948284606254,1241.1100791737035,398.98835569196507,81.29032258064515,162.5806451612903,252.5806451612903
745,-1006.9089535878852,1687.0514394033457,-304.82279795027074,69.6774193548387,46.45161290322581,101.61290322580645
746,900.8548581729933,1501.559379178018,-253.7086686968573,139.3548387096774,104.51612903225808,206.1290322580645
747,452.1201169136131,1284.769503974161,-408.0186551815763,174.19354838709677,162.5806451612903,194.51612903225808
748,-351.18968183740407,1784.100090400089,-672.2431992960624,69.6774193548387,150.96774193548387,403.5483870967742
749,774.7098607392253,1303.672982965558,-629.6744431493127,11.612903225806452,127.74193548387098,206.1290322580645
750,624.23729383873,1742.8752367153481,-460.1367758858779,104.51612903225808,92.90322580645162,333.8709677419355
751,-729.9306027854168,1542.2945904900698,176.1356797848622,0.0,104.51612903225808,229.3548387096774
752,822.2207575127136,1847.6832092811271,71.89250563156264,127.74193548387098,46.45161290322581,252.5806451612903
753,1311.1905146927736,1687.8815199548544,-394.726095050279,23.225806451612904,139.3548387096774,240.96774193548387
754,-414.3245230848155,1210.9914704150328,-429.352500497747,11.612903225806452,46.45161290322581,148.06451612903226
755,-1202.6118998941122,1613.7424720008362,331.82970690838243,81.29032258064515,127.74193548387098,240.96774193548387
756,-902.0423604152029,1625.9125910620323,-458.2115167165027,69.6774193548387,23.225806451612904,252.5806451612903
757,497.36254905399073,1808.3389850449173,834.6669475427123,58.06451612903226,139.3548387096774,148.06451612903226
758,498.2670486444797,1408.8811038882986,869.633549488068,116.12903225806453,11.612903225806452,194.51612903225808
759,-1566.2176411006292,1813.3653267783995,921.5000004106565,92.90322580645162,11.612903225806452,357.0967741935484
760,1031.3503656687126,1426.6229770532448,303.3616176347795,92.90322580645162,127.74193548387098,90.0
761,855.5993439612546,1330.795359567953,-373.62799012806124,23.225806451612904,11.612903225806452,380.32258064516134
762,-594.7109229195732,1819.3714902735446,1033.1980954861604,150.96774193548387,162.5806451612903,333.8709677419355
763,-456.3456704383965,1589.40364089206,936.1142466316876,46.45161290322581,23.225806451612904,368.7096774193548
764,148.05206195091534,1499.9676460876456,-831.4694210174057,150.96774193548387,34.83870967741935,217.74193548387098
765,245.24496857754255,1222.6663738735301,429.4940433225408,92.90322580645162,81.29032258064515,171.29032258064515
766,-884.1368125652837,1422.476413068079,909.9611920490524,69.6774193548387,0.0,240.96774193548387
767,-169.9164802170589,1829.9346953514557,-740.2040583757329,92.90322580645162,11.612903225806452,264.19354838709677
768,-389.7101806279737,1283.8471028206973,-470.6827549611061,139.3548387096774,0.0,113.2258064516129
769,-571.090973441278,1775.3208264357504,871.0136979576166,23.225806451612904,34.83870967741935,333.8709677419355
770,330.92920030761064,1205.2231954146719,397.7477925278457,58.06451612903226,139.3548387096774,194.51612903225808
771,-541.5838359564273,1605.7432165238304,546.6253673405823,139.3548387096774,46.45161290322581,206.1290322580645
772,-292.09264648742595,1510.8473839139135,-954.8560439957125,34.83870967741935,92.90322580645162,368.7096774193548
773,152.29012079646438,1373.8171137161887,-861.7594989734383,116.12903225806453,116.12903225806453,124.83870967741936
774,1426.0336313943587,1782.3841279078458,-1150.202516762071,139.3548387096774,69.6774193548387,391.93548387096774
775,890.4300822323979,1393.8604621962452,-757.9969962217457,150.96774193548387,174.19354838709677,101.61290322580645
776,66.70696194929171,1735.8985137719344,-748.9495860571429,34.83870967741935,81.29032258064515,217.74193548387098
777,-492.0910479366313,1824.8575905623077,555.1425578355042,69.6774193548387,162.5806451612903,287.41935483870964
778,-833.7888945752592,1647.9924354878278,966.8284741897628,81.29032258064515,69.6774193548387,426.77419354838713
779,1040.8804622761631,1501.8511730713544,-582.339610281175,139.3548387096774,58.06451612903226,287.41935483870964
780,-144.56064770239897,1803.6247101685926,-1028.0053138238823,104.51612903225808,174.19354838709677,252.5806451612903
781,-1241.4546952762134,1704.050930006629,541.6763787116636,150.96774193548387,150.96774193548387,391.93548387096774
782,-464.90703645656487,1749.0994205230236,-405.7268479309987,150.96774193548387,139.3548387096774,148.06451612903226
783,-1262.844047113467,1767.3656150084234,-963.5370444112302,92.90322580645162,69.6774193548387,438.38709677419354
784,-1173.3798744042397,1424.0742019762831,-370.19885824758063,34.83870967741935,92.90322580645162,240.96774193548387
785,989.537555304829,1295.685098734596,239.15309495904324,92.90322580645162,34.83870967741935,403.5483870967742
786,-233.01835318673145,1568.2536886901398,-413.87040600640006,46.45161290322581,116.12903225806453,333.8709677419355
787,-1374.8084946414374,1658.4383851996115,988.1772575177555,162.5806451612903,174.19354838709677,148.06451612903226
788,-254.16744474254588,1407.996743830813,-481.6364192207967,23.225806451612904,11.612903225806452,438.38709677419354
789,191.6763103106243,1567.4603508210766,84.0756109760969,46.45161290322581,127.74193548387098,345.48387096774195
790,1126.0793131423425,1415.5933345630676,457.64320079602214,150.96774193548387,69.6774193548387,252.5806451612903
791,1327.3039558264306,1568.2209344564853,89.17171612601216,23.225806451612904,81.29032258064515,391.93548387096774
792,383.21238843896595,1747.7285571357029,711.777063305862,162.5806451612903,150.96774193548387,182.90322580645162
793,-498.24720057479334,1709.4770350660845,1089.4265742960304,23.225806451612904,11.612903225806452,182.90322580645162
794,892.4383457198285,1738.4432512678043,399.43449236024423,0.0,104.51612903225808,182.90322580645162
795,-589.8355111415798,1299.5600851804347,642.310678025864,104.51612903225808,127.74193548387098,124.83870967741936
796,-1138.183356530704,1602.2932242327634,19.021632854106763,69.6774193548387,174.19354838709677,345.48387096774195
797,-856.977264968647,1776.977862959081,182.52073960861068,139.3548387096774,81.29032258064515,299.03225806451616
798,-177.12138192977386,1557.7158641137235,-767.9842793539298,150.96774193548387,81.29032258064515,310.64516129032256
799,251.8052390631663,1737.0314382945114,1098.1020475504579,34.83870967741935,11.612903225806452,415.1612903225806
800,-1270.7791857494933,1706.564939963857,-957.2294594722662,104.51612903225808,139.3548387096774,368.7096774193548
801,-417.12305272571496,1524.8431270350998,-721.4795252040855,139.3548387096774,58.06451612903226,171.29032258064515
802,926.3119878618156,1496.1261474559087,-166.89158006476177,127.74193548387098,34.83870967741935,229.3548387096774
803,547.3272599544505,1225.3844691338657,-115.05021234100603,92.90322580645162,11.612903225806452,391.93548387096774
804,-671.4512694380337,1365.5343712226188,668.2995510589781,92.90322580645162,34.83870967741935,229.3548387096774
805,-1108.8795812110338,1302.85144648372,164.2166930338975,92.90322580645162,92.90322580645162,438.38709677419354
806,-1418.3355832074678,1686.5207963923272,-105.13689029691555,23.225806451612904,174.19354838709677,264.19354838709677
807,-297.5279133601006,1461.3333667439483,900.2233340058266,150.96774193548387,46.45161290322581,136.4516129032258
808,-1364.650427522218,1551.953362749807,-102.8736412307195,0.0,81.29032258064515,90.0
809,1014.6494868820064,1239.7811126709896,181.18124500710522,23.225806451612904,81.29032258064515,182.90322580645162
810,71.10076562812857,1535.3704575547492,440.2083934355774,162.5806451612903,92.90322580645162,148.06451612903226
811,-412.6742304194982,1536.1719126771927,464.8205096503885,11.612903225806452,58.06451612903226,136.4516129032258
812,-961.0481065346455,1715.7996724862542,-1045.4195914602765,11.612903225806452,81.29032258064515,380.32258064516134
813,-376.41014080257094,1640.6038963368846,-210.63846210585186,162.5806451612903,23.225806451612904,148.06451612903226
814,667.3407110138247,1404.048587927378,-623.3169087153028,34.83870967741935,0.0,182.90322580645162
815,1584.2972795183766,1790.5175872474715,715.2082845047245,127.74193548387098,92.90322580645162,391.93548387096774
816,463.8212848022732,1788.7843637925182,-138.6761866326383,46.45161290322581,162.5806451612903,217.74193548387098
817,944.3253586826008,1247.510071711728,553.9008076517744,0.0,0.0,113.2258064516129
818,461.698840680293,1774.35220147268,-111.55880957878156,69.6774193548387,46.45161290322581,391.93548387096774
819,-188.17494729443246,1611.129824695302,-1047.2853462515973,116.12903225806453,174.19354838709677,229.3548387096774
820,411.3760149516871,1459.5450500349455,-472.52925705111187,11.612903225806452,127.74193548387098,148.06451612903226
821,1659.5970320400652,1838.9604361348775,350.08521690513487,23.225806451612904,11.612903225806452,148.06451612903226
822,813.044935018738,1571.2306107793208,-1014.8282679616235,23.225806451612904,23.225806451612904,380.32258064516134
823,-1060.1921908761985,1241.576672168685,-744.7104205238229,58.06451612903226,81.29032258064515,438.38709677419354
824,484.56275624965457,1543.8141718384627,-564.4371346724936,127.74193548387098,58.06451612903226,136.4516129032258
825,904.6189163503648,1545.899378315222,182.852476837979,11.612903225806452,174.19354838709677,287.41935483870964
826,250.16269733171424,1368.5899035538964,-606.6235023834374,116.12903225806453,139.3548387096774,252.5806451612903
827,935.3232893451992,1648.1225326565602,959.1888451906871,69.6774193548387,104.51612903225808,415.1612903225806
828,-1123.596427209115,1290.2577830282567,528.2227281129738,139.3548387096774,81.29032258064515,322.258064516129
829,889.9585651213812,1529.2236474089439,118.9059230860158,0.0,11.612903225806452,101.61290322580645
830,1042.5799632476367,1640.1826048473608,-70.5674757964795,58.06451612903226,92.90322580645162,182.90322580645162
831,53.064845232448654,1568.9699035140206,-275.57271039444464,34.83870967741935,46.45161290322581,391.93548387096774
832,1380.8382129635975,1612.1284247135118,555.1007740309581,116.12903225806453,11.612903225806452,380.32258064516134
833,-586.541317496956,1545.5771367144446,-546.4785140748629,92.90322580645162,116.12903225806453,194.51612903225808
834,839.3869200651334,1579.753224342728,-449.36964538263607,92.90322580645162,139.3548387096774,287.41935483870964
835,-1366.4065614423478,1553.0897675392898,-737.300586754661,116.12903225806453,46.45161290322581,148.06451612903226
836,247.36752383721665,1768.4019948587593,-836.1938908457174,23.225806451612904,46.45161290322581,275.80645161290323
837,1035.3502831661224,1258.0365261008178,773.1661692763225,81.29032258064515,69.6774193548387,322.258064516129
838,951.1000201386316,1316.2526034037207,392.8504991444877,0.0,162.5806451612903,159.67741935483872
839,456.82096234243215,1642.459017848556,-642.5580699194101,81.29032258064515,139.3548387096774,333.8709677419355
840,1039.392614933049,1270.8615168354231,669.7283666593123,69.6774193548387,58.06451612903226,299.03225806451616
841,99.43997642430969,1267.3867232088637,-715.0722959911019,127.74193548387098,139.3548387096774,415.1612903225806
842,-1011.2334072533341,1588.7645166540499,510.3688208481698,174.19354838709677,150.96774193548387,368.7096774193548
843,658.8113979887779,1547.0677279269712,457.5455042499721,92.90322580645162,162.5806451612903,90.0
844,-761.7300029630511,1270.9747899902243,-792.3416648234008,116.12903225806453,69.6774193548387,113.2258064516129
845,-342.7394406421442,1818.367963322545,-446.1549367904239,23.225806451612904,11.612903225806452,357.0967741935484
846,-324.0536733272535,1610.6985121172836,326.42107266283756,0.0,69.6774193548387,101.61290322580645
847,680.8059419523955,1767.038479266974,-72.93910661963014,46.45161290322581,0.0,113.2258064516129
848,-790.3970220946929,1585.4679303239873,73.32119107122156,81.29032258064515,46.45161290322581,287.41935483870964
849,467.25250239373804,1737.7148342714456,989.2737188238465,104.51612903225808,116.12903225806453,345.48387096774195
850,15.037033282475498,1448.7112610564207,24.26957623271644,92.90322580645162,34.83870967741935,136.4516129032258
851,1206.6143586194185,1438.4851225092314,132.8372711309516,127.74193548387098,127.74193548387098,229.3548387096774
852,-358.2804942500379,1272.6488749369614,-305.01899877051085,92.90322580645162,34.83870967741935,240.96774193548387
853,50.08461831236932,1404.008427544794,-15.671556304016576,81.29032258064515,0.0,90.0
854,-641.5287559603684,1680.5249773862733,-762.2563889879941,34.83870967741935,46.45161290322581,136.4516129032258
855,769.3026961027679,1451.0798863705054,621.426181465051,92.90322580645162,46.45161290322581,229.3548387096774
856,-1435.8570188530027,1844.3459146764085,-260.33666481120736,81.29032258064515,174.19354838709677,299.03225806451616
857,367.46575798482957,1397.6236106609429,306.9349824314827,127.74193548387098,34.83870967741935,252.5806451612903
858,-460.6183330262244,1674.8925476453933,604.1613265814208,139.3548387096774,34.83870967741935,322.258064516129
859,942.7374786127475,1779.5917984688804,-161.704201027281,127.74193548387098,46.45161290322581,391.93548387096774
860,-60.798357612122444,1334.249926272841,316.1560925065956,116.12903225806453,81.29032258064515,90.0
861,-1055.4009757201477,1276.7475642529612,-401.9778785386319,150.96774193548387,23.225806451612904,357.0967741935484
862,-831.8915567515224,1580.5831897304543,569.5767528767158,92.90322580645162,23.225806451612904,182.90322580645162
863,610.1516646633727,1804.0415453956157,1083.1870874120916,69.6774193548387,104.51612903225808,90.0
864,24.418725203812386,1814.5617241929672,-1100.719208753832,104.51612903225808,127.74193548387098,287.41935483870964
865,1374.2057990902574,1807.1526097838944,532.9084978854218,174.19354838709677,23.225806451612904,240.96774193548387
866,985.9341052523963,1321.8825085984702,419.5075357091584,69.6774193548387,116.12903225806453,240.96774193548387
867,-1275.6900783984645,1609.0835411973899,-715.707478097148,139.3548387096774,127.74193548387098,415.1612903225806
868,-954.3850674104555,1291.1872217383343,230.30197323226335,116.12903225806453,174.19354838709677,182.90322580645162
869,24.19009866614985,1705.022776357047,-793.1672094317724,174.19354838709677,139.3548387096774,438.38709677419354
870,-1428.030379375196,1584.9538632360138,-189.37441601960234,174.19354838709677,69.6774193548387,159.67741935483872
871,681.2686383954567,1780.5485665921606,901.4474389689456,174.19354838709677,116.12903225806453,101.61290322580645
872,937.7948626371926,1751.6737424830246,-639.5380705796654,92.90322580645162,69.6774193548387,380.32258064516134
873,1129.4152527144656,1799.808340264559,613.1863773371758,58.06451612903226,58.06451612903226,90.0
874,595.1692547178538,1707.389329308408,-431.04478085345477,162.5806451612903,58.06451612903226,194.51612903225808
875,770.943328462853,1268.6929342008646,-485.11386506841455,174.19354838709677,0.0,113.2258064516129
876,538.8258294132401,1587.062447590891,-456.90155451242134,127.74193548387098,69.6774193548387,159.67741935483872
877,1367.898991287326,1613.9339760968007,966.4193297048876,127.74193548387098,58.06451612903226,252.5806451612903
878,654.3691917930834,1562.2324702469382,-950.470219393578,0.0,92.90322580645162,136.4516129032258
879,86.32111145032226,1751.728783160474,285.94740670765935,34.83870967741935,58.06451612903226,403.5483870967742
880,1195.0327262891594,1826.4944055281155,111.84300929098221,69.6774193548387,92.90322580645162,275.80645161290323
881,532.7379636217083,1330.5897100078378,-752.0134603461233,92.90322580645162,174.19354838709677,194.51612903225808
882,-1008.6388136431219,1439.0365036196026,647.9615812491785,69.6774193548387,34.83870967741935,240.96774193548387
883,-911.1131804640875,1392.996762644969,-265.5822798065663,139.3548387096774,11.612903225806452,310.64516129032256
884,-296.1306140537376,1484.0528532320964,22.944327115682484,127.74193548387098,34.83870967741935,159.67741935483872
885,1324.7653921993533,1675.816155357709,-934.5409471189375,174.19354838709677,162.5806451612903,380.32258064516134
886,-557.6756863973454,1749.81019993998,1156.9091344855667,58.06451612903226,23.225806451612904,206.1290322580645
887,-274.6348292927564,1568.6045821178136,-792.640530129325,150.96774193548387,116.12903225806453,136.4516129032258
888,1009.7397015806075,1589.7994927563243,603.0701998813195,162.5806451612903,139.3548387096774,368.7096774193548
889,-1150.320787464807,1339.4456977815446,-162.51008714500753,23.225806451612904,139.3548387096774,124.83870967741936
890,653.3455437252343,1739.7885588967874,-559.4672758247735,58.06451612903226,0.0,124.83870967741936
891,-396.57810325442176,1290.408145718991,-657.9264816151023,116.12903225806453,92.90322580645162,101.61290322580645
892,-582.011578359467,1264.1857761676708,-425.62114416065776,58.06451612903226,11.612903225806452,357.0967741935484
893,-761.7950506054942,1776.182717722829,-825.42553045091,11.612903225806452,0.0,264.19354838709677
894,835.5123937069742,1583.2174250329572,885.8212003361008,127.74193548387098,0.0,113.2258064516129
895,-109.51345175422401,1429.8831823305231,-505.6917893911112,174.19354838709677,58.06451612903226,217.74193548387098
896,-1192.935658359474,1472.311064968152,408.2328173864459,34.83870967741935,23.225806451612904,171.29032258064515
897,-865.9621658439713,1243.2885734637648,-237.22625685892825,139.3548387096774,0.0,240.96774193548387
898,750.5759478199111,1502.2743673979003,559.2613188999204,104.51612903225808,116.12903225806453,101.61290322580645
899,-923.6489796906625,1833.7216420285984,160.14432576951805,127.74193548387098,11.612903225806452,380.32258064516134
900,422.03682480697626,1795.3347908997948,-586.5521756686405,46.45161290322581,139.3548387096774,206.1290322580645
901,1617.5883832254613,1812.2573145666556,218.97262062567987,69.6774193548387,34.83870967741935,310.64516129032256
902,-1519.8702674005692,1702.7309517684675,-805.3388576474131,150.96774193548387,104.51612903225808,124.83870967741936
903,-240.66321081305625,1672.4377770236779,648.9589206145437,92.90322580645162,0.0,171.29032258064515
904,1472.0271443359861,1807.553386986054,-322.55601899807385,69.6774193548387,69.6774193548387,380.32258064516134
905,-1010.1973896261825,1269.043170372815,-392.052802285467,116.12903225806453,174.19354838709677,124.83870967741936
906,362.57234702162896,1479.8445870918613,946.0540729490582,162.5806451612903,150.96774193548387,357.0967741935484
907,-1039.1226836080314,1290.7572690270692,-94.58550435153974,23.225806451612904,11.612903225806452,275.80645161290323
908,825.0767422882326,1379.1672776076468,-115.611521822356,116.12903225806453,150.96774193548387,333.8709677419355
909,459.91580570695606,1557.220056484099,-278.9594090734143,34.83870967741935,174.19354838709677,171.29032258064515
910,-1474.2257148774552,1730.2407758847141,1053.3527173115028,127.74193548387098,127.74193548387098,310.64516129032256
911,-90.84107347444075,1319.6726727317441,445.7287860742209,116.12903225806453,150.96774193548387,264.19354838709677
912,-851.9634777289497,1789.3465139507757,742.2746820412174,11.612903225806452,174.19354838709677,206.1290322580645
913,-312.04131962489436,1238.6829464465638,328.49001500419683,174.19354838709677,23.225806451612904,229.3548387096774
914,923.1668421002729,1342.58054177376,255.7116979178792,34.83870967741935,34.83870967741935,333.8709677419355
915,-951.1791834028381,1313.77797054825,172.680114888683,162.5806451612903,174.19354838709677,380.32258064516134
916,-1173.568607489217,1333.1541099768497,672.8126761524288,0.0,46.45161290322581,136.4516129032258
917,-777.9655588744827,1744.8505494554172,1095.240732680372,34.83870967741935,0.0,101.61290322580645
918,-1208.515965247873,1536.4528680980063,392.6082175185327,69.6774193548387,92.90322580645162,101.61290322580645
919,-1112.2723826843196,1693.3699070179273,-160.6604988619752,0.0,58.06451612903226,217.74193548387098
920,979.5615627462682,1525.0806915932583,-824.3102320377567,11.612903225806452,139.3548387096774,217.74193548387098
921,1359.2315602322421,1848.9641462345965,1160.6915197713927,34.83870967741935,104.51612903225808,113.2258064516129
922,-383.6219898778115,1704.1666502527744,-1122.0016652119175,23.225806451612904,46.45161290322581,391.93548387096774
923,-542.1164230101621,1554.4177050527655,-369.51864368006414,11.612903225806452,174.19354838709677,345.48387096774195
924,-718.8944114376056,1620.9163571134886,-1025.324395754293,116.12903225806453,150.96774193548387,113.2258064516129
925,83.6296555831895,1584.3531224242727,-621.8378416971748,69.6774193548387,81.29032258064515,275.80645161290323
926,1122.4758589622368,1352.9298134572832,-456.3009437822994,69.6774193548387,104.51612903225808,124.83870967741936
927,-222.8655351622244,1741.1155110730895,671.2554596882136,116.12903225806453,139.3548387096774,275.80645161290323
928,102.0205325267325,1477.1443132215231,-613.5520447533382,174.19354838709677,174.19354838709677,101.61290322580645
929,-116.02157855644765,1407.4160715447506,-450.1039427484279,81.29032258064515,58.06451612903226,240.96774193548387
930,116.59059385805665,1563.80249159433,95.78684574547545,11.612903225806452,92.90322580645162,136.4516129032258
931,-233.4025158075679,1680.8368302164333,-1.9224370012212333,139.3548387096774,150.96774193548387,217.74193548387098
932,-1190.6027004291363,1589.8265676365525,-620.3829672618415,92.90322580645162,23.225806451612904,206.1290322580645
933,1244.3065574220877,1494.592989760041,370.6134640058375,127.74193548387098,92.90322580645162,368.7096774193548
934,-1110.5491417897936,1470.2364600477604,612.7712044164206,34.83870967741935,81.29032258064515,380.32258064516134
935,382.1993532883034,1776.6564698742134,-670.936775485644,23.225806451612904,92.90322580645162,182.90322580645162
936,1009.4027213967747,1267.3822912053547,-451.8266293596369,116.12903225806453,81.29032258064515,415.1612903225806
937,-1096.4188038421375,1566.0205863713393,-794.5531850802228,69.6774193548387,46.45161290322581,240.96774193548387
938,776.106364062319,1395.430293876295,-737.9642363794909,116.12903225806453,92.90322580645162,345.48387096774195
939,1323.2953939134043,1773.8283456808667,477.73287534382496,58.06451612903226,58.06451612903226,287.41935483870964
940,1464.3428189066267,1658.7225416740957,724.0797194138798,127.74193548387098,81.29032258064515,159.67741935483872
941,252.95700306104754,1294.7270199094178,781.8176546795124,81.29032258064515,23.225806451612904,380.32258064516134
942,475.0315198090828,1524.5373375348163,318.4083948451679,116.12903225806453,46.45161290322581,368.7096774193548
943,301.7307730200479,1516.8054993394187,923.2853352603181,69.6774193548387,58.06451612903226,229.3548387096774
944,518.4940079629791,1300.2132267785018,-147.60046393256056,46.45161290322581,11.612903225806452,391.93548387096774
945,1354.7667537039617,1510.72806337939,-142.85717137898715,46.45161290322581,174.19354838709677,252.5806451612903
946,849.1589737481431,1317.8789883898435,-639.6122530972481,150.96774193548387,81.29032258064515,391.93548387096774
947,215.8854304344379,1410.9721598922279,10.426666756566227,150.96774193548387,150.96774193548387,217.74193548387098
948,1184.8700128039652,1631.5485944665063,-849.696392011627,11.612903225806452,81.29032258064515,206.1290322580645
949,1193.1055297321907,1434.6424525903312,-342.7645487722891,116.12903225806453,139.3548387096774,287.41935483870964
950,917.1794732836518,1205.4827787928589,443.8942845419032,11.612903225806452,11.612903225806452,159.67741935483872
951,673.748444897996,1442.7923141027982,382.2408911023784,34.83870967741935,81.29032258064515,240.96774193548387
952,37.61725937570777,1691.3844080033155,-281.11099957508594,69.6774193548387,150.96774193548387,240.96774193548387
953,1007.6386447690293,1504.0481227705804,479.5848090564597,150.96774193548387,58.06451612903226,124.83870967741936
954,-481.8651051373493,1833.7253177163084,495.5379991558523,23.225806451612904,46.45161290322581,124.83870967741936
955,929.6217685539223,1288.6129226229368,268.12332332453417,150.96774193548387,34.83870967741935,206.1290322580645
956,290.50542533640123,1665.0259670572232,-360.36870632858637,104.51612903225808,23.225806451612904,194.51612903225808
957,-405.8095281813758,1393.5610171666663,-484.72831490532116,69.6774193548387,92.90322580645162,113.2258064516129
958,210.70331098191505,1689.8524375862162,-212.7306248502828,150.96774193548387,174.19354838709677,113.2258064516129
959,1263.6323179969654,1814.5111596637232,248.43506476629233,58.06451612903226,34.83870967741935,264.19354838709677
960,-632.0769211968876,1685.6199289697677,35.84218814045901,0.0,104.51612903225808,240.96774193548387
961,1184.4843840320034,1459.8544962113372,941.656666761358,116.12903225806453,162.5806451612903,357.0967741935484
962,-741.3359186804076,1748.5319800206607,23.307533700384298,139.3548387096774,116.12903225806453,113.2258064516129
963,-1040.5292310726416,1240.4887856152448,294.73856951130716,162.5806451612903,34.83870967741935,148.06451612903226
964,1034.727756290371,1221.674286154951,745.6699086167292,46.45161290322581,23.225806451612904,345.48387096774195
965,688.3769239121423,1823.5246527302934,-799.1530840499363,23.225806451612904,69.6774193548387,333.8709677419355
966,-31.853810035513597,1297.3205417710715,579.4610071215724,127.74193548387098,58.06451612903226,415.1612903225806
967,1247.3150644532948,1573.6022198712772,119.91721828202628,150.96774193548387,150.96774193548387,136.4516129032258
968,-209.5570151993062,1319.7363488164226,334.3148115552511,69.6774193548387,34.83870967741935,391.93548387096774
969,-581.6438117000584,1418.0065495421343,-833.3037525481523,104.51612903225808,58.06451612903226,252.5806451612903
970,1060.9125274184114,1395.9549834156262,-476.82382312527227,92.90322580645162,174.19354838709677,217.74193548387098
971,-305.75264576037995,1214.5189917961868,754.4208485708216,92.90322580645162,58.06451612903226,368.7096774193548
972,-637.6617745407581,1229.3681636324247,516.0006018585126,11.612903225806452,69.6774193548387,113.2258064516129
973,149.2956325129885,1388.6837127650938,-460.4223602848235,81.29032258064515,23.225806451612904,182.90322580645162
974,1010.8572115773484,1587.5089557512504,-140.87455642687684,162.5806451612903,34.83870967741935,287.41935483870964
975,-1657.912247775599,1836.4488323365272,-127.0136850788873,11.612903225806452,104.51612903225808,252.5806451612903
976,-925.8382027763237,1309.7191294203687,580.6865602373667,127.74193548387098,116.12903225806453,240.96774193548387
977,1309.604079563245,1703.3742075881403,534.8886637375055,58.06451612903226,0.0,148.06451612903226
978,420.0081639894914,1226.4245997966373,346.1974763361994,34.83870967741935,69.6774193548387,101.61290322580645
979,-943.523673099179,1714.673441240814,-550.9050265661764,81.29032258064515,127.74193548387098,90.0
980,942.7034163941279,1607.3297583851847,-515.6040738480252,0.0,174.19354838709677,217.74193548387098
981,920.3570392780787,1833.9485482495536,-264.6653133380061,139.3548387096774,11.612903225806452,287.41935483870964
982,-261.0726970341798,1706.69884710953,237.1787368219458,11.612903225806452,0.0,148.06451612903226
983,-865.1111124033505,1580.9187725320319,1009.8510658123897,116.12903225806453,127.74193548387098,322.258064516129
984,716.9080116344655,1615.3235124307344,-53.72439103725153,162.5806451612903,46.45161290322581,217.74193548387098
985,-207.97436687238485,1522.9343246627914,-48.426937290424554,104.51612903225808,127.74193548387098,368.7096774193548
986,1071.1550695727362,1365.3850136168396,613.7319665810512,81.29032258064515,46.45161290322581,345.48387096774195
987,754.1435809781742,1743.4594153305245,510.56823403841315,0.0,23.225806451612904,124.83870967741936
988,189.74861178483096,1281.973261017799,-579.4159608958561,150.96774193548387,81.29032258064515,171.29032258064515
989,-297.00692999120156,1655.1309575270104,-548.3032841261552,23.225806451612904,92.90322580645162,194.51612903225808
990,-1206.3390081685095,1845.7558126005692,-903.3440735638471,34.83870967741935,162.5806451612903,426.77419354838713
991,-12.783662692805464,1728.6373890358395,-370.61386773495195,23.225806451612904,162.5806451612903,345.48387096774195
992,-692.6399265962573,1810.8457665786873,942.3167752669874,150.96774193548387,58.06451612903226,90.0
993,-23.70360251122925,1534.282988951562,-828.7712643579825,69.6774193548387,23.225806451612904,136.4516129032258
994,-916.9197227608205,1744.320442653852,346.43067590590044,34.83870967741935,150.96774193548387,101.61290322580645
995,1090.1038704185457,1521.8392983053193,-194.19977631037585,34.83870967741935,116.12903225806453,252.5806451612903
996,-339.49974442681776,1704.517836109227,-477.15719739322486,139.3548387096774,46.45161290322581,90.0
997,-177.5680349595433,1223.9405760465163,-485.4094906157264,23.225806451612904,58.06451612903226,391.93548387096774
998,463.20674353440904,1799.5313162909447,-572.1097392483214,69.6774193548387,58.06451612903226,357.0967741935484
999,-253.17075260591758,1811.7042070261484,-6.036281661801013,162.5806451612903,81.29032258064515,124.83870967741936
1000,-767.3324370186755,1481.7501946110065,-359.735220053397,92.90322580645162,0.0,240.96774193548387
1001,551.7402641682596,1571.123041764767,-657.3791300187045,69.6774193548387,46.45161290322581,113.2258064516129
1002,444.6411697038844,1523.0409994519014,-107.1857462575089,127.74193548387098,11.612903225806452,357.0967741935484
1003,-1245.0673730984504,1526.2772116696924,73.93244030272311,46.45161290322581,11.612903225806452,90.0
1004,-925.9722401248818,1510.152408145136,345.72090206466794,11.612903225806452,69.6774193548387,287.41935483870964
1005,99.8825167160108,1268.333806518677,-508.91544067098187,139.3548387096774,46.45161290322581,252.5806451612903
1006,189.86362406128984,1537.58628342088,-320.36490284469085,23.225806451612904,11.612903225806452,124.83870967741936
1007,260.3371042422113,1626.9736079760314,-679.4005525041795,81.29032258064515,58.06451612903226,252.5806451612903
1008,15.807984497938676,1615.9864646622407,-829.5568827594172,46.45161290322581,104.51612903225808,240.96774193548387
1009,-926.2128652138924,1355.8001069983252,670.1683971568322,23.225806451612904,139.3548387096774,182.90322580645162
1010,-1343.780948609386,1718.520097178046,1000.7562268704264,104.51612903225808,92.90322580645162,229.3548387096774
1011,649.4551698762607,1703.0018552389329,-26.254353762515237,174.19354838709677,23.225806451612904,287.41935483870964
1012,4.9010460177667525,1333.6547097520377,78.2707247972711,104.51612903225808,58.06451612903226,113.2258064516129
1013,857.5727061447153,1459.6996810835928,621.1040214239243,11.612903225806452,81.29032258064515,101.61290322580645
1014,925.3533168984751,1461.5806364870082,-353.0845775935752,150.96774193548387,174.19354838709677,171.29032258064515
1015,-345.5368220577984,1250.4087800588838,-387.96035346438055,92.90322580645162,162.5806451612903,136.4516129032258
1016,-1517.1169896011759,1729.9652395281469,-294.72637477045663,139.3548387096774,139.3548387096774,240.96774193548387
1017,1453.9230320614508,1734.980773087943,-102.99700584156426,34.83870967741935,0.0,206.1290322580645
1018,-1427.3773572313714,1805.639664747392,189.00423857852644,23.225806451612904,127.74193548387098,124.83870967741936
1019,-903.1602324295781,1577.7822140352005,-225.20527251593538,69.6774193548387,104.51612903225808,322.258064516129
1020,-693.2317454780089,1315.7043264635836,438.6948090235142,34.83870967741935,23.225806451612904,345.48387096774195
1021,-1082.1931010730784,1428.2247775191345,285.66971647692975,23.225806451612904,150.96774193548387,124.83870967741936
1022,765.5345302514143,1690.3449308762233,-50.56715195560102,69.6774193548387,116.12903225806453,380.32258064516134
1023,754.15659407559,1696.123610317827,-365.7898948825702,58.06451612903226,34.83870967741935,357.0967741935484
1024,432.26394791653,1797.4391589088004,-975.5187426521413,127.74193548387098,81.29032258064515,182.90322580645162
1025,-921.8154447605027,1623.5366767669198,-417.73642084777885,81.29032258064515,46.45161290322581,368.7096774193548
1026,-933.6124376680118,1787.8555048867681,-977.4360895450426,150.96774193548387,58.06451612903226,229.3548387096774
1027,282.60686517613374,1556.5235509080046,843.0874258886156,104.51612903225808,34.83870967741935,124.83870967741936
1028,-532.6967361733391,1288.8277790533239,-280.9649661251355,34.83870967741935,174.19354838709677,217.74193548387098
1029,823.9738908150581,1348.0561719238474,-828.2687414386351,46.45161290322581,0.0,252.5806451612903
1030,54.767425763749955,1648.6760077364672,-529.9637006961967,34.83870967741935,46.45161290322581,368.7096774193548
1031,-613.5480181019458,1326.158481402864,-693.5155749020133,46.45161290322581,23.225806451612904,136.4516129032258
1032,-494.55076404313303,1209.4872798628335,-472.4419089903593,81.29032258064515,46.45161290322581,438.38709677419354
1033,994.0010995997536,1632.1490336819334,-303.02880922366376,162.5806451612903,23.225806451612904,426.77419354838713
1034,673.3259557136399,1663.3031897395033,-279.2097866409435,0.0,174.19354838709677,159.67741935483872
1035,192.4170829877708,1262.6152666848234,-646.3465343787311,150.96774193548387,104.51612903225808,426.77419354838713
1036,537.8256930306324,1490.5648142157982,641.220987073349,139.3548387096774,81.29032258064515,101.61290322580645
1037,618.8707890058848,1276.410294035346,110.55113705401496,162.5806451612903,23.225806451612904,159.67741935483872
1038,-600.8054579233743,1779.105289141507,57.8601649614356,104.51612903225808,104.51612903225808,391.93548387096774
1039,460.1873553120997,1729.857001601663,609.3529381080606,104.51612903225808,46.45161290322581,264.19354838709677
1040,539.9592522755734,1506.5252799610926,874.5251750276149,34.83870967741935,150.96774193548387,148.06451612903226
1041,-4.429666835382662,1646.6465888605062,-663.1206306838739,81.29032258064515,162.5806451612903,368.7096774193548
1042,-635.6090704022813,1475.8153557970172,287.98870706056744,92.90322580645162,162.5806451612903,299.03225806451616
1043,-555.8878727287329,1754.4986501047579,414.45317700928223,58.06451612903226,23.225806451612904,252.5806451612903
1044,-741.175611312441,1456.679388896325,84.99933255828829,58.06451612903226,34.83870967741935,206.1290322580645
1045,-1156.2050787476005,1320.2249866616849,358.51663657501956,34.83870967741935,23.225806451612904,275.80645161290323
1046,935.225553751949,1471.56360030834,-451.13276443273713,46.45161290322581,92.90322580645162,148.06451612903226
1047,33.831598669989305,1474.103172168772,346.6136756571508,116.12903225806453,34.83870967741935,194.51612903225808
1048,-1318.2077970357625,1685.1203136988931,449.56320218533585,104.51612903225808,116.12903225806453,368.7096774193548
1049,-1032.3381122571493,1344.939644517975,403.63418425926716,23.225806451612904,104.51612903225808,357.0967741935484
1050,84.93769700804741,1693.526344432841,-599.800651544402,58.06451612903226,150.96774193548387,299.03225806451616
1051,-48.7523011028987,1497.728149164306,-542.4691532548599,46.45161290322581,34.83870967741935,136.4516129032258
1052,1165.6323354407377,1832.738073525672,-1012.3340540282031,174.19354838709677,104.51612903225808,438.38709677419354
1053,690.316266769986,1716.3900581133337,-593.0833096859277,127.74193548387098,58.06451612903226,90.0
1054,1178.3082460412738,1368.4455248892903,597.708278798397,81.29032258064515,58.06451612903226,380.32258064516134
1055,-1128.4511221075043,1335.773859006213,-559.7752008682357,150.96774193548387,58.06451612903226,101.61290322580645
1056,1393.9300693154196,1821.4479792531436,479.18883696249213,139.3548387096774,81.29032258064515,438.38709677419354
1057,650.9668991959079,1533.4816861020208,278.9631648628939,69.6774193548387,58.06451612903226,403.5483870967742
1058,-880.5417696925098,1749.0251869847928,-137.06738320219873,174.19354838709677,58.06451612903226,275.80645161290323
1059,-631.5171744685531,1461.48786267544,925.4099906099962,139.3548387096774,150.96774193548387,240.96774193548387
1060,393.3563909371969,1599.0251880280234,776.3992509206241,162.5806451612903,69.6774193548387,299.03225806451616
1061,-589.7822784606809,1275.6628431290521,-474.0301213424391,174.19354838709677,23.225806451612904,345.48387096774195
1062,-222.99948410998525,1326.8653368374512,-385.18635489635693,150.96774193548387,11.612903225806452,415.1612903225806
1063,1320.877512569815,1828.979789435933,-1207.7868791976248,23.225806451612904,174.19354838709677,333.8709677419355
1064,-482.21716100752445,1818.6127458378774,623.4490473170382,81.29032258064515,92.90322580645162,275.80645161290323
1065,-682.0084024808583,1762.5530436948245,-435.7645297870241,46.45161290322581,81.29032258064515,171.29032258064515
1066,-277.3179554001775,1283.8024479316925,-45.28064762708208,150.96774193548387,11.612903225806452,206.1290322580645
1067,-414.5414965851515,1830.647356807199,941.634441171497,58.06451612903226,58.06451612903226,240.96774193548387
1068,77.81647311616862,1355.108219109906,-334.8936508712477,23.225806451612904,81.29032258064515,217.74193548387098
1069,998.8454967214781,1282.2191420980428,-518.2953020806615,150.96774193548387,81.29032258064515,345.48387096774195
1070,-865.4672435386904,1214.7326744142506,664.4401109772037,162.5806451612903,104.51612903225808,310.64516129032256
1071,-67.05527725283709,1565.4660250591032,660.570593261348,174.19354838709677,116.12903225806453,136.4516129032258
1072,-1221.588494212362,1568.6945260965952,-509.479422676849,139.3548387096774,162.5806451612903,217.74193548387098
1073,864.2355287356653,1398.654351627353,-94.15677056628252,34.83870967741935,92.90322580645162,182.90322580645162
1074,1129.3330801796503,1516.253970789649,26.76680633400199,150.96774193548387,81.29032258064515,159.67741935483872
1075,482.4940615853947,1838.3629525629563,777.616707592817,174.19354838709677,11.612903225806452,310.64516129032256
1076,541.2204065432866,1274.1437599365674,482.30908551956963,116.12903225806453,46.45161290322581,229.3548387096774
1077,-984.6896048538285,1551.8896190165403,-173.1927012347757,69.6774193548387,23.225806451612904,113.2258064516129
1078,-491.4986657454373,1414.810239191131,-159.05276849343855,23.225806451612904,81.29032258064515,357.0967741935484
1079,-89.62698227780433,1550.899762217577,437.5237934015649,92.90322580645162,92.90322580645162,217.74193548387098
1080,-263.7336876349746,1317.876610558126,-528.5303172419992,174.19354838709677,150.96774193548387,113.2258064516129
1081,-67.56559795405757,1592.20624155465,-761.4810646293213,162.5806451612903,46.45161290322581,438.38709677419354
1082,850.9006201212097,1365.0970302457245,-371.62541206212165,81.29032258064515,69.6774193548387,403.5483870967742
1083,854.5081593657051,1203.686748007675,-89.00986928602244,139.3548387096774,127.74193548387098,124.83870967741936
1084,301.56327059201294,1435.0253878813166,814.9845218681251,116.12903225806453,116.12903225806453,206.1290322580645
1085,-918.8809223171695,1780.4115975401573,-569.9791202450946,139.3548387096774,116.12903225806453,299.03225806451616
1086,-1261.716351106212,1765.7282329174388,430.934117034994,23.225806451612904,92.90322580645162,101.61290322580645
1087,55.57843090062722,1543.9642070809705,337.3903382801869,150.96774193548387,92.90322580645162,159.67741935483872
1088,934.9881358912367,1639.0759633027087,1061.7753878534481,162.5806451612903,104.51612903225808,124.83870967741936
1089,779.7534821019946,1691.8063657969512,-474.9399368008356,11.612903225806452,58.06451612903226,90.0
1090,396.1245290666957,1641.9723061360608,690.0313961081486,104.51612903225808,116.12903225806453,380.32258064516134
1091,471.6103096443564,1291.5514943705414,-528.2125321533603,104.51612903225808,11.612903225806452,345.48387096774195
1092,-64.41869828906306,1709.7662883083806,867.825853668317,34.83870967741935,139.3548387096774,252.5806451612903
1093,1256.5559776233704,1776.1513525015523,891.3207080879664,46.45161290322581,174.19354838709677,403.5483870967742
1094,614.1550015840895,1642.4827853984234,134.71391920924933,174.19354838709677,116.12903225806453,182.90322580645162
1095,650.5057243316313,1402.5053220336024,-233.40321080425878,69.6774193548387,69.6774193548387,275.80645161290323
1096,-429.8048551624067,1702.9514409590788,-978.7829763507283,34.83870967741935,174.19354838709677,113.2258064516129
1097,-1292.076735940051,1707.3888739739637,-394.1652757284618,58.06451612903226,104.51612903225808,426.77419354838713
1098,-1146.623725243687,1604.2637147195258,67.97789772076435,174.19354838709677,150.96774193548387,240.96774193548387
1099,-863.8245519221894,1689.4298509687992,-679.1671470029983,58.06451612903226,116.12903225806453,206.1290322580645
1100,-1116.7276433178545,1278.2209593248447,154.79594574283516,81.29032258064515,58.06451612903226,148.06451612903226
1101,307.39513242311904,1821.1237279281931,113.7410802868068,162.5806451612903,69.6774193548387,380.32258064516134
1102,-155.6849419427241,1616.616464656736,613.1747088201328,34.83870967741935,116.12903225806453,357.0967741935484
1103,-527.520156350613,1646.8453392358545,898.8577491526438,69.6774193548387,104.51612903225808,136.4516129032258
1104,-526.8690384814146,1835.1440816549054,119.89681287056939,174.19354838709677,58.06451612903226,368.7096774193548
1105,1419.8491403446458,1613.0617108680021,-251.27655439762418,46.45161290322581,11.612903225806452,357.0967741935484
1106,-311.52344346410797,1468.8729002101716,-553.4360389594623,11.612903225806452,11.612903225806452,438.38709677419354
1107,217.80970760900954,1835.9277005112176,1009.1760165996006,23.225806451612904,139.3548387096774,403.5483870967742
1108,909.9727889434724,1639.1252281602992,496.4491497449078,150.96774193548387,116.12903225806453,403.5483870967742
1109,1302.6822129969796,1694.4178710829515,597.9426988370265,127.74193548387098,81.29032258064515,148.06451612903226
1110,328.656700207061,1519.391113155907,-324.06390724441644,69.6774193548387,116.12903225806453,310.64516129032256
1111,705.957449153484,1743.1398881119378,-324.4628584829032,139.3548387096774,69.6774193548387,148.06451612903226
1112,781.8645011663086,1258.606726401489,-708.4437775358657,162.5806451612903,58.06451612903226,426.77419354838713
1113,-982.8845985728165,1618.9477192121374,-896.9841243859705,174.19354838709677,150.96774193548387,391.93548387096774
1114,-230.41783525802995,1546.1992901519739,703.7875052717924,116.12903225806453,58.06451612903226,182.90322580645162
1115,-978.4747435608608,1639.7089816786981,125.1802521638675,34.83870967741935,92.90322580645162,438.38709677419354
1116,-531.978592473665,1801.1117499504849,-398.8516112731297,69.6774193548387,139.3548387096774,426.77419354838713
1117,1384.608079171895,1813.8458814039539,-1099.0467110656998,69.6774193548387,116.12903225806453,159.67741935483872
1118,286.6562885273639,1381.7175488576306,40.01537369849508,127.74193548387098,92.90322580645162,357.0967741935484
1119,-213.582420771991,1770.451435662784,-897.6814577057748,11.612903225806452,23.225806451612904,159.67741935483872
1120,-711.4974863230493,1675.9250178573513,299.2782088838204,11.612903225806452,0.0,194.51612903225808
1121,-976.439879141418,1731.8659522896282,-26.628474450074258,11.612903225806452,46.45161290322581,229.3548387096774
1122,43.53285786280079,1401.796601677738,785.5696267937276,104.51612903225808,116.12903225806453,264.19354838709677
1123,-1061.82986029599,1510.5391377048204,839.4704998247054,104.51612903225808,34.83870967741935,252.5806451612903
1124,1003.0718196749907,1686.4966281462262,-987.8109558524518,81.29032258064515,11.612903225806452,368.7096774193548
1125,1176.106753304548,1794.5477772811903,663.5513489667204,162.5806451612903,23.225806451612904,391.93548387096774
1126,-5.616340668648334,1472.3711470461005,-657.1481458582073,46.45161290322581,116.12903225806453,194.51612903225808
1127,1031.0343430976586,1324.8122030804736,74.84131498051366,69.6774193548387,81.29032258064515,252.5806451612903
1128,-897.5258790337755,1518.27052692976,241.08892251357244,104.51612903225808,174.19354838709677,380.32258064516134
1129,-981.0137227686375,1736.3298808861316,1048.8710533045316,34.83870967741935,23.225806451612904,217.74193548387098
1130,432.824838747573,1546.9944590849402,552.9939048614075,139.3548387096774,69.6774193548387,252.5806451612903
1131,683.9308497033696,1322.0102712059058,694.8591318068825,104.51612903225808,127.74193548387098,217.74193548387098
1132,1096.0208499460157,1626.0960595690476,-564.2737745610968,162.5806451612903,174.19354838709677,403.5483870967742
1133,610.8039127725065,1648.6612216474023,190.70459898192667,34.83870967741935,34.83870967741935,391.93548387096774
1134,-1156.185906355935,1535.7888523891904,-257.9331919574757,0.0,92.90322580645162,148.06451612903226
1135,165.81341840745623,1233.7316431786442,-365.91442794205955,46.45161290322581,116.12903225806453,310.64516129032256
1136,-883.3230409990886,1256.922741320257,781.266045157664,116.12903225806453,23.225806451612904,90.0
1137,793.9645123165733,1828.9389802690253,-696.1917384512651,150.96774193548387,11.612903225806452,322.258064516129
1138,-955.7924078225205,1514.1233345989663,-284.8026658121144,174.19354838709677,127.74193548387098,426.77419354838713
1139,620.9889575160545,1345.114863371192,322.73199449382923,116.12903225806453,69.6774193548387,206.1290322580645
1140,197.97742140021555,1386.2964538179892,59.641682603580826,58.06451612903226,0.0,206.1290322580645
1141,-377.9842443454699,1279.6575255970663,667.9937052057948,127.74193548387098,116.12903225806453,391.93548387096774
1142,-529.7318335686015,1478.5883388096595,260.2099106997606,104.51612903225808,58.06451612903226,206.1290322580645
1143,1056.9989860701937,1803.3673867914165,-925.110599541828,116.12903225806453,116.12903225806453,159.67741935483872
1144,1318.3856329910006,1570.064128719726,-972.3314442058157,116.12903225806453,162.5806451612903,310.64516129032256
1145,-578.7440300900598,1289.4153754848064,737.6433451060968,34.83870967741935,116.12903225806453,275.80645161290323
1146,-544.5546147379439,1442.4093932559347,-279.52785139673495,46.45161290322581,34.83870967741935,217.74193548387098
1147,558.9851726150708,1469.517560429174,643.3570529354306,34.83870967741935,104.51612903225808,275.80645161290323
1148,-392.1164111558145,1784.4292138396668,-569.8871643468167,69.6774193548387,162.5806451612903,391.93548387096774
1149,-227.75237090882925,1294.157983603293,-810.0083852217753,104.51612903225808,139.3548387096774,438.38709677419354
1150,899.3855437049131,1733.7168864650437,957.2341268960297,174.19354838709677,92.90322580645162,310.64516129032256
1151,193.32364941266496,1255.005872860267,265.1444396578597,69.6774193548387,127.74193548387098,438.38709677419354
1152,-656.032377390159,1429.6262796270294,-781.1436154095373,116.12903225806453,69.6774193548387,252.5806451612903
1153,-355.5357693261559,1788.3504152297896,-564.5004378555925,81.29032258064515,92.90322580645162,299.03225806451616
1154,-960.3874838685688,1816.48908539692,-792.71583432481,58.06451612903226,116.12903225806453,252.5806451612903
1155,646.7571409695504,1636.4712727433648,-565.7474979416402,174.19354838709677,162.5806451612903,124.83870967741936
1156,-542.9912717045911,1448.369693453278,6.456120653825437,139.3548387096774,34.83870967741935,357.0967741935484
1157,155.611610455534,1649.7243711312883,-636.430069343581,11.612903225806452,116.12903225806453,252.5806451612903
1158,-1255.0572854014144,1810.6343081482294,-113.34378707647907,23.225806451612904,116.12903225806453,333.8709677419355
1159,593.7269239684765,1677.377689039408,-592.8584791376236,34.83870967741935,162.5806451612903,322.258064516129
1160,-1089.646342784593,1541.968799422243,-921.2708354201473,150.96774193548387,150.96774193548387,194.51612903225808
1161,659.6506310293815,1789.5602950987773,-610.9442420448075,81.29032258064515,150.96774193548387,415.1612903225806
1162,-993.2490301691777,1341.3442468339736,-712.1246489508303,104.51612903225808,81.29032258064515,136.4516129032258
1163,-1290.8263986580278,1525.5219355843954,226.6752016278529,174.19354838709677,34.83870967741935,403.5483870967742
1164,17.30356628969325,1667.6983835036406,599.284485692876,162.5806451612903,11.612903225806452,438.38709677419354
1165,284.04128686021437,1609.5354880667446,-719.2011082156906,174.19354838709677,139.3548387096774,206.1290322580645
1166,-641.9541390117944,1481.3642059402714,53.101988042192616,104.51612903225808,150.96774193548387,252.5806451612903
1167,-947.5896321068685,1537.4331002977874,481.4758568980816,150.96774193548387,104.51612903225808,171.29032258064515
1168,-680.562572976602,1793.2374744007248,-489.40945699569636,81.29032258064515,58.06451612903226,101.61290322580645
1169,680.8935067118111,1245.4113870378092,-170.88842871535218,81.29032258064515,174.19354838709677,171.29032258064515
1170,-155.3758627270204,1276.2858160193243,-733.10426832308,69.6774193548387,58.06451612903226,415.1612903225806
1171,919.6510961095491,1254.963005797384,-757.6258872840385,150.96774193548387,58.06451612903226,299.03225806451616
1172,-746.1236081540394,1573.3385423485036,-445.7211561825842,34.83870967741935,11.612903225806452,182.90322580645162
1173,-214.75610705977425,1207.447099330639,-539.2708840361347,81.29032258064515,116.12903225806453,264.19354838709677
1174,375.99027986430207,1637.2251404074955,1040.8438857150234,139.3548387096774,92.90322580645162,101.61290322580645
1175,969.6580026389701,1331.631882942643,21.550611525031016,23.225806451612904,174.19354838709677,148.06451612903226
1176,1169.4954365808296,1433.1535529674538,-42.429918389715304,69.6774193548387,127.74193548387098,159.67741935483872
1177,-766.8447372795239,1206.0164558424992,-402.56135538083197,46.45161290322581,34.83870967741935,206.1290322580645
1178,-1115.8855591396043,1567.5616708989487,353.86011667515066,116.12903225806453,23.225806451612904,380.32258064516134
1179,746.640360813183,1607.0685608296678,887.7912014930527,127.74193548387098,34.83870967741935,182.90322580645162
1180,312.6507769144159,1220.981537202105,-572.2395310948754,58.06451612903226,92.90322580645162,310.64516129032256
1181,-1446.4521311065032,1716.3849730588583,358.89705111914213,23.225806451612904,104.51612903225808,101.61290322580645
1182,1340.3468026476696,1631.6784665896378,-832.4639438299099,58.06451612903226,69.6774193548387,159.67741935483872
1183,625.7612268299366,1280.9641326843337,-333.6514210420467,69.6774193548387,81.29032258064515,101.61290322580645
1184,1337.6834559143194,1502.0375707961998,969.4984022317761,46.45161290322581,58.06451612903226,368.7096774193548
1185,-28.460624482401542,1733.9671819238808,-335.1026601239811,58.06451612903226,162.5806451612903,240.96774193548387
1186,817.8249914157817,1807.1256252178941,-785.7468119264114,139.3548387096774,58.06451612903226,333.8709677419355
1187,-197.44557219071285,1259.0606167366238,428.9417485536605,150.96774193548387,0.0,124.83870967741936
1188,1050.737195359999,1452.00453877286,934.7943719089064,104.51612903225808,116.12903225806453,206.1290322580645
1189,621.8723663023214,1639.083343471233,626.328708746124,34.83870967741935,34.83870967741935,182.90322580645162
1190,-581.0012690652883,1518.3463181411585,-362.7674722497357,81.29032258064515,104.51612903225808,136.4516129032258
1191,-1072.2715712625402,1228.390842838994,-164.8869634761133,69.6774193548387,116.12903225806453,333.8709677419355
1192,1246.270612047985,1402.6815879709354,-749.0431199402136,23.225806451612904,174.19354838709677,380.32258064516134
1193,-902.4923661192428,1610.9467613374907,-341.1585400775226,162.5806451612903,127.74193548387098,240.96774193548387
1194,-153.97467832608456,1718.077261836857,-370.51575885833483,150.96774193548387,81.29032258064515,124.83870967741936
1195,-617.9262691289059,1318.148185732687,-513.3637280811596,81.29032258064515,46.45161290322581,357.0967741935484
1196,-1504.3513793031202,1771.6418023441595,373.4581888473443,92.90322580645162,0.0,148.06451612903226
1197,485.5709223970656,1721.2190148706868,752.2152073453365,58.06451612903226,23.225806451612904,391.93548387096774
1198,397.879978977076,1243.0358065053751,446.0488265823315,116.12903225806453,58.06451612903226,310.64516129032256
1199,-865.40602932437,1343.9932667391197,69.0353261232323,46.45161290322581,11.612903225806452,148.06451612903226
1200,610.6050100296644,1427.6046487649207,-709.6113826703257,23.225806451612904,174.19354838709677,217.74193548387098
1201,-1122.1990667294901,1536.7124743206937,209.39020387432805,46.45161290322581,162.5806451612903,322.258064516129
1202,-641.955464712989,1499.301999404461,709.3988569952418,92.90322580645162,104.51612903225808,240.96774193548387
1203,-638.4249993857231,1738.13504977309,-319.0619589739187,104.51612903225808,139.3548387096774,194.51612903225808
1204,13.812803728452927,1289.4135162594266,789.5708101741554,46.45161290322581,0.0,148.06451612903226
1205,986.6589492965927,1490.606435309838,544.6294213258808,81.29032258064515,104.51612903225808,275.80645161290323
1206,1078.1258654121489,1342.7718747641743,-737.865493036508,150.96774193548387,58.06451612903226,194.51612903225808
1207,-1204.8028992608665,1705.6899089979809,-674.2801473844435,139.3548387096774,127.74193548387098,113.2258064516129
1208,562.5112325249335,1689.9713095876966,-682.750684606561,34.83870967741935,0.0,229.3548387096774
1209,1063.870670052851,1259.403757070161,202.61647182380625,127.74193548387098,116.12903225806453,217.74193548387098
1210,-917.7244728924018,1288.7141891534088,151.268619191784,116.12903225806453,81.29032258064515,368.7096774193548
1211,-153.58174074169054,1321.7201129497903,208.7767605844384,150.96774193548387,116.12903225806453,415.1612903225806
1212,-1084.8737526022924,1600.7891819800516,-475.0378950997521,127.74193548387098,92.90322580645162,240.96774193548387
1213,233.47644969061747,1291.1840794540562,-497.890472714694,11.612903225806452,0.0,159.67741935483872
1214,392.7300706044095,1475.4573148685354,-45.051910220382574,58.06451612903226,127.74193548387098,357.0967741935484
1215,-845.9701200293233,1542.3045300507401,-925.0359903888943,150.96774193548387,58.06451612903226,159.67741935483872
1216,539.3445030322024,1487.0467358034975,798.7169242508501,139.3548387096774,92.90322580645162,403.5483870967742
1217,452.13251909654764,1261.6451343046124,-724.203994964827,34.83870967741935,11.612903225806452,240.96774193548387
1218,-139.38062935579882,1445.5344142849108,-312.67420652404485,23.225806451612904,23.225806451612904,182.90322580645162
1219,-507.70091230837056,1700.7406824898894,69.25691376606497,116.12903225806453,46.45161290322581,182.90322580645162
1220,314.24025436590154,1527.9612112104985,-227.22840941642292,58.06451612903226,0.0,252.5806451612903
1221,-608.4420575046241,1668.567683467721,426.46807361490653,23.225806451612904,150.96774193548387,299.03225806451616
1222,-1082.635425287379,1581.4120850729137,-277.7382964051247,162.5806451612903,81.29032258064515,252.5806451612903
1223,-875.3819117060056,1485.1568751387365,743.1264029764524,11.612903225806452,139.3548387096774,345.48387096774195
1224,806.8398022161135,1535.1003429083144,-209.14933067200022,69.6774193548387,104.51612903225808,240.96774193548387
1225,1240.757414468196,1808.648424140909,509.9080102457151,127.74193548387098,174.19354838709677,136.4516129032258
1226,-507.2652692081441,1846.8957472076972,-638.0158421573246,150.96774193548387,162.5806451612903,368.7096774193548
1227,186.34601960240502,1677.521046880047,1085.5264496502778,92.90322580645162,11.612903225806452,438.38709677419354
1228,-199.37802549529042,1255.8085148835569,502.0794574013321,174.19354838709677,139.3548387096774,426.77419354838713
1229,1285.9300814864994,1705.653563574149,-632.9181117353864,92.90322580645162,139.3548387096774,391.93548387096774
1230,1078.646095550431,1599.0421699744816,191.12468204737993,139.3548387096774,104.51612903225808,252.5806451612903
1231,654.9583588335203,1216.4957605413117,-23.077405355907032,162.5806451612903,127.74193548387098,182.90322580645162
1232,1461.941570167646,1823.04213361586,-209.10278623961068,127.74193548387098,127.74193548387098,333.8709677419355
1233,-819.3507502054596,1208.814584316052,368.86218767735903,162.5806451612903,58.06451612903226,101.61290322580645
1234,-743.2280193326161,1674.2890861308317,282.4052678624975,104.51612903225808,69.6774193548387,113.2258064516129
1235,-1312.1405997114734,1787.080193209944,-452.4372000974643,11.612903225806452,139.3548387096774,159.67741935483872
1236,-262.4388946815753,1300.7199170269905,-609.0317979117158,34.83870967741935,127.74193548387098,182.90322580645162
1237,-493.09375957615504,1418.059141870525,715.5397696467837,34.83870967741935,92.90322580645162,101.61290322580645
1238,735.4143309616528,1700.1904158447978,-1071.0228880411441,104.51612903225808,139.3548387096774,124.83870967741936
1239,-556.1975974583055,1364.7565011640474,490.3189458583956,0.0,127.74193548387098,124.83870967741936
1240,815.357688330089,1250.2664010791539,275.92707246516727,104.51612903225808,58.06451612903226,136.4516129032258
1241,1513.2168447606211,1757.515571160397,-471.44684132550225,23.225806451612904,34.83870967741935,322.258064516129
1242,-132.15576896251378,1402.4886886775867,435.16038970399006,162.5806451612903,23.225806451612904,333.8709677419355
1243,-345.9848496669249,1647.4325046965853,-394.7866993792248,174.19354838709677,34.83870967741935,415.1612903225806
1244,-186.25569583886872,1711.165718921734,-712.4421808345263,174.19354838709677,81.29032258064515,333.8709677419355
1245,136.86946284704575,1573.773401418055,8.335480552201702,69.6774193548387,34.83870967741935,159.67741935483872
1246,385.5849031383649,1480.3076622712986,-787.6538733986907,92.90322580645162,150.96774193548387,136.4516129032258
1247,-730.4949397959913,1256.6889506521788,107.28447145591389,58.06451612903226,104.51612903225808,159.67741935483872
1248,-40.074098132933145,1367.2151275282606,21.247557712312215,46.45161290322581,116.12903225806453,322.258064516129
1249,-841.0972167951517,1370.5622361260114,608.2638618403296,150.96774193548387,0.0,182.90322580645162
1250,1032.6881577165004,1729.4232904633886,-771.8155026463849,139.3548387096774,174.19354838709677,380.32258064516134
1251,-252.08698398037458,1569.436534583448,-315.4735121477711,11.612903225806452,92.90322580645162,182.90322580645162
1252,-734.2634493954629,1377.136824510734,-868.8637841142486,0.0,92.90322580645162,159.67741935483872
1253,-238.11764300725838,1240.931916134645,-773.9992019693275,174.19354838709677,23.225806451612904,171.29032258064515
1254,630.733347689797,1747.0967200562504,-576.0013260842926,58.06451612903226,162.5806451612903,159.67741935483872
1255,-1109.3221454415086,1802.9011957927598,-891.3971179890682,0.0,150.96774193548387,113.2258064516129
1256,1305.0007215159292,1685.8592762932371,877.6560524934101,69.6774193548387,34.83870967741935,252.5806451612903
1257,-804.1340476879302,1476.6132102125978,200.15980450150897,34.83870967741935,11.612903225806452,380.32258064516134
1258,-34.83812960937733,1404.0694326034452,375.4042026009977,23.225806451612904,46.45161290322581,182.90322580645162
1259,826.8991465780607,1645.7486399513605,-734.3237921437199,58.06451612903226,92.90322580645162,438.38709677419354
1260,-782.8143611515934,1286.462573187971,-516.1637537400194,23.225806451612904,58.06451612903226,217.74193548387098
1261,-555.3516826447977,1212.8304203380999,-688.0434091576386,127.74193548387098,174.19354838709677,357.0967741935484
1262,-259.256163490009,1718.620695161639,-962.8862973385434,92.90322580645162,116.12903225806453,438.38709677419354
1263,-1146.754629472737,1297.732894489023,590.5425246455463,162.5806451612903,150.96774193548387,438.38709677419354
1264,-1034.0602480655505,1467.8661356358996,-371.909089346813,0.0,139.3548387096774,217.74193548387098
1265,-1175.835172286578,1581.1368487216098,-508.72558758387464,58.06451612903226,162.5806451612903,415.1612903225806
1266,-1006.3985975580468,1676.4615824701743,-396.44493859315713,92.90322580645162,69.6774193548387,345.48387096774195
1267,1416.5286614730294,1589.3783854141427,-916.4823720180556,11.612903225806452,174.19354838709677,310.64516129032256
1268,-1080.8835041455789,1309.0986029951505,277.11978216443765,162.5806451612903,11.612903225806452,415.1612903225806
1269,337.8036896123144,1774.906187022271,-923.2131502719915,58.06451612903226,46.45161290322581,287.41935483870964
1270,-733.1168876635045,1457.1690839289881,-413.92931686849977,69.6774193548387,11.612903225806452,229.3548387096774
1271,529.3395098259774,1246.304356902391,589.3616658881122,58.06451612903226,162.5806451612903,252.5806451612903
1272,550.478319115398,1842.887064542548,336.2509076154369,139.3548387096774,11.612903225806452,275.80645161290323
1273,-1275.282395253462,1647.1610894169905,348.0399319574678,46.45161290322581,104.51612903225808,252.5806451612903
1274,99.66449964501206,1442.1558798362757,-61.318908108638404,174.19354838709677,81.29032258064515,90.0
1275,-926.3541020039681,1849.6870978706404,1017.3842115295131,58.06451612903226,174.19354838709677,438.38709677419354
1276,-325.43285210863166,1366.9599949996903,272.4696100660774,11.612903225806452,150.96774193548387,194.51612903225808
1277,-606.1395974189256,1737.3028758898095,423.7501411895909,11.612903225806452,150.96774193548387,229.3548387096774
1278,-1076.5783773245348,1545.0619420649393,-348.80492397734537,23.225806451612904,139.3548387096774,368.7096774193548
1279,106.35013495166135,1417.2720371645394,-177.6220057891817,11.612903225806452,81.29032258064515,287.41935483870964
1280,631.4126823656006,1374.7820190569876,704.8391152626929,174.19354838709677,104.51612903225808,206.1290322580645
1281,-549.7427101174825,1733.6947826673472,-656.9364928773847,127.74193548387098,116.12903225806453,322.258064516129
1282,-488.7929379747067,1262.0115278775318,191.18499738131493,139.3548387096774,69.6774193548387,90.0
1283,1299.1982284711025,1571.0934845891668,-211.16942349969923,58.06451612903226,11.612903225806452,217.74193548387098
1284,1538.7719335398056,1793.192228186817,622.9829490605533,174.19354838709677,174.19354838709677,240.96774193548387
1285,-411.45515283092953,1310.304837437795,648.3882466857903,69.6774193548387,92.90322580645162,310.64516129032256
1286,838.9460923719536,1491.935327505227,-655.4724691881357,104.51612903225808,150.96774193548387,275.80645161290323
1287,499.91469151197555,1558.2015662652132,-966.4192883179617,162.5806451612903,11.612903225806452,113.2258064516129
1288,-492.0064167753665,1641.4468902000792,-68.04384425963796,46.45161290322581,46.45161290322581,252.5806451612903
1289,-246.5594590819883,1392.9313244790264,-354.6320446745673,46.45161290322581,174.19354838709677,148.06451612903226
1290,103.4980444941553,1623.9996608966478,-876.6443117925936,34.83870967741935,104.51612903225808,194.51612903225808
1291,-1162.5847411880582,1654.1472440682644,580.3825477140334,92.90322580645162,81.29032258064515,322.258064516129
1292,59.14323331207143,1306.1435963046777,615.7439425617484,104.51612903225808,81.29032258064515,415.1612903225806
1293,320.11674374450206,1372.0965260558319,429.12637295216814,23.225806451612904,81.29032258064515,264.19354838709677
1294,-158.24950409618666,1366.7248450164536,-641.4230331291577,92.90322580645162,81.29032258064515,252.5806451612903
1295,1532.9656669278647,1804.9224548361665,-113.18241744822295,104.51612903225808,34.83870967741935,206.1290322580645
1296,-715.0184348015154,1213.2631354791965,601.829758448922,127.74193548387098,81.29032258064515,322.258064516129
1297,-122.11895117362718,1282.8009147637533,329.0471830192944,104.51612903225808,58.06451612903226,380.32258064516134
1298,-1459.1534331349692,1625.9943672195802,-147.06364996290873,150.96774193548387,11.612903225806452,391.93548387096774
1299,-1449.7835521684308,1670.8517468930736,103.5263945384262,92.90322580645162,81.29032258064515,182.90322580645162
1300,238.8730856133991,1587.5975080070625,155.07195557545046,69.6774193548387,162.5806451612903,333.8709677419355
1301,1068.606407071617,1355.66301551305,-636.521280866805,46.45161290322581,23.225806451612904,240.96774193548387
1302,94.10079935594311,1346.8564815848383,-762.4576952455341,127.74193548387098,81.29032258064515,194.51612903225808
1303,-355.6561968059613,1527.1718601481339,527.0351987845755,150.96774193548387,174.19354838709677,136.4516129032258
1304,1112.3588335457903,1808.9215047793189,520.4931224603087,46.45161290322581,162.5806451612903,275.80645161290323
1305,369.2689888991385,1406.1252817457894,538.7037527295057,150.96774193548387,174.19354838709677,345.48387096774195
1306,-572.2539440787089,1750.9270636944286,809.4412254889407,69.6774193548387,58.06451612903226,252.5806451612903
1307,-504.3147339296663,1485.4799606111033,167.8836113822099,162.5806451612903,174.19354838709677,159.67741935483872
1308,13.638795081055477,1292.951089520039,-283.75121490321806,81.29032258064515,11.612903225806452,101.61290322580645
1309,-963.4750056853097,1312.4763232818493,46.64256509382785,69.6774193548387,69.6774193548387,252.5806451612903
1310,-92.65322925230421,1824.5036723849246,-154.8179743089861,116.12903225806453,0.0,194.51612903225808
1311,9.062058390361827,1594.4769387629183,-354.3270654044873,46.45161290322581,34.83870967741935,438.38709677419354
1312,933.2810748231459,1405.2900228070841,361.384986309019,46.45161290322581,34.83870967741935,124.83870967741936
1313,-334.5245912581859,1490.5169989931912,-762.2978496900145,92.90322580645162,23.225806451612904,159.67741935483872
1314,-856.3505097422553,1675.9507897912804,-1040.4442266923002,81.29032258064515,127.74193548387098,264.19354838709677
1315,368.3418801410969,1291.3207737216521,-404.9661677021054,139.3548387096774,127.74193548387098,322.258064516129
1316,1001.8196776951155,1665.1780502803163,346.08833630653703,11.612903225806452,11.612903225806452,345.48387096774195
1317,-990.477707900416,1500.3093731229637,503.2278508854791,139.3548387096774,174.19354838709677,229.3548387096774
1318,-788.0568924520176,1692.0913535511354,993.1410897156914,69.6774193548387,92.90322580645162,124.83870967741936
1319,-550.4876020965277,1627.388003989021,-184.33094447196422,69.6774193548387,150.96774193548387,229.3548387096774
1320,-1092.4487524806832,1737.413986073373,1017.5178547531118,81.29032258064515,92.90322580645162,171.29032258064515
1321,975.1353989308907,1380.801320572022,-526.3066642924318,116.12903225806453,58.06451612903226,159.67741935483872
1322,817.3593321828725,1612.2241896269832,-1034.0827612918806,104.51612903225808,92.90322580645162,182.90322580645162
1323,-18.058967533695736,1415.7268496687886,624.7929742587296,46.45161290322581,127.74193548387098,252.5806451612903
1324,1408.070510931671,1724.8389172212605,659.5843448941068,34.83870967741935,104.51612903225808,415.1612903225806
1325,75.39578204603501,1317.1050456896269,-662.4206347361792,11.612903225806452,92.90322580645162,391.93548387096774
1326,-1594.0444874390587,1798.4802775808912,747.7326627746342,11.612903225806452,58.06451612903226,357.0967741935484
1327,1089.261225575059,1750.7461763613535,1015.0565339072916,34.83870967741935,11.612903225806452,275.80645161290323
1328,855.3225311999266,1517.1361892784034,-822.3392704161457,127.74193548387098,116.12903225806453,171.29032258064515
1329,1374.8586022919621,1840.4710450184807,1215.0554078721666,92.90322580645162,81.29032258064515,333.8709677419355
1330,1497.881478832786,1691.171764796524,-727.52478400646,150.96774193548387,127.74193548387098,229.3548387096774
1331,-254.93264142053462,1600.6783207931992,-368.28391214872516,46.45161290322581,69.6774193548387,229.3548387096774
1332,-1466.8172591334135,1663.1982069433723,-690.5486080059468,34.83870967741935,58.06451612903226,101.61290322580645
1333,-1548.0640387287788,1796.1165762220553,-1006.7257047115962,69.6774193548387,69.6774193548387,299.03225806451616
1334,-673.6598859816957,1576.853515118469,-311.7095229976657,58.06451612903226,34.83870967741935,159.67741935483872
1335,-1393.6044770077335,1688.9148642395128,876.719774876356,23.225806451612904,127.74193548387098,299.03225806451616
1336,670.4585651966485,1540.4723665081783,-127.86381623491927,34.83870967741935,69.6774193548387,403.5483870967742
1337,-217.1957855169703,1498.4942206122673,277.4541220184691,116.12903225806453,69.6774193548387,275.80645161290323
1338,-190.10273085948944,1315.744185557566,-720.7431488715252,23.225806451612904,34.83870967741935,391.93548387096774
1339,-242.07597540742628,1373.6324779203972,-250.362588636911,0.0,104.51612903225808,148.06451612903226
1340,362.1296571573145,1482.8400132179522,-824.2441180761947,23.225806451612904,139.3548387096774,113.2258064516129
1341,-527.1243730246811,1328.4058301047694,584.8343314122953,81.29032258064515,81.29032258064515,310.64516129032256
1342,820.2728991056723,1647.1382867591526,546.7405408151984,11.612903225806452,46.45161290322581,415.1612903225806
1343,484.92823671704235,1207.4707526120608,647.9110954146497,139.3548387096774,23.225806451612904,264.19354838709677
1344,-1208.310701856461,1493.0220723665514,-431.8810015872118,162.5806451612903,104.51612903225808,136.4516129032258
1345,610.4207953552965,1318.9814167127079,-315.93112573216564,46.45161290322581,162.5806451612903,229.3548387096774
1346,-302.5012709838961,1717.5088649115517,-1074.7827421605007,23.225806451612904,69.6774193548387,287.41935483870964
1347,-953.2667504558873,1208.32278575059,55.2860485025402,34.83870967741935,116.12903225806453,426.77419354838713
1348,1178.3385554431602,1554.2196929092934,239.29674434444888,69.6774193548387,127.74193548387098,194.51612903225808
1349,-787.5538458227626,1563.0240706310265,-673.034799864487,104.51612903225808,104.51612903225808,438.38709677419354
1350,307.70318126496716,1290.3558957323269,120.59459196745993,174.19354838709677,81.29032258064515,124.83870967741936
1351,1002.8465181384853,1444.870444263634,-802.5782528870968,34.83870967741935,104.51612903225808,345.48387096774195
1352,-0.3498018528482305,1614.1050793559323,-843.628796799201,69.6774193548387,139.3548387096774,310.64516129032256
1353,-83.28683984543233,1202.3269837150153,202.8009953297051,23.225806451612904,116.12903225806453,426.77419354838713
1354,692.967064203578,1737.871500591733,-701.075758306143,162.5806451612903,127.74193548387098,159.67741935483872
1355,712.7147161642506,1374.0415029590595,-524.8901595687729,58.06451612903226,0.0,113.2258064516129
1356,-1182.587460092255,1717.4230746990406,-887.6501170172226,174.19354838709677,58.06451612903226,322.258064516129
1357,-410.0113698149041,1280.6522706870167,190.00789790336654,0.0,104.51612903225808,264.19354838709677
1358,-424.6869507802989,1520.1451708194984,-274.376240091352,139.3548387096774,69.6774193548387,171.29032258064515
1359,6.520960124758091,1384.1759906870343,-885.209731267738,162.5806451612903,81.29032258064515,368.7096774193548
1360,-591.717469723982,1529.3257787633358,-972.1493853793842,174.19354838709677,127.74193548387098,136.4516129032258
1361,696.877097457652,1226.6751012293498,579.2751802977195,92.90322580645162,11.612903225806452,240.96774193548387
1362,-1424.8111821021264,1712.1508873484586,-733.2898023202267,0.0,23.225806451612904,159.67741935483872
1363,873.1692728801427,1222.513758787487,634.6397267563034,127.74193548387098,162.5806451612903,322.258064516129
1364,-1089.8191507355098,1337.9894163554447,356.879063411553,162.5806451612903,127.74193548387098,194.51612903225808
1365,-160.44909499778157,1462.1826043297006,505.5376734527348,92.90322580645162,92.90322580645162,206.1290322580645
1366,-193.4079388284058,1469.5166530221518,-144.01283273595578,11.612903225806452,58.06451612903226,380.32258064516134
1367,-58.73341352338848,1382.0180934947882,475.4317933552574,11.612903225806452,0.0,229.3548387096774
1368,-155.71360842834815,1646.0628296567436,-736.42661336624,92.90322580645162,104.51612903225808,148.06451612903226
1369,-1604.1222787145803,1780.0024610906398,-1149.4631266379986,162.5806451612903,116.12903225806453,345.48387096774195
1370,-973.2950729280926,1841.1211651506044,-976.6777263489564,92.90322580645162,174.19354838709677,101.61290322580645
1371,-805.2579608374934,1765.855848119073,-515.1881504432115,46.45161290322581,174.19354838709677,287.41935483870964
1372,-414.6442580566862,1287.6596854240997,374.02417188627373,139.3548387096774,92.90322580645162,171.29032258064515
1373,1321.7539135447155,1815.5005964110856,-549.0017245893705,34.83870967741935,69.6774193548387,194.51612903225808
1374,-408.06871011861415,1350.3453573665463,-249.29358027339444,46.45161290322581,69.6774193548387,148.06451612903226
1375,-782.0406974741106,1296.7747910990902,-483.7437154075893,11.612903225806452,81.29032258064515,264.19354838709677
1376,-729.1973739533546,1836.0924566208819,-827.1518195244955,23.225806451612904,46.45161290322581,333.8709677419355
1377,-635.7923065901623,1836.869860824763,-754.336230149384,46.45161290322581,116.12903225806453,252.5806451612903
1378,421.7472929572635,1275.167351911678,-258.93119895240443,127.74193548387098,104.51612903225808,240.96774193548387
1379,-860.4985562496586,1330.5087666002753,40.85175783270536,23.225806451612904,104.51612903225808,124.83870967741936
1380,-958.4395419471027,1264.5582906841928,-50.56627186240803,92.90322580645162,11.612903225806452,426.77419354838713
1381,-411.57671355880296,1725.5639859810983,817.4895700629116,69.6774193548387,116.12903225806453,275.80645161290323
1382,965.9969345754208,1505.3514195708408,758.4693116708834,46.45161290322581,92.90322580645162,206.1290322580645
1383,243.72675241728672,1832.9662258076432,-153.80709627592975,81.29032258064515,162.5806451612903,287.41935483870964
1384,99.74533604716171,1717.2826457228748,156.2915691883653,34.83870967741935,104.51612903225808,252.5806451612903
1385,-681.933174245627,1717.3201065561632,-954.3284489801325,0.0,139.3548387096774,229.3548387096774
1386,-611.6088142324679,1211.168197842333,251.92365106142898,174.19354838709677,69.6774193548387,438.38709677419354
1387,-1129.2908526129813,1498.1862210833133,903.3678994692032,34.83870967741935,127.74193548387098,310.64516129032256
1388,-806.9070458177375,1567.5148101141692,-158.61796950635156,11.612903225806452,127.74193548387098,194.51612903225808
1389,-242.52565136446478,1509.4585386564559,-288.2233490403256,23.225806451612904,127.74193548387098,113.2258064516129
1390,-349.99275401145945,1718.9301567264736,661.5339779386782,69.6774193548387,23.225806451612904,171.29032258064515
1391,-78.92250071534868,1503.8424055999055,-515.6980821221442,127.74193548387098,127.74193548387098,264.19354838709677
1392,993.3205901158409,1355.1407581460212,-272.0164100953868,174.19354838709677,162.5806451612903,310.64516129032256
1393,742.4115284873508,1648.6334987063576,-984.6092095693232,46.45161290322581,81.29032258064515,206.1290322580645
1394,-88.95720604258273,1238.92256397778,-292.77284966288516,104.51612903225808,69.6774193548387,333.8709677419355
1395,-430.670481942208,1845.542219871529,338.2960592523517,150.96774193548387,174.19354838709677,275.80645161290323
1396,937.4427575320242,1572.9504173140742,-849.9382607399257,150.96774193548387,139.3548387096774,357.0967741935484
1397,-725.2793455126197,1423.2189049534754,-313.9372875357699,81.29032258064515,127.74193548387098,438.38709677419354
1398,804.0810269132825,1270.8206690754419,-150.3984525158967,174.19354838709677,150.96774193548387,426.77419354838713
1399,305.68124575129565,1592.4617519776448,-144.07131317324513,58.06451612903226,104.51612903225808,438.38709677419354
1400,-384.4458475940879,1693.5295621211096,275.9218778048659,139.3548387096774,116.12903225806453,101.61290322580645
1401,1239.5403005589023,1831.9736761257673,-417.627322344198,104.51612903225808,92.90322580645162,240.96774193548387
1402,-642.9914263822518,1764.6394472103693,1092.8918918865859,92.90322580645162,81.29032258064515,194.51612903225808
1403,-350.27195314736514,1306.473606737825,-459.9550818888119,92.90322580645162,92.90322580645162,171.29032258064515
1404,-1150.8053985844572,1353.8610790384203,-747.008133809744,69.6774193548387,11.612903225806452,426.77419354838713
1405,-1196.1207650892322,1764.8218535880062,815.7988658865461,174.19354838709677,69.6774193548387,252.5806451612903
1406,1137.8503081803167,1493.4878048413043,-652.4854355203508,69.6774193548387,150.96774193548387,426.77419354838713
1407,886.0087043793925,1287.1671218590297,-186.82660769832663,23.225806451612904,92.90322580645162,264.19354838709677
1408,-841.0633394882351,1529.8794702295986,294.7042321177804,116.12903225806453,58.06451612903226,101.61290322580645
1409,-1280.9441373222835,1717.5904748226394,557.5253474518677,69.6774193548387,46.45161290322581,368.7096774193548
1410,-1282.9469929250695,1745.407935207391,-1090.8585076717118,81.29032258064515,11.612903225806452,333.8709677419355
1411,-1150.8683079640168,1501.1407503901185,843.3916040799429,92.90322580645162,104.51612903225808,264.19354838709677
1412,963.07252253355,1577.5555359954285,905.2305707402181,81.29032258064515,11.612903225806452,194.51612903225808
1413,-670.1200824795965,1612.3228375051176,-758.8720893049277,127.74193548387098,46.45161290322581,182.90322580645162
1414,1210.797590868297,1439.12133537373,-2.953719985572789,46.45161290322581,69.6774193548387,426.77419354838713
1415,-878.3846677482323,1758.9391258751014,680.2796092040732,11.612903225806452,69.6774193548387,357.0967741935484
1416,-818.8246057318954,1465.502269166628,-730.56223754368,174.19354838709677,34.83870967741935,217.74193548387098
1417,311.73281806908034,1577.2558722618153,-696.542672804677,58.06451612903226,23.225806451612904,357.0967741935484
1418,-982.0554477237124,1783.0278883091505,-197.40665696716508,81.29032258064515,139.3548387096774,229.3548387096774
1419,-450.11415605362987,1216.8350652640888,-192.3092341149677,0.0,46.45161290322581,148.06451612903226
1420,-343.8269021718055,1413.6288157112165,421.3280030394758,0.0,92.90322580645162,217.74193548387098
1421,-775.5953179886571,1254.915281836336,649.493101806281,92.90322580645162,58.06451612903226,415.1612903225806
1422,959.9649309344745,1225.6927371291679,560.6726239989509,69.6774193548387,92.90322580645162,299.03225806451616
1423,-641.8929524256788,1349.330406913689,-160.82437040865844,104.51612903225808,81.29032258064515,90.0
1424,-809.9850756098142,1494.8435166357476,-794.575700399263,69.6774193548387,58.06451612903226,101.61290322580645
1425,277.3009113710163,1445.5020793057124,925.5954160261258,116.12903225806453,162.5806451612903,217.74193548387098
1426,176.50762865831632,1826.9452337525881,604.9094977008046,69.6774193548387,58.06451612903226,113.2258064516129
1427,1518.6480753623343,1760.644243537315,-951.5715360875222,23.225806451612904,104.51612903225808,171.29032258064515
1428,-570.940498348749,1516.5395855754634,-949.3586143387386,104.51612903225808,46.45161290322581,380.32258064516134
1429,933.7060063245897,1359.0046909725168,-202.73849156656388,34.83870967741935,116.12903225806453,90.0
1430,-271.3868085531617,1562.7152713368694,-679.0106617676578,81.29032258064515,150.96774193548387,113.2258064516129
1431,-923.3941764497085,1751.4333205042199,1021.6753301458214,92.90322580645162,150.96774193548387,252.5806451612903
1432,1639.9591697739972,1807.3352155890873,-859.7449404941685,11.612903225806452,162.5806451612903,403.5483870967742
1433,475.7693070329882,1805.8519944579182,1132.2073125754368,34.83870967741935,150.96774193548387,252.5806451612903
1434,1213.206085891834,1448.6954906157941,39.74708629687829,46.45161290322581,58.06451612903226,124.83870967741936
1435,-579.3042501381094,1497.6325457505732,-357.18615880174804,81.29032258064515,139.3548387096774,403.5483870967742
1436,419.2989311751303,1724.1619362827955,-459.2856822903837,162.5806451612903,81.29032258064515,206.1290322580645
1437,1083.6384503620893,1403.3742990776077,656.849232833585,174.19354838709677,34.83870967741935,380.32258064516134
1438,632.6140632961637,1332.3846924429934,-831.7749269609237,23.225806451612904,162.5806451612903,368.7096774193548
1439,-324.6682674127431,1312.154081497399,-614.1835959244316,0.0,34.83870967741935,206.1290322580645
1440,1291.1863209929202,1473.8308604170502,399.956725290599,92.90322580645162,104.51612903225808,426.77419354838713
1441,1114.4768490810982,1693.8873800044726,-355.138835634777,69.6774193548387,34.83870967741935,229.3548387096774
1442,134.3828754233776,1457.6212034309187,-470.39645255280175,127.74193548387098,23.225806451612904,299.03225806451616
1443,-975.3647722815168,1525.6599189234541,372.0852013285004,174.19354838709677,34.83870967741935,357.0967741935484
1444,-906.6325907138817,1448.6117181565935,35.64125576395352,46.45161290322581,116.12903225806453,148.06451612903226
1445,-795.1198780728319,1399.783147862917,570.2751716014809,139.3548387096774,46.45161290322581,113.2258064516129
1446,-35.509965957013456,1526.8838037914936,868.657327420711,150.96774193548387,58.06451612903226,380.32258064516134
1447,661.9733917780965,1269.4545160295452,-419.6659787946176,92.90322580645162,81.29032258064515,415.1612903225806
1448,-1112.9574962550857,1453.9337529263926,393.8995212695261,139.3548387096774,0.0,136.4516129032258
1449,-1210.6982343182315,1438.110010786128,786.3805881951819,174.19354838709677,69.6774193548387,426.77419354838713
1450,958.9764809181377,1515.1620014696537,-608.0847011106991,23.225806451612904,150.96774193548387,182.90322580645162
1451,-962.3836390031449,1215.9848706883556,229.39652603619632,162.5806451612903,162.5806451612903,252.5806451612903
1452,1000.6936582269449,1334.821005720151,-354.8666886824816,127.74193548387098,23.225806451612904,136.4516129032258
1453,804.6956903691413,1715.6159609960928,48.44633382937307,46.45161290322581,34.83870967741935,345.48387096774195
1454,-289.6394893325313,1559.195297868407,134.48357179972916,127.74193548387098,92.90322580645162,217.74193548387098
1455,867.630061410971,1671.9865310196767,556.8252587787115,162.5806451612903,174.19354838709677,287.41935483870964
1456,-801.3163090874885,1504.1721770653037,-104.70639812416209,150.96774193548387,92.90322580645162,136.4516129032258
1457,-809.4050552671323,1400.8720449267867,-386.4445918683981,11.612903225806452,127.74193548387098,136.4516129032258
1458,1481.0007185704924,1838.062217393146,-1020.6498151833007,69.6774193548387,69.6774193548387,194.51612903225808
1459,-948.2072451910884,1697.7626640842188,135.56216873148142,104.51612903225808,58.06451612903226,310.64516129032256
1460,1010.9791467912974,1496.9260128822793,471.65075986900877,127.74193548387098,150.96774193548387,368.7096774193548
1461,-615.4812256970357,1415.0677467916535,717.7531052395229,34.83870967741935,58.06451612903226,113.2258064516129
1462,-506.76758647527083,1570.3481857841696,-836.9947673943234,11.612903225806452,116.12903225806453,148.06451612903226
1463,961.7603425186275,1437.7069052286527,-607.170969236337,11.612903225806452,34.83870967741935,194.51612903225808
1464,-434.4675448680112,1409.8249080399594,-347.34846553199264,69.6774193548387,0.0,194.51612903225808
1465,-39.013851337643146,1241.2311982187,-359.7109335542178,104.51612903225808,162.5806451612903,252.5806451612903
1466,-717.6109987440735,1849.4842982223154,263.51330851253374,92.90322580645162,139.3548387096774,380.32258064516134
1467,193.2291416154081,1568.229317330175,-106.32769588998414,46.45161290322581,139.3548387096774,357.0967741935484
1468,-1060.6147168902676,1476.56374928828,-252.21880985810463,46.45161290322581,92.90322580645162,194.51612903225808
1469,-1056.0399580300202,1409.693599811801,643.2655104330539,81.29032258064515,116.12903225806453,124.83870967741936
1470,438.4481322058456,1816.794636880975,-130.32501328115575,104.51612903225808,23.225806451612904,136.4516129032258
1471,540.297320206105,1510.1973085357718,307.82356880399215,174.19354838709677,81.29032258064515,368.7096774193548
1472,881.9965458499499,1656.4845759498396,1088.267118855345,162.5806451612903,139.3548387096774,194.51612903225808
1473,96.20748801572833,1275.1104381840605,-142.4039275456793,81.29032258064515,23.225806451612904,124.83870967741936
1474,-307.7611242104631,1649.7839468521881,970.2571842336324,11.612903225806452,11.612903225806452,310.64516129032256
1475,540.5385826622868,1348.892061041796,465.0133954769327,174.19354838709677,92.90322580645162,229.3548387096774
1476,1101.6273810004768,1469.6670440862017,889.6624623997711,23.225806451612904,69.6774193548387,136.4516129032258
1477,-83.15394557989961,1658.8857223878354,11.007490544055543,81.29032258064515,127.74193548387098,113.2258064516129
1478,1490.392960145052,1741.1168024862618,365.5609639481586,11.612903225806452,150.96774193548387,124.83870967741936
1479,-363.7414085047201,1662.7776597668337,955.3994852481653,92.90322580645162,34.83870967741935,206.1290322580645
1480,607.2118303954479,1593.226854570801,1000.2718174574347,69.6774193548387,58.06451612903226,426.77419354838713
1481,270.5253355027514,1438.5569461798457,164.6926508540485,127.74193548387098,46.45161290322581,299.03225806451616
1482,91.68862872929857,1548.792511566528,715.4124289076368,46.45161290322581,150.96774193548387,159.67741935483872
1483,933.3850869980724,1664.5199885174968,-620.3434837630377,127.74193548387098,127.74193548387098,206.1290322580645
1484,-472.48365972634826,1368.6762280410258,74.96043503940051,162.5806451612903,116.12903225806453,194.51612903225808
1485,138.5131961759509,1373.5875552188484,-538.4523807142015,46.45161290322581,127.74193548387098,171.29032258064515
1486,281.6514356118203,1537.3179367607809,141.55050153992067,23.225806451612904,162.5806451612903,148.06451612903226
1487,700.6767530572057,1389.0944394052221,771.9994073641599,34.83870967741935,174.19354838709677,194.51612903225808
1488,-1487.0745880125376,1812.271528469529,-387.8625989201687,116.12903225806453,0.0,90.0
1489,-365.7771467751127,1281.638460996125,-263.8518251567591,104.51612903225808,58.06451612903226,299.03225806451616
1490,710.5618436100242,1245.2959529580514,641.7889013645798,127.74193548387098,139.3548387096774,148.06451612903226
1491,796.1674565255893,1572.3139635974612,-860.8268974783714,92.90322580645162,150.96774193548387,148.06451612903226
1492,241.36079830928344,1686.969051935177,-486.5840834431754,0.0,0.0,229.3548387096774
1493,945.0071823178275,1449.9702334729618,-73.92318673262679,139.3548387096774,92.90322580645162,275.80645161290323
1494,-308.2851314592105,1703.924297662236,714.6073980771218,23.225806451612904,150.96774193548387,287.41935483870964
1495,-1245.0049720521463,1810.1496069133987,-682.320904811015,104.51612903225808,23.225806451612904,101.61290322580645
1496,-1249.8230215353274,1755.0618915736652,1030.359374799539,150.96774193548387,116.12903225806453,90.0
1497,-162.18123425665496,1754.734580602026,-191.04935169522807,58.06451612903226,69.6774193548387,113.2258064516129
1498,908.0589625597014,1434.7421821596718,392.9385971305695,23.225806451612904,92.90322580645162,357.0967741935484
1499,-83.85717778252797,1699.7607954533698,781.0147725671578,104.51612903225808,11.612903225806452,287.41935483870964
1500,-480.47139982297614,1794.2585906123136,952.7691825702003,104.51612903225808,11.612903225806452,252.5806451612903
1501,-178.97074805171,1509.2770822247141,690.482926850509,69.6774193548387,81.29032258064515,299.03225806451616
1502,958.9021152411256,1339.9810186496697,-783.4637831776504,46.45161290322581,34.83870967741935,101.61290322580645
1503,-1257.1441988248137,1470.945977282463,392.45586732180516,150.96774193548387,174.19354838709677,310.64516129032256
1504,-951.6390878171251,1722.5071180079426,1063.7087705412314,162.5806451612903,46.45161290322581,194.51612903225808
1505,-1151.0473533329214,1570.9791273086007,-909.6933905282463,150.96774193548387,0.0,171.29032258064515
1506,-1642.9713590159074,1830.7665490423813,268.1335672469247,104.51612903225808,23.225806451612904,124.83870967741936
1507,1042.67696165807,1376.9325452838234,117.13583486022401,92.90322580645162,127.74193548387098,345.48387096774195
1508,29.617865191619508,1218.4308755036602,506.6876473589041,46.45161290322581,139.3548387096774,380.32258064516134
1509,-918.439811644271,1260.668386488343,755.0304390650508,46.45161290322581,116.12903225806453,124.83870967741936
1510,-1130.8209800325044,1339.3649672010529,423.0213444059929,127.74193548387098,69.6774193548387,148.06451612903226
1511,-866.7990693034751,1459.9226250115444,38.34899524191808,69.6774193548387,162.5806451612903,113.2258064516129
1512,-373.4173419621554,1370.4874122330893,166.39997182655506,162.5806451612903,174.19354838709677,415.1612903225806
1513,134.07986701272065,1786.8099957560237,537.0894765633548,0.0,150.96774193548387,159.67741935483872
1514,-688.1025738262799,1380.9668714118716,830.3887518254732,116.12903225806453,127.74193548387098,206.1290322580645
1515,79.33573738941232,1599.0575554810894,924.4727026088832,11.612903225806452,69.6774193548387,217.74193548387098
1516,997.265268171606,1579.146851169551,107.09527784312804,92.90322580645162,81.29032258064515,264.19354838709677
1517,-741.0035466064942,1283.5961926308248,-113.42420528229749,81.29032258064515,162.5806451612903,101.61290322580645
1518,-605.0883360093892,1248.5095236042189,683.5581854756833,162.5806451612903,127.74193548387098,391.93548387096774
1519,-791.7746645231327,1254.6785870129124,343.7799990253108,46.45161290322581,34.83870967741935,299.03225806451616
1520,-384.8427726381786,1804.0443309951957,102.84887277718298,11.612903225806452,174.19354838709677,391.93548387096774
1521,1036.853226401389,1823.4015996950354,-975.7635342923315,11.612903225806452,34.83870967741935,136.4516129032258
1522,-1188.8555101190384,1345.866586442134,-624.2773381116889,162.5806451612903,174.19354838709677,171.29032258064515
1523,-205.72753896919468,1479.4753342776946,371.3414763962327,116.12903225806453,174.19354838709677,391.93548387096774
1524,-1371.6398167600353,1794.4305118988204,-536.5149327941753,81.29032258064515,81.29032258064515,217.74193548387098
1525,-82.91501568244897,1329.7565582431598,-261.00383627041583,92.90322580645162,92.90322580645162,264.19354838709677
1526,-882.4916377972471,1628.2663384089524,-966.801784893379,150.96774193548387,139.3548387096774,159.67741935483872
1527,168.3432618889613,1378.3553186636664,-207.05886899241125,11.612903225806452,174.19354838709677,159.67741935483872
1528,420.8037191875642,1646.4421908941254,949.678640332331,127.74193548387098,139.3548387096774,275.80645161290323
1529,-344.7140283277779,1306.556543983827,-602.6791258399261,104.51612903225808,11.612903225806452,217.74193548387098
1530,203.9044678885011,1504.991036041951,361.4694884553343,11.612903225806452,11.612903225806452,113.2258064516129
1531,486.24679317055205,1685.5187422082715,86.61775095226822,11.612903225806452,34.83870967741935,101.61290322580645
1532,-255.91448091884885,1382.5004676748893,-414.0376801209448,34.83870967741935,81.29032258064515,438.38709677419354
1533,323.9871605056788,1291.7752727365967,203.422799865959,11.612903225806452,58.06451612903226,101.61290322580645
1534,-132.35337291474352,1686.2546415078923,-411.0733657326455,81.29032258064515,139.3548387096774,275.80645161290323
1535,36.21308410765849,1540.7002430372484,782.0851501394765,127.74193548387098,34.83870967741935,101.61290322580645
1536,-1562.5105886765396,1740.5235622725875,-120.57449942481284,23.225806451612904,104.51612903225808,252.5806451612903
1537,732.8736398018815,1668.8530706969761,90.5113048334238,46.45161290322581,81.29032258064515,124.83870967741936
1538,-217.6466004815188,1382.4076182932074,654.7079537934753,58.06451612903226,46.45161290322581,90.0
1539,-1242.2537972444125,1763.926221748164,226.85112710538425,11.612903225806452,81.29032258064515,113.2258064516129
1540,1374.4301794118455,1606.57990878668,655.3934051633878,174.19354838709677,58.06451612903226,252.5806451612903
1541,54.504341640166665,1393.5389916259226,473.25916709334825,81.29032258064515,116.12903225806453,159.67741935483872
1542,874.9166468253563,1533.2110884447613,-92.38822344945348,11.612903225806452,139.3548387096774,368.7096774193548
1543,679.3666037654924,1755.6027436002519,484.4090364775882,69.6774193548387,92.90322580645162,217.74193548387098
1544,1573.7475671207817,1736.5913902082405,-1066.3319516348795,116.12903225806453,81.29032258064515,194.51612903225808
1545,-1553.5562604027525,1724.7854794696864,885.9499814316576,92.90322580645162,92.90322580645162,229.3548387096774
1546,684.8872560847288,1644.9330633297923,456.6771629426823,92.90322580645162,58.06451612903226,148.06451612903226
1547,414.94934624127353,1518.3599387108304,-541.910051669798,174.19354838709677,81.29032258064515,391.93548387096774
1548,178.8860659246838,1492.4031426282372,-145.2108727802022,116.12903225806453,0.0,229.3548387096774
1549,-322.07419310913536,1709.223560720811,207.57193855887604,69.6774193548387,0.0,252.5806451612903
1550,138.70516955998903,1308.8110562608356,-83.6227434167351,127.74193548387098,104.51612903225808,229.3548387096774
1551,-1090.3350852423473,1268.5001566411158,551.5476290701848,69.6774193548387,150.96774193548387,159.67741935483872
1552,-1286.740429154263,1587.995012509569,339.94284137494225,0.0,150.96774193548387,264.19354838709677
1553,-227.4888736000781,1527.8194449990601,977.8357211434399,174.19354838709677,46.45161290322581,264.19354838709677
1554,-735.741696326976,1324.2327926948215,752.979160610914,116.12903225806453,104.51612903225808,229.3548387096774
1555,-1102.5729493102058,1348.7288052412684,213.23767953953504,127.74193548387098,81.29032258064515,240.96774193548387
1556,555.2678226442788,1416.34056714656,-709.8087693038342,58.06451612903226,69.6774193548387,345.48387096774195
1557,1529.1358444280531,1836.858056540803,-161.52959735662728,11.612903225806452,150.96774193548387,287.41935483870964
1558,150.5729506892159,1384.1421619071698,-730.2358926298276,11.612903225806452,92.90322580645162,159.67741935483872
1559,-1538.9199773475145,1822.233332477093,505.25838848611056,69.6774193548387,127.74193548387098,206.1290322580645
1560,321.54700598428167,1528.3007144223488,-600.2113281296697,116.12903225806453,174.19354838709677,357.0967741935484
1561,725.9507849928248,1354.172221719917,766.6946498081612,174.19354838709677,69.6774193548387,136.4516129032258
1562,1273.7896200951834,1675.6096456111916,-882.3998756107057,11.612903225806452,127.74193548387098,124.83870967741936
1563,-198.47269556986814,1596.9363870748116,539.2597469141139,11.612903225806452,127.74193548387098,101.61290322580645
1564,-1177.0681552216047,1692.5143181378978,184.83797353448085,127.74193548387098,0.0,229.3548387096774
1565,-610.4437535709259,1567.8410565462518,-819.8449836145307,92.90322580645162,69.6774193548387,415.1612903225806
1566,969.0296655595066,1817.2585993818536,-920.8090469554126,174.19354838709677,69.6774193548387,101.61290322580645
1567,-1244.1118576361891,1796.765737674841,-934.6110448180326,127.74193548387098,69.6774193548387,229.3548387096774
1568,45.856117887549,1344.3865437800653,-502.60002928067513,81.29032258064515,150.96774193548387,171.29032258064515
1569,-982.4261903526367,1257.2039486541912,-287.8084106800344,104.51612903225808,127.74193548387098,380.32258064516134
1570,-476.9527980105675,1753.5079701547538,-981.8551878821406,58.06451612903226,92.90322580645162,206.1290322580645
1571,142.54108804323042,1349.0486460863515,-46.669101886753594,58.06451612903226,139.3548387096774,345.48387096774195
1572,-1379.0097119392747,1670.3627530298631,-921.3736605570105,127.74193548387098,69.6774193548387,299.03225806451616
1573,577.1518651861074,1225.417558752865,-592.5398562934796,162.5806451612903,162.5806451612903,217.74193548387098
1574,-746.84406070183,1560.5332659286994,201.42162122803526,150.96774193548387,23.225806451612904,333.8709677419355
1575,-950.7074777602503,1449.8760449266076,-459.63932215339395,34.83870967741935,116.12903225806453,113.2258064516129
1576,-1221.0866844046418,1693.3644766555026,205.76452589029907,162.5806451612903,92.90322580645162,229.3548387096774
1577,-242.9312570372426,1506.5468155787914,839.5031879493318,81.29032258064515,46.45161290322581,124.83870967741936
1578,-354.48026580841974,1209.6062690855997,-519.6746796089585,92.90322580645162,174.19354838709677,275.80645161290323
1579,398.9454289409613,1394.9130506861145,-507.0413466729333,127.74193548387098,69.6774193548387,415.1612903225806
1580,143.19273281866458,1314.320560776534,-807.1789909153301,174.19354838709677,174.19354838709677,368.7096774193548
1581,1441.8067891000383,1642.3109577766033,-485.0620240843013,58.06451612903226,34.83870967741935,322.258064516129
1582,1050.23589832989,1685.5963217615806,-179.33062970070335,162.5806451612903,127.74193548387098,368.7096774193548
1583,1141.132899154581,1401.6140522877943,-697.2549337671464,174.19354838709677,81.29032258064515,252.5806451612903
1584,22.86053711108167,1766.9683543310844,-78.12742602231407,92.90322580645162,150.96774193548387,113.2258064516129
1585,410.3157000017979,1303.8338910472366,-787.4531595852584,23.225806451612904,34.83870967741935,101.61290322580645
1586,308.302420914662,1847.7458818275206,262.8308402637513,34.83870967741935,116.12903225806453,206.1290322580645
1587,1586.5166702273445,1740.499313584801,617.0316098831943,81.29032258064515,150.96774193548387,310.64516129032256
1588,-940.7751335553698,1346.325721720808,-93.48291688286041,34.83870967741935,58.06451612903226,310.64516129032256
1589,501.09032330157015,1604.4450609537562,570.0075649058673,69.6774193548387,0.0,136.4516129032258
1590,-624.1681081385963,1589.8436749955324,-23.661193817019743,150.96774193548387,174.19354838709677,264.19354838709677
1591,-938.1527512374175,1570.2885380521839,-33.98983927905128,104.51612903225808,174.19354838709677,310.64516129032256
1592,605.8545341193932,1489.9436963880096,955.2778909407853,116.12903225806453,116.12903225806453,345.48387096774195
1593,-1143.0181839267125,1327.7904960970882,-635.2292344344775,162.5806451612903,58.06451612903226,287.41935483870964
1594,1593.3754116305497,1835.3044733062645,-469.8962721853614,0.0,139.3548387096774,113.2258064516129
1595,-83.59395780324644,1460.8869762172164,364.2862791709984,11.612903225806452,81.29032258064515,90.0
1596,-1185.3618815056316,1720.91132258964,-149.9866804282787,23.225806451612904,58.06451612903226,287.41935483870964
1597,-1062.7615163645698,1417.2892241428408,-537.8089767162377,116.12903225806453,104.51612903225808,136.4516129032258
1598,-302.4459790843075,1629.27818713712,-501.1327347321872,104.51612903225808,58.06451612903226,391.93548387096774
1599,502.0959500741425,1399.7937075260902,-101.16251901879876,150.96774193548387,69.6774193548387,101.61290322580645
1600,-110.47625117437043,1535.973723466638,-996.0245343352868,127.74193548387098,139.3548387096774,333.8709677419355
1601,-609.277380993705,1526.4142298870513,-527.9555549079522,23.225806451612904,0.0,229.3548387096774
1602,-534.0029278626215,1408.4065130089245,-532.0371672675957,69.6774193548387,81.29032258064515,113.2258064516129
1603,-1294.555853153789,1493.516153468569,448.35726254312965,23.225806451612904,46.45161290322581,217.74193548387098
1604,-797.492963540845,1780.834226939939,428.9752120329887,162.5806451612903,162.5806451612903,368.7096774193548
1605,-1152.2176216246141,1566.096849558083,473.56487914300874,127.74193548387098,92.90322580645162,264.19354838709677
1606,900.56161089198,1611.5271491184153,-988.8150835679543,46.45161290322581,104.51612903225808,345.48387096774195
1607,-1178.407071932147,1370.8569382426901,834.5392840760145,127.74193548387098,23.225806451612904,148.06451612903226
1608,-1417.3305368907077,1687.6116214175952,-1079.215028433162,150.96774193548387,92.90322580645162,287.41935483870964
1609,-321.55381795926667,1296.8446621371595,-669.7082508502662,34.83870967741935,150.96774193548387,287.41935483870964
1610,989.892146208669,1248.5762314478384,-398.9314134748603,162.5806451612903,127.74193548387098,357.0967741935484
1611,934.0741094897674,1624.7373258178825,412.86930419230606,11.612903225806452,104.51612903225808,333.8709677419355
1612,222.62309820550837,1442.8489112548182,-553.9381251585396,11.612903225806452,104.51612903225808,124.83870967741936
1613,-83.52144466540264,1255.4747247075188,-470.1598958704897,58.06451612903226,58.06451612903226,345.48387096774195
1614,82.86095295239839,1323.0921982282823,512.9098068255422,127.74193548387098,23.225806451612904,264.19354838709677
1615,-315.8063362091376,1337.47108093334,243.16293311088853,46.45161290322581,127.74193548387098,148.06451612903226
1616,-554.2425521853633,1280.0275073227012,13.618596279367345,92.90322580645162,11.612903225806452,287.41935483870964
1617,523.1654202200591,1755.4025035684554,621.2995934635915,81.29032258064515,116.12903225806453,391.93548387096774
1618,1188.6511132648025,1398.8671368864595,356.0376180721901,174.19354838709677,150.96774193548387,136.4516129032258
1619,1022.0192658196204,1677.4010843002327,-597.6173442697507,81.29032258064515,127.74193548387098,357.0967741935484
1620,714.2844225296371,1757.1392933101247,-131.70022936304912,69.6774193548387,46.45161290322581,124.83870967741936
1621,-716.2699528115692,1594.0808635679343,82.41314819497828,58.06451612903226,11.612903225806452,264.19354838709677
1622,-995.8018479993725,1841.7916455120783,-538.5137291756366,92.90322580645162,34.83870967741935,101.61290322580645
1623,-1146.3760422743985,1664.9462995515862,-829.4646366878153,46.45161290322581,69.6774193548387,252.5806451612903
1624,914.9758236633501,1451.163327650054,-750.4896581061877,139.3548387096774,0.0,148.06451612903226
1625,-382.1215522722973,1797.0674148873413,-890.0076635992871,174.19354838709677,104.51612903225808,310.64516129032256
1626,1019.3880862829465,1553.8200468631596,345.6822363996251,58.06451612903226,81.29032258064515,240.96774193548387
1627,-522.3151434475732,1832.517697725234,827.6582040187088,34.83870967741935,104.51612903225808,90.0
1628,127.78748794285858,1599.7224136413524,333.32623441723064,34.83870967741935,58.06451612903226,275.80645161290323
1629,744.1746003375348,1757.9420941711646,-304.71424308956597,139.3548387096774,34.83870967741935,229.3548387096774
1630,-504.56382966195133,1424.196116253784,172.32040927783513,34.83870967741935,58.06451612903226,438.38709677419354
1631,-170.74399323906528,1318.7459780133875,371.3449427104289,46.45161290322581,162.5806451612903,357.0967741935484
1632,-184.9687021248549,1330.7164355914638,-713.4166262019457,34.83870967741935,104.51612903225808,229.3548387096774
1633,-235.54941487752518,1437.2114875747443,572.1010611782219,34.83870967741935,46.45161290322581,426.77419354838713
1634,391.64040664371845,1473.7220343653876,-876.9308752888085,58.06451612903226,104.51612903225808,333.8709677419355
1635,670.5336142981478,1674.720505185759,-1.8265507211044252,139.3548387096774,162.5806451612903,310.64516129032256
1636,-467.79846242855746,1237.195535178283,-722.2816569495012,34.83870967741935,69.6774193548387,171.29032258064515
1637,217.58561755641566,1696.288324769936,313.347192287997,150.96774193548387,46.45161290322581,206.1290322580645
1638,605.2982626409702,1533.3283076195637,-752.4985596636543,23.225806451612904,150.96774193548387,136.4516129032258
1639,-866.6228713503523,1215.304620682483,649.1064627600316,127.74193548387098,81.29032258064515,229.3548387096774
1640,547.0691363213335,1572.0545068254241,-992.5911719254458,69.6774193548387,11.612903225806452,287.41935483870964
1641,1330.5563895650303,1626.6341367700172,184.13842866431267,127.74193548387098,162.5806451612903,275.80645161290323
1642,1258.2486931899437,1445.5092332371635,-145.03445298407004,174.19354838709677,23.225806451612904,310.64516129032256
1643,-515.8147636236823,1230.0427020686516,483.3128123482771,69.6774193548387,69.6774193548387,310.64516129032256
1644,-1032.4205562980358,1840.7922434129362,226.0912069608219,139.3548387096774,162.5806451612903,426.77419354838713
1645,-262.19041096529025,1617.9638729294563,-55.803808175043734,162.5806451612903,34.83870967741935,264.19354838709677
1646,-179.74912105390501,1683.885335961633,381.5903296474673,139.3548387096774,104.51612903225808,310.64516129032256
1647,251.04026619448342,1254.543120629276,-621.5548539982005,174.19354838709677,11.612903225806452,438.38709677419354
1648,-36.13931912453889,1677.0458785134813,-169.4046713316153,34.83870967741935,162.5806451612903,415.1612903225806
1649,-640.4530280436394,1340.9363627100572,-143.2465184089394,174.19354838709677,162.5806451612903,357.0967741935484
1650,1354.2511774525663,1695.109357258481,-125.433315345391,127.74193548387098,104.51612903225808,275.80645161290323
1651,-916.3557835858828,1802.2980819610268,271.39466306189473,69.6774193548387,150.96774193548387,438.38709677419354
1652,1155.3136277372867,1406.9707010443767,-127.56623638326126,58.06451612903226,69.6774193548387,415.1612903225806
1653,-974.1713038357627,1773.6603985796485,782.4890597231777,127.74193548387098,150.96774193548387,148.06451612903226
1654,-889.7010443188337,1539.0727363168778,1000.8011751747949,127.74193548387098,23.225806451612904,380.32258064516134
1655,1357.1072791838835,1723.2612876153005,-120.22309732929806,92.90322580645162,174.19354838709677,426.77419354838713
1656,-324.73924978112353,1321.0341395774246,-715.8114560319849,116.12903225806453,69.6774193548387,194.51612903225808
1657,150.16969594314756,1451.3775875288693,-82.23577391560859,58.06451612903226,150.96774193548387,426.77419354838713
1658,1054.100195163831,1204.3068701048185,566.5280655632762,174.19354838709677,69.6774193548387,287.41935483870964
1659,-127.29694841581659,1397.3790142777204,762.8959277048846,92.90322580645162,11.612903225806452,206.1290322580645
1660,-849.2290867319124,1836.9262165492805,-993.9333470626455,92.90322580645162,34.83870967741935,380.32258064516134
1661,-15.312280658620914,1437.8901125437199,-600.6446738971637,116.12903225806453,139.3548387096774,159.67741935483872
1662,-768.6471357572411,1694.1126775860162,354.98955757966735,11.612903225806452,116.12903225806453,275.80645161290323
1663,714.5491653209994,1353.539314390062,64.88979276200375,150.96774193548387,46.45161290322581,101.61290322580645
1664,733.9761705733839,1379.016142271823,785.0120344947667,127.74193548387098,34.83870967741935,206.1290322580645
1665,488.70089532909094,1785.6487281266386,149.09853623291838,174.19354838709677,174.19354838709677,159.67741935483872
1666,-103.95804240596345,1307.9592324460743,-541.2182036875064,23.225806451612904,46.45161290322581,310.64516129032256
1667,1242.7103775242613,1553.228217843161,928.9376445294602,46.45161290322581,23.225806451612904,357.0967741935484
1668,-618.0355670737976,1522.295844408069,-414.7410275519704,23.225806451612904,116.12903225806453,345.48387096774195
1669,-98.93986484151114,1417.6171848230138,291.20962521979834,11.612903225806452,116.12903225806453,299.03225806451616
1670,-607.8331297508918,1361.125867480614,811.3656487850167,69.6774193548387,174.19354838709677,101.61290322580645
1671,-484.4627805789601,1536.2103137860295,584.0354511104541,58.06451612903226,150.96774193548387,194.51612903225808
1672,-937.5732594547493,1755.0503467601195,-1123.281142264916,0.0,11.612903225806452,171.29032258064515
1673,20.808192689803562,1732.332464808373,1128.303478902262,116.12903225806453,23.225806451612904,322.258064516129
1674,-1297.1593400513975,1742.487484750009,-589.5417248962086,150.96774193548387,116.12903225806453,194.51612903225808
1675,652.4516460988555,1551.0578749312795,735.3846282855749,23.225806451612904,139.3548387096774,287.41935483870964
1676,-914.9904821576623,1696.3821703485835,-779.223035196853,116.12903225806453,23.225806451612904,159.67741935483872
1677,815.9571320595934,1469.7462082913155,-78.58224823994303,58.06451612903226,104.51612903225808,310.64516129032256
1678,-648.7581787399616,1404.2422423737007,-529.6063705082797,46.45161290322581,104.51612903225808,333.8709677419355
1679,637.3018742850996,1282.8919473054602,682.5224992633193,104.51612903225808,162.5806451612903,391.93548387096774
1680,-292.92039085108604,1819.519541179734,813.0798687447572,174.19354838709677,139.3548387096774,345.48387096774195
1681,-396.88405887597577,1821.7621517553332,-965.0138472277175,162.5806451612903,69.6774193548387,124.83870967741936
1682,1092.8011833766643,1684.9584365704,-262.34580331986893,150.96774193548387,139.3548387096774,345.48387096774195
1683,1026.221916857929,1560.58628032436,-1016.087311434686,150.96774193548387,34.83870967741935,403.5483870967742
1684,-1093.877266084947,1315.6143646650332,660.8864582382236,46.45161290322581,81.29032258064515,391.93548387096774
1685,-423.51713925584187,1318.3000354592925,707.6458823741326,81.29032258064515,81.29032258064515,380.32258064516134
1686,-242.65711747353402,1692.840665907106,-409.76648974483874,162.5806451612903,0.0,229.3548387096774
1687,329.13087846414066,1592.927494467931,-274.8284911794631,150.96774193548387,23.225806451612904,113.2258064516129
1688,817.7349168548352,1470.9249257257195,122.55271011827188,92.90322580645162,104.51612903225808,438.38709677419354
1689,-73.91181834133872,1625.3108614933406,849.9507350557236,23.225806451612904,150.96774193548387,322.258064516129
1690,-270.602405624471,1278.9380522508059,329.0820137632146,11.612903225806452,46.45161290322581,159.67741935483872
1691,-1152.1738797908963,1329.4048328158458,-67.81546896515368,150.96774193548387,104.51612903225808,368.7096774193548
1692,241.81174192039805,1665.6645918674421,-1061.4512420341234,81.29032258064515,81.29032258064515,275.80645161290323
1693,16.895487952275445,1824.5894330266153,1036.289265656633,81.29032258064515,23.225806451612904,90.0
1694,518.2032226521534,1542.625210278663,362.59538916486775,104.51612903225808,34.83870967741935,380.32258064516134
1695,-70.32120267177717,1412.297981852399,-372.0710415453464,46.45161290322581,0.0,229.3548387096774
1696,-990.2038032767709,1311.9857151345348,-180.23435425393944,69.6774193548387,127.74193548387098,403.5483870967742
1697,-1587.2553201300636,1807.1748182329613,-385.1906611685273,34.83870967741935,69.6774193548387,148.06451612903226
1698,-697.5814561631042,1560.0420953294233,-662.8243356527634,104.51612903225808,162.5806451612903,322.258064516129
1699,-748.0794323319309,1672.8108983035631,-150.62916698036554,11.612903225806452,81.29032258064515,333.8709677419355
1700,-967.2356166191157,1765.1865115031367,333.73639651458865,69.6774193548387,162.5806451612903,252.5806451612903
1701,-461.33869696980855,1501.0779018011508,-169.80712723816146,69.6774193548387,127.74193548387098,101.61290322580645
1702,670.4356377123253,1418.8187524947,256.62900485202744,139.3548387096774,174.19354838709677,90.0
1703,208.77950921970518,1706.53637498037,-390.6427560700961,0.0,69.6774193548387,194.51612903225808
1704,644.6602288487044,1419.352243582259,587.3927187869764,127.74193548387098,150.96774193548387,287.41935483870964
1705,-301.0218921132216,1366.7538189189067,-449.67281543712056,69.6774193548387,92.90322580645162,229.3548387096774
1706,166.74983421461002,1251.6076367665378,236.93130335319327,150.96774193548387,150.96774193548387,159.67741935483872
1707,33.1708902814551,1552.688259281164,-554.5303137377928,81.29032258064515,162.5806451612903,229.3548387096774
1708,-702.1625067302241,1376.990054294886,-812.6120684467821,23.225806451612904,69.6774193548387,275.80645161290323
1709,-1034.9104471941487,1723.9768316177433,-724.3625155256483,162.5806451612903,104.51612903225808,206.1290322580645
1710,76.59784532760767,1824.7880679680925,344.81192628828836,0.0,150.96774193548387,182.90322580645162
1711,-415.6582670556855,1291.825269283445,784.070814246763,92.90322580645162,150.96774193548387,403.5483870967742
1712,291.8850848686347,1204.6399475240305,-23.926089425677954,150.96774193548387,127.74193548387098,345.48387096774195
1713,-840.0155540573274,1317.1493199972567,-139.65311927483626,104.51612903225808,139.3548387096774,403.5483870967742
1714,-151.03629245602798,1228.8061648230444,-324.66217616613864,162.5806451612903,58.06451612903226,368.7096774193548
1715,494.96688671208994,1240.3565522321876,526.201215872105,46.45161290322581,58.06451612903226,264.19354838709677
1716,1264.0292111930717,1691.401078780968,571.5073098392863,46.45161290322581,162.5806451612903,240.96774193548387
1717,-434.1077059040572,1667.7160982346059,883.3970866902611,81.29032258064515,174.19354838709677,159.67741935483872
1718,1034.5113895704847,1255.0774314427683,556.9731762903979,92.90322580645162,139.3548387096774,194.51612903225808
1719,583.8008074386228,1784.526069992929,329.4862345509085,23.225806451612904,127.74193548387098,333.8709677419355
1720,-9.651218968244457,1337.8807191770804,298.6969614768531,46.45161290322581,162.5806451612903,113.2258064516129
1721,1042.4228017614553,1373.1269765940372,-293.4081333922065,127.74193548387098,174.19354838709677,345.48387096774195
1722,1334.699955753429,1551.927903226358,-452.5474800093769,104.51612903225808,92.90322580645162,264.19354838709677
1723,-954.8623917496557,1781.955610996594,-70.39398506965071,139.3548387096774,116.12903225806453,333.8709677419355
1724,-970.4899109499465,1337.0404093536742,103.40825436896725,174.19354838709677,34.83870967741935,299.03225806451616
1725,550.8994712391989,1684.3412360732573,-537.0343700447968,92.90322580645162,104.51612903225808,229.3548387096774
1726,578.6469606061081,1440.3693155583544,546.1043483987188,34.83870967741935,69.6774193548387,368.7096774193548
1727,-345.640799904948,1514.9462042387086,823.7570596397424,69.6774193548387,92.90322580645162,287.41935483870964
1728,965.4047252861677,1420.0508241302507,675.1136508797301,92.90322580645162,46.45161290322581,403.5483870967742
1729,-336.8614631665526,1379.9759673316837,-472.9941886725311,69.6774193548387,69.6774193548387,415.1612903225806
1730,-273.18662166633595,1693.5461365926662,844.8693675666265,116.12903225806453,139.3548387096774,101.61290322580645
1731,-171.19057677334837,1817.801755182049,898.6008772736161,0.0,104.51612903225808,194.51612903225808
1732,-90.2128628253779,1399.2499823130886,359.7958282391122,69.6774193548387,69.6774193548387,182.90322580645162
1733,241.73998690378724,1766.854312842537,969.8952724448633,46.45161290322581,23.225806451612904,90.0
1734,1091.247091115253,1532.0212667931698,28.62636035235635,11.612903225806452,127.74193548387098,252.5806451612903
1735,1143.0030242732917,1341.8226312922955,11.622357598658972,46.45161290322581,11.612903225806452,113.2258064516129
1736,320.41484061065387,1410.0355855545604,413.0522256243861,104.51612903225808,46.45161290322581,136.4516129032258
1737,369.70122271622756,1452.8756167829047,497.95050080293544,92.90322580645162,174.19354838709677,357.0967741935484
1738,-703.965583378303,1781.7257266838562,-440.33482510200497,69.6774193548387,150.96774193548387,90.0
1739,885.2040582922907,1228.4352746527488,-145.6904652627939,92.90322580645162,46.45161290322581,426.77419354838713
1740,334.31406620279967,1438.55040082301,-366.83599830470024,174.19354838709677,162.5806451612903,182.90322580645162
1741,-58.486146580382936,1804.4439919829258,405.7720628226257,116.12903225806453,46.45161290322581,113.2258064516129
1742,751.6113533027503,1365.1177897913863,331.0599789070679,69.6774193548387,81.29032258064515,90.0
1743,660.9882471783445,1389.7832300058988,-148.45662436917263,34.83870967741935,0.0,159.67741935483872
1744,-1283.9710683817405,1561.7020242411686,261.09924238556187,81.29032258064515,139.3548387096774,438.38709677419354
1745,-1022.052368856451,1422.9105248458295,-790.0172039353929,34.83870967741935,150.96774193548387,345.48387096774195
1746,645.1809078118021,1569.6778109499198,382.7252069748365,162.5806451612903,69.6774193548387,148.06451612903226
1747,-1029.1718086727442,1380.9023396589944,-172.28272554368783,127.74193548387098,139.3548387096774,438.38709677419354
1748,-650.8874166995641,1467.0119745420373,-213.08288320623757,104.51612903225808,174.19354838709677,426.77419354838713
1749,-369.10262838553416,1520.0528266820943,943.6521475897472,81.29032258064515,92.90322580645162,403.5483870967742
1750,503.9574591313711,1406.3718576988122,-253.11812246217417,127.74193548387098,11.612903225806452,287.41935483870964
1751,-520.1620612698491,1702.83946851349,953.5421996042554,116.12903225806453,127.74193548387098,182.90322580645162
1752,-277.9649265549201,1327.0626145033998,-223.6558045042739,127.74193548387098,58.06451612903226,194.51612903225808
1753,958.1750918583828,1534.9354640548793,286.3762649395833,69.6774193548387,11.612903225806452,136.4516129032258
1754,-873.558141614602,1326.89476675925,663.4528015225209,116.12903225806453,139.3548387096774,415.1612903225806
1755,1198.397369231144,1838.9334463695668,487.08601281903793,58.06451612903226,23.225806451612904,240.96774193548387
1756,797.7877989340552,1740.3311033621094,548.4573659462816,104.51612903225808,11.612903225806452,182.90322580645162
1757,-1052.7002406128365,1812.7942898917397,-665.094323261124,104.51612903225808,11.612903225806452,90.0
1758,-342.82984554560176,1533.386935148739,-414.43111026318593,174.19354838709677,162.5806451612903,101.61290322580645
1759,-623.7855196386722,1752.6360742580166,-16.951038955724584,11.612903225806452,150.96774193548387,136.4516129032258
1760,-16.73372970724838,1351.7528313147657,-214.84554708581908,34.83870967741935,69.6774193548387,113.2258064516129
1761,-589.346070921664,1648.0742616157127,-898.1369797627979,162.5806451612903,23.225806451612904,252.5806451612903
1762,35.12853764892778,1752.5043642523592,-924.8572212993427,127.74193548387098,104.51612903225808,310.64516129032256
1763,850.3763294175789,1347.0078520122095,157.20808233517988,127.74193548387098,127.74193548387098,275.80645161290323
1764,292.8771481091303,1836.828934558708,-330.48919985732164,23.225806451612904,127.74193548387098,345.48387096774195
1765,496.79200226381823,1457.1965378504217,490.48974975456935,127.74193548387098,162.5806451612903,148.06451612903226
1766,-677.6284166162008,1240.7236330767112,584.7425946286927,127.74193548387098,46.45161290322581,159.67741935483872
1767,1005.9336819113197,1362.1100317011137,-429.1102308286549,11.612903225806452,58.06451612903226,322.258064516129
1768,-541.6675621905124,1667.6090310145096,-1003.315916930312,92.90322580645162,69.6774193548387,310.64516129032256
1769,642.6968625898178,1643.7841602694764,1025.7168738254602,92.90322580645162,69.6774193548387,229.3548387096774
1770,386.12596823836174,1302.2310819003771,103.90888861379892,92.90322580645162,116.12903225806453,182.90322580645162
1771,16.580943200820997,1325.472364482664,-586.1046324555086,104.51612903225808,150.96774193548387,391.93548387096774
1772,-85.81949739808756,1456.4046352288,-687.9080242631592,58.06451612903226,23.225806451612904,322.258064516129
1773,-364.03433599941053,1716.1403090454776,-660.0838133207714,139.3548387096774,174.19354838709677,391.93548387096774
1774,1004.5054367400869,1680.9506859031067,-640.8700999844848,81.29032258064515,23.225806451612904,345.48387096774195
1775,-1023.3645717317795,1401.832775760708,170.05007512995772,58.06451612903226,34.83870967741935,182.90322580645162
1776,55.782130385033035,1480.4993251646656,-295.68761122710566,150.96774193548387,139.3548387096774,333.8709677419355
1777,1053.4332124758225,1310.81477883177,-623.2239581482964,58.06451612903226,81.29032258064515,252.5806451612903
1778,-171.28150019531975,1423.4843957530777,-492.79358449722486,174.19354838709677,127.74193548387098,264.19354838709677
1779,62.574194973402975,1476.8260749364067,693.6959822638843,139.3548387096774,162.5806451612903,101.61290322580645
1780,755.3742962279211,1393.961445429768,814.479304454464,11.612903225806452,139.3548387096774,333.8709677419355
1781,333.80025864572644,1282.8594091428884,400.3466081830455,0.0,92.90322580645162,101.61290322580645
1782,-1066.263429931231,1276.6733970579714,579.6888058276297,139.3548387096774,34.83870967741935,333.8709677419355
1783,303.2806168621857,1484.316745113938,943.0581629713057,34.83870967741935,92.90322580645162,357.0967741935484
1784,551.9061720181163,1775.7277303246124,1049.0697627237114,34.83870967741935,150.96774193548387,403.5483870967742
1785,834.1247006492639,1592.7805152529406,-334.79284188796703,11.612903225806452,150.96774193548387,415.1612903225806
1786,-77.1060185763794,1529.5836226446188,-901.4093708956468,34.83870967741935,23.225806451612904,357.0967741935484
1787,-69.09010644895926,1226.5109815054652,147.8777507789829,139.3548387096774,11.612903225806452,101.61290322580645
1788,-377.7747223767584,1715.8561616232707,-527.6204273923497,162.5806451612903,127.74193548387098,171.29032258064515
1789,1397.044803549401,1775.5295305624613,113.12887896271882,174.19354838709677,127.74193548387098,333.8709677419355
1790,337.2948151347002,1306.0820390698602,-524.9736462721099,46.45161290322581,139.3548387096774,194.51612903225808
1791,848.7707621490697,1773.8636168443777,-587.1985003184885,174.19354838709677,92.90322580645162,368.7096774193548
1792,-834.3335827523564,1236.8857834910261,164.9724947870215,92.90322580645162,139.3548387096774,124.83870967741936
1793,-673.8212610335765,1436.481396898881,-838.1144529434742,139.3548387096774,81.29032258064515,368.7096774193548
1794,-21.10445006121111,1536.7806235386272,290.4220703328068,162.5806451612903,34.83870967741935,415.1612903225806
1795,-252.0240943619978,1665.7185106868199,391.60509647529926,0.0,34.83870967741935,90.0
1796,288.9843226587292,1397.437289340041,-1.0555769946728688,150.96774193548387,69.6774193548387,299.03225806451616
1797,872.7304628463795,1762.6271793890346,839.0522417087627,162.5806451612903,81.29032258064515,182.90322580645162
1798,-922.5147148385977,1326.235654631842,75.92628651909052,46.45161290322581,0.0,217.74193548387098
1799,-119.99703112948072,1533.8341523917916,-25.40029113526927,150.96774193548387,174.19354838709677,368.7096774193548
1800,-1028.5226442587687,1506.9834107823883,-209.24406281279877,23.225806451612904,139.3548387096774,438.38709677419354
1801,-239.77902557731082,1401.6710526996908,149.8053789026093,116.12903225806453,92.90322580645162,391.93548387096774
1802,687.6127136508964,1325.546733427179,458.34224387725,23.225806451612904,69.6774193548387,217.74193548387098
1803,79.89685607982241,1205.1887740068883,280.93617210595846,46.45161290322581,11.612903225806452,240.96774193548387
1804,133.83133759980268,1771.5672758726512,-141.3090937613914,162.5806451612903,69.6774193548387,240.96774193548387
1805,905.8328160604106,1767.885216809394,421.4859220581763,92.90322580645162,92.90322580645162,275.80645161290323
1806,872.5954922792024,1634.1206300166277,615.0526556940904,23.225806451612904,81.29032258064515,206.1290322580645
1807,-408.90543421115046,1359.6756718608426,152.84094550939872,174.19354838709677,127.74193548387098,403.5483870967742
1808,697.6850103601657,1245.857757235392,-704.837165196875,150.96774193548387,46.45161290322581,403.5483870967742
1809,-1029.0238719057395,1215.0794194735124,-510.58245949221737,58.06451612903226,139.3548387096774,124.83870967741936
1810,-752.7011863776917,1239.923971536727,-291.46506975595815,104.51612903225808,81.29032258064515,194.51612903225808
1811,1176.6830883595483,1434.1945138046583,759.2501198220156,11.612903225806452,127.74193548387098,159.67741935483872
1812,-1335.5513288818347,1621.9995624084036,218.69371515034786,69.6774193548387,46.45161290322581,287.41935483870964
1813,900.7414687458997,1589.620240424542,680.790567755725,46.45161290322581,174.19354838709677,333.8709677419355
1814,-670.8930692680191,1783.3930125938675,-425.15595536914077,162.5806451612903,46.45161290322581,113.2258064516129
1815,-843.9057482960948,1561.3107388965004,-478.77846322944515,116.12903225806453,58.06451612903226,391.93548387096774
1816,412.950720254937,1559.8754624709968,-379.9168622617169,34.83870967741935,23.225806451612904,182.90322580645162
1817,-606.0235597056596,1443.5907417112633,743.8639884344844,81.29032258064515,69.6774193548387,287.41935483870964
1818,294.267606469157,1846.866908120752,-584.5335100264964,81.29032258064515,0.0,171.29032258064515
1819,-742.4523738034105,1458.685011257737,538.5704591223575,116.12903225806453,150.96774193548387,403.5483870967742
1820,-1262.9727624586478,1432.4606147916945,31.834887203075724,23.225806451612904,46.45161290322581,357.0967741935484
1821,-1305.5437903814227,1629.651371431844,379.4497878185389,104.51612903225808,116.12903225806453,194.51612903225808
1822,72.8522881811994,1370.1864339911015,-498.18717076850805,116.12903225806453,11.612903225806452,310.64516129032256
1823,852.8398337097263,1578.1374613267851,-705.7564572731892,23.225806451612904,81.29032258064515,333.8709677419355
1824,514.1360246821024,1334.6590392910468,485.30466481333224,162.5806451612903,0.0,171.29032258064515
1825,827.956690475706,1687.686345083911,617.6312306462295,150.96774193548387,58.06451612903226,345.48387096774195
1826,1345.39403609439,1813.6921197542201,-198.9936159481296,11.612903225806452,92.90322580645162,148.06451612903226
1827,-1487.2392816185647,1794.0601783946818,-75.62365347877335,69.6774193548387,81.29032258064515,124.83870967741936
1828,1141.3591009188879,1402.8056581678618,416.0096397730479,150.96774193548387,34.83870967741935,275.80645161290323
1829,-546.7940533299947,1215.7036502755395,-645.0619556200996,139.3548387096774,139.3548387096774,171.29032258064515
1830,-362.60983664920303,1627.9260843474378,-78.17380976013801,23.225806451612904,34.83870967741935,182.90322580645162
1831,-1176.306654724395,1461.4993784594667,730.0639685018139,46.45161290322581,127.74193548387098,217.74193548387098
1832,-1013.1228044389943,1843.2103580154062,355.3123702472133,11.612903225806452,0.0,240.96774193548387
1833,-570.315680035565,1616.0984196291552,-745.6826472023089,139.3548387096774,104.51612903225808,426.77419354838713
1834,-733.9482744319133,1495.7362459152546,-150.89053571175714,34.83870967741935,162.5806451612903,90.0
1835,-1357.7161176689192,1786.8442429702732,474.45049319294196,58.06451612903226,127.74193548387098,90.0
1836,-982.7334474125923,1403.3934564588951,505.2279019396558,92.90322580645162,81.29032258064515,426.77419354838713
1837,821.6952308457874,1659.8399499834666,720.4369229876174,104.51612903225808,34.83870967741935,275.80645161290323
1838,572.323330130156,1474.9238537861756,20.616140362049507,58.06451612903226,11.612903225806452,113.2258064516129
1839,-1373.12782957005,1569.6481881506354,-523.7190758550806,139.3548387096774,69.6774193548387,299.03225806451616
1840,52.708669784464135,1796.1470053968305,-875.853408989321,127.74193548387098,104.51612903225808,322.258064516129
1841,44.83537353365339,1521.733734049128,246.01543342034998,23.225806451612904,92.90322580645162,380.32258064516134
1842,1057.45773083575,1537.6269501282375,-697.3538911709453,174.19354838709677,34.83870967741935,90.0
1843,-876.8270650635773,1384.9340126616635,-523.0878110429863,81.29032258064515,116.12903225806453,113.2258064516129
1844,153.12956773724142,1540.2867546542986,-953.760822924663,34.83870967741935,23.225806451612904,124.83870967741936
1845,-307.65202062063287,1632.8465342926595,932.3842960676037,174.19354838709677,139.3548387096774,287.41935483870964
1846,205.87882639970357,1371.6709358981445,-204.74019506326985,34.83870967741935,127.74193548387098,240.96774193548387
1847,1105.1670237139729,1781.6888520641314,-1040.4412613572586,58.06451612903226,174.19354838709677,101.61290322580645
1848,934.9077151418959,1431.5121864642365,-845.4188573970935,34.83870967741935,46.45161290322581,101.61290322580645
1849,-652.9969495451998,1219.0092620259668,-84.17034727856638,174.19354838709677,0.0,194.51612903225808
1850,-777.8968502786815,1202.5050173109194,461.4429775692694,0.0,23.225806451612904,171.29032258064515
1851,-1408.1668758810742,1719.483038485203,591.481278025709,58.06451612903226,11.612903225806452,299.03225806451616
1852,1552.8814348684932,1738.5213122467078,-548.1104936459237,139.3548387096774,23.225806451612904,182.90322580645162
1853,1036.1045243550227,1436.2965143218137,-573.4843455980096,69.6774193548387,23.225806451612904,182.90322580645162
1854,-523.5712786023956,1579.4589118117885,708.3607217574543,0.0,150.96774193548387,136.4516129032258
1855,-1337.5397777847354,1782.323283657837,334.02629485410034,174.19354838709677,116.12903225806453,113.2258064516129
1856,-309.9820555131648,1539.9404447527402,-220.08251458241136,23.225806451612904,11.612903225806452,287.41935483870964
1857,87.28813092517314,1632.9672374731388,1068.0962820625002,92.90322580645162,116.12903225806453,229.3548387096774
1858,-1497.404960530206,1670.4197750287638,-153.73163933488937,81.29032258064515,127.74193548387098,206.1290322580645
1859,1023.254977369493,1705.643055760823,134.55484268374852,139.3548387096774,34.83870967741935,426.77419354838713
1860,-352.1956474618861,1301.7865212588872,-118.48403609456301,139.3548387096774,69.6774193548387,206.1290322580645
1861,-900.3321548717194,1423.2964231961582,731.6636013600469,104.51612903225808,150.96774193548387,182.90322580645162
1862,-315.8358161074192,1555.6854701667046,-863.7755263020586,11.612903225806452,23.225806451612904,113.2258064516129
1863,112.09547183806254,1294.6886160714773,-674.9970340834318,81.29032258064515,11.612903225806452,217.74193548387098
1864,-858.5763621883789,1391.9604740699417,754.7815982970204,174.19354838709677,116.12903225806453,194.51612903225808
1865,-897.7134417296478,1281.9104194515578,-718.5764424429861,139.3548387096774,150.96774193548387,275.80645161290323
1866,-1269.9765543461297,1620.1828397699717,-488.2385004393143,81.29032258064515,34.83870967741935,345.48387096774195
1867,667.7378797731509,1802.5788005932448,564.089809214282,174.19354838709677,150.96774193548387,275.80645161290323
1868,832.6435228842848,1325.4213637072169,-134.6707008869621,34.83870967741935,81.29032258064515,403.5483870967742
1869,787.2137615535598,1605.2411786443763,485.1764070912198,46.45161290322581,11.612903225806452,380.32258064516134
1870,113.1821508318458,1605.1890343003943,-299.1704423021619,150.96774193548387,150.96774193548387,299.03225806451616
1871,343.6219575419,1292.5999018674759,-120.35702645936324,34.83870967741935,104.51612903225808,124.83870967741936
1872,-1335.1774324225685,1560.7718057881534,-670.1021597023545,150.96774193548387,58.06451612903226,136.4516129032258
1873,-464.3088321225019,1794.0538091587837,-297.4369707934441,11.612903225806452,104.51612903225808,310.64516129032256
1874,358.2305635462591,1408.5823606137365,216.10114100549484,116.12903225806453,11.612903225806452,415.1612903225806
1875,429.5895900696705,1269.3980314762255,-109.65369084255326,127.74193548387098,34.83870967741935,333.8709677419355
1876,1478.8939424217758,1696.062295873444,-953.9567928967676,150.96774193548387,69.6774193548387,206.1290322580645
1877,-727.2981865488441,1388.9278424935237,-281.49917073245894,127.74193548387098,150.96774193548387,113.2258064516129
1878,-38.205384038261236,1621.5979552790013,695.3546819830358,139.3548387096774,116.12903225806453,194.51612903225808
1879,-979.1394578230726,1293.2678500677268,-755.0304037790706,81.29032258064515,174.19354838709677,438.38709677419354
1880,471.9508175151071,1357.3624034379736,765.4473499479474,23.225806451612904,34.83870967741935,438.38709677419354
1881,-619.2157736529621,1529.0904262898898,696.3248130783231,150.96774193548387,11.612903225806452,229.3548387096774
1882,323.8727904049396,1457.1592118627336,-912.7355288348572,34.83870967741935,23.225806451612904,194.51612903225808
1883,800.1967955289374,1664.289579208526,-580.0459701574897,11.612903225806452,127.74193548387098,287.41935483870964
1884,660.6621235623538,1304.5403396556626,802.535437868684,162.5806451612903,46.45161290322581,391.93548387096774
1885,1212.8354759115305,1449.5614007058703,79.19297827949521,58.06451612903226,162.5806451612903,299.03225806451616
1886,-110.17759521919572,1713.2507894492371,996.448373954003,162.5806451612903,11.612903225806452,229.3548387096774
1887,-664.6504161591718,1749.4105444752859,593.1889629732964,104.51612903225808,162.5806451612903,333.8709677419355
1888,-182.2170460265994,1653.0071506875463,-483.1842015152568,58.06451612903226,23.225806451612904,333.8709677419355
1889,-15.286624486704348,1543.9771221270826,-647.0939462203692,127.74193548387098,46.45161290322581,357.0967741935484
1890,-32.45329852820866,1847.3063245775488,-759.9598099486204,11.612903225806452,58.06451612903226,148.06451612903226
1891,899.1466030044396,1367.0438725106021,342.917478035646,92.90322580645162,23.225806451612904,217.74193548387098
1892,-663.2719736262266,1278.0476534405036,-94.40267150006738,0.0,34.83870967741935,148.06451612903226
1893,-1043.9367507156733,1291.316982119629,779.6371280933828,11.612903225806452,127.74193548387098,368.7096774193548
1894,1349.4563477876918,1553.9577292714355,575.3265353305455,58.06451612903226,46.45161290322581,194.51612903225808
1895,-760.5701939560547,1418.8447958399604,-702.8999969545531,104.51612903225808,11.612903225806452,194.51612903225808
1896,734.8021813013756,1596.080578755227,1043.5473458981846,139.3548387096774,174.19354838709677,124.83870967741936
1897,-1025.2950089157105,1242.4658958681,-63.99128368762579,92.90322580645162,92.90322580645162,415.1612903225806
1898,-1372.8128900194179,1778.60832320988,294.8372895757812,150.96774193548387,127.74193548387098,113.2258064516129
1899,-942.0057247205837,1779.504618200705,125.13092895892922,174.19354838709677,46.45161290322581,101.61290322580645
1900,-297.1383548801409,1843.69830586892,529.8562667081484,127.74193548387098,69.6774193548387,426.77419354838713
1901,220.66488723541565,1379.2030139930782,277.2970186546031,127.74193548387098,127.74193548387098,345.48387096774195
1902,-1097.0307489886372,1385.3006524630184,-253.2990538686044,34.83870967741935,46.45161290322581,415.1612903225806
1903,248.93662566108895,1467.2216107935217,355.2254263924864,92.90322580645162,34.83870967741935,438.38709677419354
1904,-485.34005350825106,1243.6041162675263,-449.9429468675338,58.06451612903226,150.96774193548387,287.41935483870964
1905,-1153.102912993967,1461.693276778444,-297.32042247837177,174.19354838709677,127.74193548387098,380.32258064516134
1906,81.69074691921043,1354.1794166352581,-308.10691736093344,34.83870967741935,92.90322580645162,415.1612903225806
1907,406.6285213743647,1768.2111072872265,750.827565634079,92.90322580645162,11.612903225806452,415.1612903225806
1908,-991.9854769979603,1251.8109092139607,-503.18684380151683,92.90322580645162,104.51612903225808,345.48387096774195
1909,-430.0892131143657,1393.0961730278618,-157.83784589842523,104.51612903225808,139.3548387096774,357.0967741935484
1910,-246.62385534754742,1751.762468629238,892.7574323022071,46.45161290322581,92.90322580645162,101.61290322580645
1911,1143.6774194874906,1550.2617458306584,547.0029211516445,69.6774193548387,46.45161290322581,252.5806451612903
1912,-391.6638651661799,1534.3465088515468,-229.55353384533686,139.3548387096774,81.29032258064515,380.32258064516134
1913,941.4316747807454,1464.54534847176,-385.71912383369084,150.96774193548387,81.29032258064515,194.51612903225808
1914,258.6488143749218,1765.4035995626664,-1099.5908038276998,81.29032258064515,69.6774193548387,182.90322580645162
1915,-110.96643552714394,1267.2589394324473,277.33195260905495,104.51612903225808,162.5806451612903,275.80645161290323
1916,-880.8353192140063,1348.2990782645188,856.2176296397029,150.96774193548387,127.74193548387098,101.61290322580645
1917,114.25129220910026,1695.1702513142152,814.641566697816,81.29032258064515,69.6774193548387,101.61290322580645
1918,138.3764285537165,1569.055875387876,817.3461267338716,139.3548387096774,81.29032258064515,391.93548387096774
1919,992.8181481164911,1481.3768527781751,96.18087895423422,104.51612903225808,162.5806451612903,159.67741935483872
1920,-543.4331748463771,1215.3613181891299,378.24567059231384,104.51612903225808,69.6774193548387,124.83870967741936
1921,-519.7005729876764,1558.0691005754345,-674.5412248029485,81.29032258064515,46.45161290322581,275.80645161290323
1922,952.8926271297485,1267.9936785722816,-182.32585729053437,92.90322580645162,139.3548387096774,345.48387096774195
1923,-223.7634304234767,1741.9829146788356,-435.259539883339,11.612903225806452,104.51612903225808,159.67741935483872
1924,-1298.7040382878295,1651.264131832108,-738.6140248977944,92.90322580645162,174.19354838709677,240.96774193548387
1925,45.30638213859923,1826.7062145424222,-836.4511987227452,139.3548387096774,69.6774193548387,403.5483870967742
1926,405.4252628807692,1496.866070052075,948.1859713326622,34.83870967741935,116.12903225806453,368.7096774193548
1927,1460.367456590766,1619.1144413996046,421.646364696403,162.5806451612903,81.29032258064515,148.06451612903226
1928,-956.9847665566522,1560.0338957924084,983.8539707924645,11.612903225806452,34.83870967741935,148.06451612903226
1929,676.388398229035,1602.5869182537751,912.9802570876569,174.19354838709677,34.83870967741935,229.3548387096774
1930,-944.9344330507033,1347.5998610154547,39.80836798399796,34.83870967741935,58.06451612903226,171.29032258064515
1931,1261.9620639143652,1659.1895811295028,-551.8286643512342,139.3548387096774,46.45161290322581,391.93548387096774
1932,-518.8880874276755,1272.9604533112677,422.7422133433963,23.225806451612904,174.19354838709677,426.77419354838713
1933,372.72102571147576,1314.8005815540284,723.7168787856023,34.83870967741935,11.612903225806452,217.74193548387098
1934,-1047.2382292110158,1618.1803012294367,-106.08913102115824,46.45161290322581,92.90322580645162,275.80645161290323
1935,-1278.4219003578933,1658.6627787159496,588.6161863604394,139.3548387096774,162.5806451612903,391.93548387096774
1936,774.3445924094399,1614.2898019518882,254.0332681683319,23.225806451612904,23.225806451612904,194.51612903225808
1937,-1017.2997246645092,1691.1425880628701,-1095.6054242577352,11.612903225806452,139.3548387096774,299.03225806451616
1938,-663.2223255541394,1276.2545694977168,662.5997827146106,46.45161290322581,46.45161290322581,206.1290322580645
1939,425.90078439904653,1516.8169669793122,-881.0724291859733,58.06451612903226,58.06451612903226,136.4516129032258
1940,1007.4581423053662,1689.536925670042,-384.61095552250504,34.83870967741935,127.74193548387098,368.7096774193548
1941,-78.8785804982794,1263.6275209602413,59.18284585324596,127.74193548387098,58.06451612903226,322.258064516129
1942,1191.8826528116074,1530.7622747060125,941.9620629755601,69.6774193548387,11.612903225806452,380.32258064516134
1943,1419.1126847242713,1645.6341589597343,626.0808304239681,69.6774193548387,69.6774193548387,322.258064516129
1944,1151.2640020729896,1366.8493683198478,-26.045624491131925,23.225806451612904,34.83870967741935,113.2258064516129
1945,-1001.57916155199,1269.2817915086848,550.6188512369158,127.74193548387098,150.96774193548387,415.1612903225806
1946,-739.8286770763241,1596.8406618323054,-1009.9969621422739,174.19354838709677,174.19354838709677,322.258064516129
1947,-934.3684263808253,1642.4422110160772,-960.9899021987744,150.96774193548387,81.29032258064515,206.1290322580645
1948,169.82425633103412,1558.723880660795,171.90569292592937,127.74193548387098,58.06451612903226,217.74193548387098
1949,41.98174373356647,1657.4001685255628,-77.64729984369279,92.90322580645162,81.29032258064515,159.67741935483872
1950,-943.682960211866,1267.344030930903,358.167356067494,58.06451612903226,174.19354838709677,217.74193548387098
1951,36.18441806961954,1210.5982045041535,87.5040403963574,11.612903225806452,58.06451612903226,194.51612903225808
1952,411.38836501659364,1776.2947718813361,102.76028001810715,58.06451612903226,127.74193548387098,264.19354838709677
1953,669.2890729256169,1739.6983122370748,321.60345073588485,174.19354838709677,162.5806451612903,287.41935483870964
1954,629.8967635679586,1439.780548767196,676.9188203611494,127.74193548387098,46.45161290322581,124.83870967741936
1955,-888.9881340191658,1362.7760014975536,-530.3820678595113,162.5806451612903,92.90322580645162,345.48387096774195
1956,-998.8354586789562,1631.4527226464297,-565.8146506327059,69.6774193548387,23.225806451612904,310.64516129032256
1957,1241.6451720358264,1728.4283505411888,-419.24589743129604,150.96774193548387,81.29032258064515,368.7096774193548
1958,-629.5261563331002,1261.198202406211,-578.5552014422403,81.29032258064515,11.612903225806452,357.0967741935484
1959,-1007.8907654793669,1286.9127816842101,729.6467433312093,116.12903225806453,174.19354838709677,333.8709677419355
1960,-800.1301469552992,1440.7567103578697,-609.5736091241525,104.51612903225808,11.612903225806452,380.32258064516134
1961,-895.7616741791394,1464.306653558322,-941.8410800165046,34.83870967741935,139.3548387096774,415.1612903225806
1962,-608.9638714216496,1259.00199939981,431.7988450946222,23.225806451612904,92.90322580645162,252.5806451612903
1963,1086.80700514469,1250.4834556956587,-537.4584757848062,92.90322580645162,34.83870967741935,275.80645161290323
1964,-299.12017346424557,1483.4220685927673,-191.22451138767093,34.83870967741935,162.5806451612903,217.74193548387098
1965,-384.6344856005576,1669.7119466709844,-919.584230160809,11.612903225806452,127.74193548387098,240.96774193548387
1966,-1282.2953405090282,1607.7293024771147,791.4790135581535,104.51612903225808,58.06451612903226,368.7096774193548
1967,575.2061380727579,1682.2270616585008,1086.1814558455271,127.74193548387098,127.74193548387098,252.5806451612903
1968,-484.38335188539054,1510.833985419576,-872.4366264297273,81.29032258064515,0.0,194.51612903225808
1969,1189.3783126819785,1663.1085270426602,720.1392068346975,58.06451612903226,139.3548387096774,391.93548387096774
1970,506.3425872123238,1411.1264785473873,847.6303350126611,174.19354838709677,150.96774193548387,264.19354838709677
1971,-328.6096606578674,1614.7188448208642,-75.0118255829424,150.96774193548387,34.83870967741935,299.03225806451616
1972,-561.4723051048738,1755.5337395111942,900.9188325334483,162.5806451612903,69.6774193548387,310.64516129032256
1973,-519.4766078496583,1543.0438829924224,-131.81309991696696,139.3548387096774,58.06451612903226,217.74193548387098
1974,-91.2887744633963,1793.951116515272,-529.3752882253835,162.5806451612903,46.45161290322581,90.0
1975,-1134.0679305945453,1314.475852494005,-670.5455564342501,92.90322580645162,58.06451612903226,171.29032258064515
1976,1049.8379503783701,1666.6797288127789,-74.99706015556046,127.74193548387098,69.6774193548387,194.51612903225808
1977,-856.2842110518709,1687.014698112259,-305.79034386715466,81.29032258064515,162.5806451612903,217.74193548387098
1978,482.50419130259274,1817.38853812728,313.27281949116514,116.12903225806453,58.06451612903226,299.03225806451616
1979,638.0616648286538,1313.9890452269774,338.93987103757473,69.6774193548387,69.6774193548387,148.06451612903226
1980,-1275.254119933347,1560.0191821773735,-816.7142296301537,11.612903225806452,127.74193548387098,391.93548387096774
1981,1175.7253913556956,1421.0243132497387,391.25948463853337,174.19354838709677,81.29032258064515,113.2258064516129
1982,1000.7643504704636,1710.6644135656084,95.32124403008666,150.96774193548387,46.45161290322581,345.48387096774195
1983,-7.839585446249409,1735.3396906917048,1017.7025574948534,104.51612903225808,127.74193548387098,415.1612903225806
1984,39.361453597002516,1665.0060522877347,-195.63954659819876,0.0,58.06451612903226,182.90322580645162
1985,-559.5919221549068,1412.8086006267674,1.4786498033565465,150.96774193548387,174.19354838709677,90.0
1986,736.3520584569882,1666.7293412546805,-702.860695249286,139.3548387096774,139.3548387096774,275.80645161290323
1987,765.9808301253651,1287.285977050285,240.53026207722414,116.12903225806453,34.83870967741935,136.4516129032258
1988,-642.9359485923881,1264.3837536937685,15.323628775568388,34.83870967741935,23.225806451612904,403.5483870967742
1989,-1064.6393827641127,1726.693179860938,269.7843262941568,11.612903225806452,104.51612903225808,101.61290322580645
1990,-1032.640458171043,1789.997882766118,-73.24857482477239,92.90322580645162,104.51612903225808,90.0
1991,-953.5923354002426,1210.1035758695368,-180.8386430724007,116.12903225806453,139.3548387096774,124.83870967741936
1992,-1276.2124837992922,1836.527797513854,1015.5914560608288,116.12903225806453,34.83870967741935,264.19354838709677
1993,-334.7295430823269,1680.6494958186004,-450.6709513652139,46.45161290322581,127.74193548387098,113.2258064516129
1994,620.0451300973208,1260.321393375203,-353.74497473603424,23.225806451612904,139.3548387096774,171.29032258064515
1995,1180.3950306057748,1840.9868345743362,-421.43202715238,116.12903225806453,174.19354838709677,415.1612903225806
1996,-892.5291262673344,1730.4889871022986,776.5602019350348,58.06451612903226,11.612903225806452,240.96774193548387
1997,-888.0610053082366,1358.6893397397976,191.34723428089728,174.19354838709677,162.5806451612903,345.48387096774195
1998,635.9994362534486,1802.553807348874,-437.3989026100031,46.45161290322581,127.74193548387098,357.0967741935484
1999,-990.9384644729494,1531.6663744025598,301.9201895432765,174.19354838709677,34.83870967741935,182.90322580645162
2000,921.6642744697772,1716.1043566154237,901.9510891364332,139.3548387096774,69.6774193548387,415.1612903225806
2001,484.7755539685382,1618.2939307809147,-872.7217404243147,116.12903225806453,150.96774193548387,287.41935483870964
2002,655.6519342386296,1466.91747496846,-348.319661836931,46.45161290322581,58.06451612903226,357.0967741935484
2003,-736.7544288902681,1402.8009229065844,-260.43190825827514,116.12903225806453,34.83870967741935,357.0967741935484
2004,1184.9511261884902,1742.121777728646,-1020.0976955704249,58.06451612903226,174.19354838709677,368.7096774193548
2005,-824.5742495785596,1287.5584470156623,-585.6017610054114,116.12903225806453,11.612903225806452,229.3548387096774
2006,-1124.7025619372848,1466.8518083638583,-575.7535974531435,46.45161290322581,81.29032258064515,403.5483870967742
2007,-46.6021433786139,1302.6162121778723,-371.4560304859808,139.3548387096774,11.612903225806452,206.1290322580645
2008,-686.671522756256,1328.9106380536882,-523.6616483682055,104.51612903225808,92.90322580645162,391.93548387096774
2009,32.637781852633374,1623.7119969520186,-114.38420985490652,104.51612903225808,81.29032258064515,368.7096774193548
2010,1414.5391152057634,1612.7269491745928,-1017.9022028812224,81.29032258064515,0.0,136.4516129032258
2011,1188.3993790667623,1832.8714667736936,-1024.2881754090865,104.51612903225808,127.74193548387098,182.90322580645162
2012,-627.8023607888429,1846.692051430144,890.0083072514693,174.19354838709677,92.90322580645162,275.80645161290323
2013,865.8513003912178,1777.3815594690052,607.5668379920454,46.45161290322581,46.45161290322581,287.41935483870964
2014,-1386.5284286916672,1585.4177346740514,-46.939315570136486,0.0,116.12903225806453,194.51612903225808
2015,-1597.0007815714919,1795.4596665060983,-814.2903288482266,162.5806451612903,139.3548387096774,310.64516129032256
2016,-234.4626606734229,1315.5693029491545,-504.55018533263063,58.06451612903226,81.29032258064515,275.80645161290323
2017,-841.4179263298507,1742.276626237228,498.9139760772991,11.612903225806452,162.5806451612903,229.3548387096774
2018,26.795192458099137,1266.5721356480863,-629.5562213858834,46.45161290322581,69.6774193548387,438.38709677419354
2019,-1405.5372575888234,1597.6161083046477,-831.746082934221,81.29032258064515,127.74193548387098,229.3548387096774
2020,322.48159287682955,1655.9488486436287,-374.3682794252515,127.74193548387098,34.83870967741935,403.5483870967742
2021,-814.4474850672941,1246.8824341327597,-443.54752559881706,150.96774193548387,34.83870967741935,333.8709677419355
2022,-261.4356087188213,1282.2544236324961,-633.2939161884401,81.29032258064515,23.225806451612904,252.5806451612903
2023,363.0834065253607,1547.5194357091023,903.1277078990506,127.74193548387098,116.12903225806453,299.03225806451616
2024,896.1843287923131,1725.9120986849216,-594.3712029867493,174.19354838709677,58.06451612903226,240.96774193548387
2025,-262.0790008168326,1326.397164290189,736.5865462669569,92.90322580645162,92.90322580645162,159.67741935483872
2026,1022.0906606722189,1368.8299861025785,772.1847011038518,92.90322580645162,162.5806451612903,229.3548387096774
2027,1027.2914625428907,1524.767641194943,359.7229271642272,139.3548387096774,92.90322580645162,124.83870967741936
2028,327.3598016575186,1500.0898327677244,552.0920445352875,23.225806451612904,34.83870967741935,357.0967741935484
2029,-568.7483498716609,1761.8653264778843,-62.63486965174483,162.5806451612903,127.74193548387098,206.1290322580645
2030,291.71197748007233,1234.5461542221176,-604.6939799787933,23.225806451612904,150.96774193548387,148.06451612903226
2031,895.3825665528417,1325.0072269913837,-431.57527698995597,46.45161290322581,58.06451612903226,194.51612903225808
2032,146.4813513973894,1225.2899422211228,491.365017870854,92.90322580645162,116.12903225806453,368.7096774193548
2033,918.1247753993979,1481.819620590207,-350.9668559174809,162.5806451612903,81.29032258064515,426.77419354838713
2034,839.394439001142,1471.716382297335,-119.19480779511247,58.06451612903226,58.06451612903226,310.64516129032256
2035,-629.2128225784858,1387.8007329613476,-518.7145729556621,11.612903225806452,23.225806451612904,124.83870967741936
2036,-289.3081374134333,1424.9151316828825,-509.40647161712843,162.5806451612903,23.225806451612904,113.2258064516129
2037,1081.5770004494202,1395.0158613380588,-811.6124327076944,104.51612903225808,34.83870967741935,159.67741935483872
2038,63.452713020550355,1337.4456853781348,-491.11100066319847,46.45161290322581,116.12903225806453,403.5483870967742
2039,-815.3092937840705,1527.0507223190243,182.174784658592,92.90322580645162,11.612903225806452,90.0
2040,932.1020739258358,1772.2546015954329,-315.9669815003838,162.5806451612903,58.06451612903226,380.32258064516134
2041,526.3435062857752,1833.243824623959,583.2630095681193,104.51612903225808,34.83870967741935,322.258064516129
2042,-649.1207140107192,1703.5546197011968,1063.5268388878144,11.612903225806452,150.96774193548387,275.80645161290323
2043,-938.0322366067963,1278.74064162229,-654.3349027195344,58.06451612903226,0.0,217.74193548387098
2044,-366.94786348261454,1350.0480987715905,-287.9180743589048,150.96774193548387,104.51612903225808,194.51612903225808
2045,831.5501096070749,1501.2189411814165,347.9817828917037,150.96774193548387,174.19354838709677,380.32258064516134
2046,450.53170017704076,1303.0892039858043,-120.26974826986576,104.51612903225808,81.29032258064515,380.32258064516134
2047,-157.86582932057823,1489.9528881332938,191.32034047444523,81.29032258064515,34.83870967741935,426.77419354838713
2048,850.2212489956154,1660.288921362224,-484.05612243488116,92.90322580645162,69.6774193548387,299.03225806451616
2049,-846.2420370747326,1347.6192867351112,-707.4212457867557,69.6774193548387,92.90322580645162,206.1290322580645
2050,-274.7176024633911,1569.7351503543614,-226.1804382176514,104.51612903225808,92.90322580645162,345.48387096774195
2051,-1355.9936157120135,1643.2095909763984,430.2176685681106,127.74193548387098,104.51612903225808,380.32258064516134
2052,-1062.9196964176467,1395.9795031274666,449.3835946144014,58.06451612903226,162.5806451612903,438.38709677419354
2053,304.93635084897886,1713.517418562636,755.6702857367014,69.6774193548387,23.225806451612904,217.74193548387098
2054,-228.41791439582943,1470.092786355609,-140.60175066244938,23.225806451612904,150.96774193548387,206.1290322580645
2055,-265.13538070896294,1340.1799428106715,-654.0028070156092,174.19354838709677,150.96774193548387,206.1290322580645
2056,476.718067478081,1368.787939238291,-574.15312016898,11.612903225806452,127.74193548387098,90.0
2057,-931.999809437027,1390.6199033310222,831.4477223550117,150.96774193548387,150.96774193548387,229.3548387096774
2058,321.74487237582616,1587.2096801264097,-723.056869940361,23.225806451612904,116.12903225806453,229.3548387096774
2059,645.7971345622271,1547.006735162302,-410.2138491466172,116.12903225806453,23.225806451612904,252.5806451612903
2060,-1192.408163128498,1583.5827229290214,-149.38285382971975,139.3548387096774,127.74193548387098,90.0
2061,-27.533374571350855,1716.0616295982038,-410.9763467484091,127.74193548387098,174.19354838709677,113.2258064516129
2062,-184.61188558007393,1609.4478535186333,568.857864286344,34.83870967741935,81.29032258064515,159.67741935483872
2063,-1086.7452820001238,1411.1057058195554,-222.1487625490056,127.74193548387098,162.5806451612903,101.61290322580645
2064,738.692236139856,1278.5925332334468,-163.06625970479152,116.12903225806453,23.225806451612904,101.61290322580645
2065,980.9553543539108,1635.5070894427101,350.34301293997885,23.225806451612904,116.12903225806453,182.90322580645162
2066,576.1236657654702,1273.520093380937,-528.4564218993997,0.0,162.5806451612903,101.61290322580645
2067,-825.041474422621,1461.513939243154,925.1627638360409,34.83870967741935,104.51612903225808,136.4516129032258
2068,1617.1781464894175,1784.3930887278316,-81.29944676387382,116.12903225806453,11.612903225806452,217.74193548387098
2069,-1164.222549159778,1409.8472814764007,-530.261489371946,0.0,23.225806451612904,90.0
2070,-544.229742866279,1845.6034551403548,222.44368941857627,11.612903225806452,116.12903225806453,194.51612903225808
2071,-684.8539872792142,1788.0053960331325,670.4961135106219,23.225806451612904,139.3548387096774,310.64516129032256
2072,-999.6810091432583,1689.927558649476,424.0652281726161,11.612903225806452,174.19354838709677,101.61290322580645
2073,886.6949270778545,1219.512099628932,461.2650507211743,0.0,116.12903225806453,217.74193548387098
2074,1277.008799893069,1559.028795502607,1006.5378218543641,139.3548387096774,58.06451612903226,426.77419354838713
2075,-842.9069803877794,1246.2106842021522,-575.5665430050907,46.45161290322581,46.45161290322581,438.38709677419354
2076,263.15476564167693,1743.6209169333702,-220.76247971005392,58.06451612903226,150.96774193548387,252.5806451612903
2077,1424.766966748108,1724.6245737365925,141.57853413060747,127.74193548387098,139.3548387096774,206.1290322580645
2078,-548.53943922019,1611.2651649960685,-374.1579407005817,92.90322580645162,58.06451612903226,287.41935483870964
2079,-1501.1089558865694,1726.5793556332958,338.73809877833946,34.83870967741935,162.5806451612903,101.61290322580645
2080,-1099.3981217928574,1553.4917435343177,317.95133449364636,162.5806451612903,116.12903225806453,101.61290322580645
2081,921.6072596898704,1615.8099030512737,-433.29148431348557,162.5806451612903,34.83870967741935,299.03225806451616
2082,938.4647631430671,1477.3015112501043,592.6269301660866,127.74193548387098,127.74193548387098,159.67741935483872
2083,-1131.9314996948397,1721.0253457798249,570.3838194354647,162.5806451612903,104.51612903225808,368.7096774193548
2084,1226.9055239932761,1812.785550430273,-533.4276273556433,34.83870967741935,58.06451612903226,287.41935483870964
2085,514.7025505803351,1239.1407527698777,299.24366230866644,11.612903225806452,150.96774193548387,206.1290322580645
2086,1079.7525712611173,1561.206689031479,-212.03959369736526,92.90322580645162,162.5806451612903,391.93548387096774
2087,-705.6452905594055,1298.18202909131,-538.1214377416165,127.74193548387098,81.29032258064515,171.29032258064515
2088,-590.0462086067358,1267.5014993482566,733.7457375555585,92.90322580645162,162.5806451612903,438.38709677419354
2089,-656.4137450398085,1241.4065881573772,-297.84557359194093,46.45161290322581,81.29032258064515,113.2258064516129
2090,-263.7734845569121,1330.189987364724,817.9237121212594,162.5806451612903,69.6774193548387,194.51612903225808
2091,-849.0691610855205,1807.1949089741672,1128.1566410675366,0.0,92.90322580645162,206.1290322580645
2092,-1577.7775888784295,1798.6487533845761,1094.4403814452937,104.51612903225808,69.6774193548387,426.77419354838713
2093,-1267.3414677781375,1597.620506931863,1008.0562017225402,116.12903225806453,58.06451612903226,345.48387096774195
2094,1000.9147611546682,1325.995353356986,-333.7900649302294,81.29032258064515,46.45161290322581,182.90322580645162
2095,692.1865234710205,1226.885367296701,-593.0012150862989,92.90322580645162,150.96774193548387,333.8709677419355
2096,1039.4631890136848,1302.2639803136506,-422.54333594965993,127.74193548387098,92.90322580645162,426.77419354838713
2097,58.84366921165558,1533.1059868442794,-427.1823605468738,11.612903225806452,150.96774193548387,182.90322580645162
2098,792.743659606206,1251.5851489385568,360.03901442996823,0.0,162.5806451612903,240.96774193548387
2099,-526.0944498745134,1345.1600801338914,-829.6667130897576,139.3548387096774,81.29032258064515,333.8709677419355
2100,-790.7548696333477,1363.9980272086689,-848.8242395384542,46.45161290322581,69.6774193548387,206.1290322580645
2101,-1121.1719334680981,1775.1254465277048,-823.4891050609772,139.3548387096774,34.83870967741935,380.32258064516134
2102,-36.46094545943992,1361.410091333638,-318.0727218639346,46.45161290322581,104.51612903225808,113.2258064516129
2103,-1546.1059956863305,1763.7735263861384,1051.5834802233853,23.225806451612904,150.96774193548387,391.93548387096774
2104,752.6566675524941,1231.6362225241016,-211.370009975073,174.19354838709677,92.90322580645162,90.0
2105,-1241.1439443918891,1391.2687665460353,521.4247945304363,162.5806451612903,81.29032258064515,438.38709677419354
2106,-2.1353836189479836,1585.9989694576523,-449.7730090981706,162.5806451612903,46.45161290322581,357.0967741935484
2107,534.7111619537241,1208.647837415616,338.9050259894436,92.90322580645162,58.06451612903226,240.96774193548387
2108,-0.18067942792363567,1426.5355551088278,918.6985608725902,11.612903225806452,92.90322580645162,299.03225806451616
2109,477.51515262222364,1502.1250253922387,855.2407445340586,139.3548387096774,58.06451612903226,299.03225806451616
2110,-1454.1134087028986,1725.3265735001057,610.3004437095665,139.3548387096774,81.29032258064515,264.19354838709677
2111,-650.6046193903845,1476.0768783743015,940.3385481112997,92.90322580645162,127.74193548387098,182.90322580645162
2112,904.0121320894901,1618.7321450455242,-112.953340827635,58.06451612903226,23.225806451612904,217.74193548387098
2113,-456.18579031194565,1823.6397320252038,186.54263126270774,69.6774193548387,104.51612903225808,264.19354838709677
2114,33.353925341139856,1802.5841894258874,736.3599874070202,150.96774193548387,11.612903225806452,310.64516129032256
2115,-911.3084277552609,1656.6770400001574,582.456978403407,116.12903225806453,11.612903225806452,299.03225806451616
2116,447.1120158875157,1530.8459458125942,517.8477948950297,46.45161290322581,92.90322580645162,252.5806451612903
2117,-380.56181226410325,1725.1336423590792,1065.3756359084518,139.3548387096774,139.3548387096774,322.258064516129
2118,668.4881805333331,1459.8433328272615,328.5597900849407,104.51612903225808,11.612903225806452,171.29032258064515
2119,-773.0351989834102,1400.1260869496393,488.7155969796718,58.06451612903226,162.5806451612903,333.8709677419355
2120,-450.4040708744775,1358.4897877612057,-588.3290166553409,69.6774193548387,139.3548387096774,124.83870967741936
2121,1063.8621696510659,1366.7614542790939,-656.7524885327969,46.45161290322581,174.19354838709677,310.64516129032256
2122,1065.3141709766649,1315.6082625818087,467.5991190643236,116.12903225806453,69.6774193548387,159.67741935483872
2123,865.9404736671853,1422.2358165945232,-851.442698280548,150.96774193548387,92.90322580645162,380.32258064516134
2124,167.2210043643533,1367.1367973025976,425.36248511914516,150.96774193548387,162.5806451612903,113.2258064516129
2125,-310.58836802780405,1507.5895736922364,-930.2212768697447,11.612903225806452,174.19354838709677,333.8709677419355
2126,275.47721083265344,1380.3167568360823,561.6411752275424,92.90322580645162,127.74193548387098,403.5483870967742
2127,-734.5838524278751,1221.5028196135736,496.35220110833666,69.6774193548387,139.3548387096774,415.1612903225806
2128,-903.9805294839261,1666.372645327845,-47.69363676720726,162.5806451612903,139.3548387096774,275.80645161290323
2129,284.009195418359,1413.7618291724075,715.7141556303648,69.6774193548387,139.3548387096774,275.80645161290323
2130,228.09303756554317,1351.7048726951978,168.0630259927472,127.74193548387098,58.06451612903226,159.67741935483872
2131,674.9528653749642,1269.8655146370627,523.1956361918595,162.5806451612903,34.83870967741935,275.80645161290323
2132,-1408.3754858874763,1636.2882499109282,-874.6031273783776,162.5806451612903,69.6774193548387,438.38709677419354
2133,-517.88684811914,1622.7264267686196,-349.31819869151354,11.612903225806452,34.83870967741935,217.74193548387098
2134,1062.6933965497979,1332.2349966995484,-447.80933163809556,81.29032258064515,150.96774193548387,322.258064516129
2135,-595.0856328574131,1548.6268437421277,-354.3759046942987,139.3548387096774,92.90322580645162,426.77419354838713
2136,266.9891769727384,1518.8984130985384,321.0992936400736,174.19354838709677,150.96774193548387,287.41935483870964
2137,-321.8973865438988,1397.7174738487097,664.5270192091264,11.612903225806452,11.612903225806452,299.03225806451616
2138,647.2782426393319,1688.4678512600224,952.5229118027555,81.29032258064515,104.51612903225808,182.90322580645162
2139,-10.790998215529335,1397.4660258293748,276.2624957181231,23.225806451612904,11.612903225806452,345.48387096774195
2140,69.90581978153276,1283.7625003772096,353.9909655433112,0.0,81.29032258064515,217.74193548387098
2141,-1295.1022056320096,1782.837906875908,-947.3914245474285,11.612903225806452,81.29032258064515,368.7096774193548
2142,890.9244294359112,1634.1643551139932,-918.3264127427485,174.19354838709677,104.51612903225808,299.03225806451616
2143,-1129.9319947677225,1431.3941475253082,831.4167247228927,23.225806451612904,162.5806451612903,391.93548387096774
2144,-1530.0739859225625,1724.1913730071385,-295.77354068151607,162.5806451612903,150.96774193548387,391.93548387096774
2145,1219.7657311221747,1471.6534307854442,-519.8737976040838,58.06451612903226,46.45161290322581,136.4516129032258
2146,855.8735427214951,1469.4559610080655,176.7742360125146,104.51612903225808,150.96774193548387,322.258064516129
2147,-263.793527340143,1463.530405207365,888.0535205224465,11.612903225806452,23.225806451612904,252.5806451612903
2148,-975.4884191475523,1357.0272928176155,1.024520883858493,150.96774193548387,34.83870967741935,368.7096774193548
2149,-781.1816781420737,1219.1603693428294,693.2615410349143,0.0,81.29032258064515,113.2258064516129
2150,-627.7906643393161,1582.7885300093762,-181.49898686114395,127.74193548387098,116.12903225806453,415.1612903225806
2151,1493.386244253354,1687.0371480371737,-18.422073523438875,23.225806451612904,46.45161290322581,252.5806451612903
2152,1105.504597737897,1531.377202922076,310.24592964085934,116.12903225806453,162.5806451612903,113.2258064516129
2153,-1022.8990080119211,1320.573971608137,-62.53951445296897,46.45161290322581,150.96774193548387,391.93548387096774
2154,-268.5323644269797,1681.0834168345564,-66.58035681606248,11.612903225806452,104.51612903225808,391.93548387096774
2155,-1071.6521896014192,1611.9711998928412,326.9666512157796,69.6774193548387,174.19354838709677,124.83870967741936
2156,-1209.540168557665,1839.9138406246639,929.8455739780763,34.83870967741935,116.12903225806453,136.4516129032258
2157,447.80139939327563,1334.975040709985,-419.41520254632565,69.6774193548387,23.225806451612904,333.8709677419355
2158,-897.9530485542341,1768.3583245491504,-320.3623204489743,174.19354838709677,58.06451612903226,171.29032258064515
2159,-1319.1707049467375,1786.8018332761974,229.59198980950202,139.3548387096774,69.6774193548387,310.64516129032256
2160,243.55867731846706,1356.670494074755,-524.3327001447002,150.96774193548387,11.612903225806452,380.32258064516134
2161,-1212.9144552670712,1454.3135608859718,189.51974607688751,116.12903225806453,34.83870967741935,240.96774193548387
2162,1114.9754689618983,1418.1129309842204,-407.34222884178155,46.45161290322581,81.29032258064515,322.258064516129
2163,1522.3376096394502,1728.4358726311848,-935.4846078899594,11.612903225806452,139.3548387096774,136.4516129032258
2164,-313.0190083397071,1680.241744226618,-100.35800694854693,23.225806451612904,34.83870967741935,240.96774193548387
2165,-950.3622270985458,1313.5758745281023,606.987969269475,11.612903225806452,23.225806451612904,182.90322580645162
2166,-968.5813276971301,1548.081376552656,-121.91672787240542,81.29032258064515,81.29032258064515,101.61290322580645
2167,-19.83021589329681,1846.7380390206479,556.0087356516811,150.96774193548387,34.83870967741935,113.2258064516129
2168,316.4272981679302,1386.8358291746358,375.64007214207464,81.29032258064515,92.90322580645162,333.8709677419355
2169,793.4540208192273,1651.6510936767113,-386.8597165620195,174.19354838709677,34.83870967741935,206.1290322580645
2170,161.14207936190326,1200.3669001418639,138.3626172024048,139.3548387096774,23.225806451612904,148.06451612903226
2171,363.39566872482294,1504.4056957094572,655.9485435613466,127.74193548387098,162.5806451612903,380.32258064516134
2172,-743.0959435227026,1587.628904905038,399.2659854373381,69.6774193548387,127.74193548387098,426.77419354838713
2173,615.22369952208,1552.4541875608381,-882.7871320609585,11.612903225806452,162.5806451612903,136.4516129032258
2174,405.07327455747094,1610.6284708537783,213.54038927605393,0.0,46.45161290322581,217.74193548387098
2175,1588.9722229811578,1749.0564529731084,-73.55504402335936,139.3548387096774,11.612903225806452,148.06451612903226
2176,428.89174639280395,1265.6606041139644,-31.96538756337688,174.19354838709677,11.612903225806452,159.67741935483872
2177,-1597.6875392841198,1820.3932250883631,624.3432984511566,104.51612903225808,0.0,240.96774193548387
2178,1021.9567894950844,1510.771913640419,-10.749304546040861,11.612903225806452,46.45161290322581,252.5806451612903
2179,-1261.0331043575216,1482.7996845377752,-646.9198835133685,162.5806451612903,23.225806451612904,217.74193548387098
2180,444.5870019063291,1518.39614250951,-901.4678889167294,81.29032258064515,174.19354838709677,206.1290322580645
2181,-379.91827246646926,1486.4954129333123,258.31789854690754,150.96774193548387,58.06451612903226,310.64516129032256
2182,-1311.6453101592904,1713.6728087681315,-482.92834876236907,23.225806451612904,150.96774193548387,415.1612903225806
2183,417.4846157030389,1548.2748179628186,-453.0285045274635,174.19354838709677,69.6774193548387,90.0
2184,-158.27235639078657,1751.9980008200512,284.71424175983987,34.83870967741935,34.83870967741935,206.1290322580645
2185,798.9821936052241,1312.8558860516926,-529.6859301161769,34.83870967741935,92.90322580645162,171.29032258064515
2186,-1014.4128507429126,1377.8627365980972,-755.3283320438734,104.51612903225808,11.612903225806452,159.67741935483872
2187,686.8560311611812,1232.2767908227995,603.0329566189743,23.225806451612904,139.3548387096774,159.67741935483872
2188,-1073.078979036159,1300.0617461616614,-581.4038746703142,116.12903225806453,139.3548387096774,426.77419354838713
2189,108.67737728651505,1313.2987355260748,584.6085378817539,58.06451612903226,104.51612903225808,403.5483870967742
2190,-63.80550789313304,1564.2110794129908,-14.843180926036403,23.225806451612904,92.90322580645162,275.80645161290323
2191,-397.3350608336242,1353.1238909140868,-365.0729053245565,92.90322580645162,127.74193548387098,148.06451612903226
2192,-297.7097205989231,1339.6284806272606,80.77215232608879,81.29032258064515,81.29032258064515,90.0
2193,1066.0979246953434,1449.5891497183368,452.3726750187867,34.83870967741935,139.3548387096774,357.0967741935484
2194,1167.3979793686526,1426.9881980938221,-249.49998022877855,34.83870967741935,92.90322580645162,113.2258064516129
2195,-595.9905806454735,1453.7123994648787,789.0546468244011,11.612903225806452,162.5806451612903,275.80645161290323
2196,-584.1477659134512,1497.7747430439729,679.9481594885941,46.45161290322581,139.3548387096774,310.64516129032256
2197,240.21410518033656,1436.1615972630102,331.5980607179412,69.6774193548387,150.96774193548387,380.32258064516134
2198,782.2160301460954,1524.4835725566331,836.0312584281534,116.12903225806453,104.51612903225808,345.48387096774195
2199,1289.2809366850122,1647.5444046961677,-353.5734841966811,46.45161290322581,58.06451612903226,322.258064516129
2200,163.88164945604746,1281.2289999885807,-243.8649067150119,150.96774193548387,162.5806451612903,391.93548387096774
2201,-651.4547657486952,1347.937416569865,70.44167093372468,127.74193548387098,11.612903225806452,171.29032258064515
2202,508.2014069453114,1391.9039435713619,-540.8014166228962,23.225806451612904,34.83870967741935,275.80645161290323
2203,-685.6042754265502,1731.264937291946,-138.77419967193188,116.12903225806453,139.3548387096774,217.74193548387098
2204,812.7035142771012,1368.0947911909595,-581.6657920896536,46.45161290322581,92.90322580645162,438.38709677419354
2205,543.4084218928768,1417.6834802100536,-245.03303411397698,116.12903225806453,46.45161290322581,124.83870967741936
2206,-616.5093693518915,1218.0050453516806,-345.2407660369944,81.29032258064515,34.83870967741935,287.41935483870964
2207,31.45749592562268,1647.7066667729193,-49.092127539346286,69.6774193548387,58.06451612903226,182.90322580645162
2208,466.79071670628343,1581.2806788639884,-756.7564356037076,150.96774193548387,23.225806451612904,415.1612903225806
2209,-170.59131443933228,1441.3101969753538,-447.6860896446941,69.6774193548387,174.19354838709677,333.8709677419355
2210,1474.587717338035,1796.5858266152748,-207.40403227797515,92.90322580645162,92.90322580645162,136.4516129032258
2211,11.327563657480688,1473.0273629334918,-91.20340399906067,104.51612903225808,150.96774193548387,438.38709677419354
2212,1148.1838478397979,1833.3107687292895,960.8525735433865,11.612903225806452,104.51612903225808,136.4516129032258
2213,-742.085943211938,1471.2654110717754,-147.80621868780077,46.45161290322581,46.45161290322581,113.2258064516129
2214,886.0319666441933,1307.118568395898,200.55456789574924,81.29032258064515,127.74193548387098,136.4516129032258
2215,-626.9612433139057,1473.9310963320331,-204.81374737105415,81.29032258064515,174.19354838709677,252.5806451612903
2216,-252.23666612476254,1553.834048233859,858.4539359348522,23.225806451612904,92.90322580645162,426.77419354838713
2217,-813.2764502355691,1236.2331003707832,-105.10614966023333,58.06451612903226,104.51612903225808,124.83870967741936
2218,-962.7421222074158,1451.1879239831537,78.57463917975096,0.0,162.5806451612903,229.3548387096774
2219,-1373.5574175470827,1828.1013784926283,-286.48636690263413,92.90322580645162,139.3548387096774,206.1290322580645
2220,-1020.1117159930021,1434.2283233473938,764.2949053082762,116.12903225806453,92.90322580645162,275.80645161290323
2221,-848.3038418860833,1537.5765671651855,-261.6466944881287,92.90322580645162,92.90322580645162,391.93548387096774
2222,-1428.0780365860028,1600.5431212577328,634.8015898085774,127.74193548387098,58.06451612903226,148.06451612903226
2223,294.4839296476946,1329.4393553692967,-227.8701043041563,69.6774193548387,81.29032258064515,136.4516129032258
2224,-310.27340461984136,1804.4499997569487,-153.0235259612688,127.74193548387098,104.51612903225808,90.0
2225,-572.0934935357359,1567.1336877267875,223.9411979226281,34.83870967741935,58.06451612903226,206.1290322580645
2226,854.3129778550451,1430.5604860890505,-670.8892524382343,46.45161290322581,116.12903225806453,426.77419354838713
2227,923.3535507688028,1515.256862444891,-725.0873798601563,58.06451612903226,34.83870967741935,380.32258064516134
2228,328.68649506212205,1208.133543385818,677.2684514495587,174.19354838709677,127.74193548387098,182.90322580645162
2229,622.767106054089,1763.906716211343,1061.621355134821,150.96774193548387,69.6774193548387,217.74193548387098
2230,779.535970308231,1524.8133316438332,-233.5923346458448,81.29032258064515,69.6774193548387,229.3548387096774
2231,801.5078910697649,1651.6744182340758,-150.37896742341525,11.612903225806452,127.74193548387098,345.48387096774195
2232,-289.57055098309576,1822.926069707949,497.4532975767193,23.225806451612904,23.225806451612904,136.4516129032258
2233,-379.7812492653741,1510.7665024080236,895.3924751145599,116.12903225806453,81.29032258064515,206.1290322580645
2234,-946.8297008068965,1507.4300972585954,520.7632824346499,127.74193548387098,46.45161290322581,310.64516129032256
2235,865.9698655647016,1477.7372633812909,372.92185313009725,92.90322580645162,127.74193548387098,194.51612903225808
2236,868.4068255782071,1499.5603802472726,900.9334597324371,139.3548387096774,174.19354838709677,217.74193548387098
2237,-548.9807827628443,1215.7672375341344,-502.09564357981424,11.612903225806452,58.06451612903226,159.67741935483872
2238,1350.9478017422302,1842.597741154223,-1022.4595959278339,92.90322580645162,11.612903225806452,252.5806451612903
2239,-1569.6099552323813,1800.7554408183858,-343.86726408202685,116.12903225806453,11.612903225806452,357.0967741935484
2240,-1017.538875225795,1484.042277604874,501.41941853146113,127.74193548387098,11.612903225806452,159.67741935483872
2241,-41.07334909326834,1347.4497044938646,607.5073628521185,92.90322580645162,58.06451612903226,438.38709677419354
2242,-893.1450826240213,1653.2606031002936,-766.4182320717955,174.19354838709677,150.96774193548387,182.90322580645162
2243,43.5240138862806,1782.050970690598,-216.88228472486398,139.3548387096774,139.3548387096774,357.0967741935484
2244,1098.3434647351094,1267.3187105109719,-536.7458273920442,104.51612903225808,139.3548387096774,426.77419354838713
2245,-742.8847214661299,1229.994820687611,655.1581466976364,69.6774193548387,46.45161290322581,264.19354838709677
2246,-134.7490546933784,1697.8990334091932,-423.39219904198006,58.06451612903226,104.51612903225808,380.32258064516134
2247,-401.9172924670972,1724.1296512300448,190.8651459770466,46.45161290322581,116.12903225806453,345.48387096774195
2248,344.31513931885524,1731.21170569153,868.2711434900041,150.96774193548387,174.19354838709677,357.0967741935484
2249,761.0500575400259,1374.843628757955,676.5142922131625,58.06451612903226,174.19354838709677,333.8709677419355
2250,-701.3655381929926,1206.7480721029244,368.00231864962643,81.29032258064515,58.06451612903226,171.29032258064515
2251,-946.9180066391867,1716.4928587413797,813.890214383405,81.29032258064515,92.90322580645162,415.1612903225806
2252,-259.7516456185572,1209.3071673946283,-328.68603714993816,46.45161290322581,127.74193548387098,90.0
2253,637.1776591682941,1205.3955376236977,477.56482011390347,116.12903225806453,127.74193548387098,252.5806451612903
2254,1519.1954478073671,1679.4717217113955,-357.126938807606,174.19354838709677,127.74193548387098,322.258064516129
2255,-100.87165997309225,1610.7101323315235,108.17467690593202,11.612903225806452,139.3548387096774,194.51612903225808
2256,1321.754365579186,1611.5479108108327,-1001.7821728184306,116.12903225806453,116.12903225806453,287.41935483870964
2257,-1022.2792762753475,1767.0861020399136,932.2586571657084,174.19354838709677,92.90322580645162,333.8709677419355
2258,458.6402489450314,1338.1717522335857,-704.4854129307906,174.19354838709677,174.19354838709677,310.64516129032256
2259,435.87664692932276,1467.8272021563694,-253.76367817933757,23.225806451612904,127.74193548387098,426.77419354838713
2260,-904.8584964493152,1237.9367639739842,708.1708150147467,116.12903225806453,162.5806451612903,101.61290322580645
2261,-297.23106005957015,1364.459876681497,-461.8028471359483,34.83870967741935,139.3548387096774,194.51612903225808
2262,578.1067974277466,1225.5736581309666,-172.6459412998242,0.0,139.3548387096774,90.0
2263,-9.58963849348713,1327.8449836427342,569.5076061178288,116.12903225806453,81.29032258064515,345.48387096774195
2264,-516.6886247601944,1448.591860929386,-793.8442338113648,34.83870967741935,34.83870967741935,194.51612903225808
2265,1220.8593111264736,1449.3849922347408,650.8852129565987,150.96774193548387,162.5806451612903,310.64516129032256
2266,-896.8310685798002,1728.3521713713683,-1136.5514822333462,92.90322580645162,11.612903225806452,194.51612903225808
2267,-986.3506060203974,1838.9875838614348,765.4304180919023,174.19354838709677,116.12903225806453,322.258064516129
2268,-692.6309909831489,1490.9177785008326,757.793002905252,127.74193548387098,92.90322580645162,275.80645161290323
2269,-832.6878372146007,1374.8735997827332,-492.8879441214158,23.225806451612904,58.06451612903226,275.80645161290323
2270,707.2108496918969,1305.9937532040713,-257.48459213698453,150.96774193548387,139.3548387096774,182.90322580645162
2271,-560.9569750292018,1281.147992903474,-327.9235168108671,69.6774193548387,11.612903225806452,275.80645161290323
2272,-1005.9827374014449,1545.8190024430983,552.9913370744962,46.45161290322581,23.225806451612904,124.83870967741936
2273,-192.48217462953932,1569.2915587923871,-341.921000283184,11.612903225806452,11.612903225806452,368.7096774193548
2274,-782.3730321689533,1471.3931169555235,-23.82666635089361,69.6774193548387,162.5806451612903,90.0
2275,-1467.6444812483126,1652.6136955660138,407.3419808170311,69.6774193548387,174.19354838709677,391.93548387096774
2276,564.755454729341,1227.8221605914557,656.6713612160609,139.3548387096774,0.0,206.1290322580645
2277,-425.5560092309649,1393.2832079722473,-563.7481297607128,127.74193548387098,116.12903225806453,426.77419354838713
2278,1140.8678279947321,1385.0754706073708,111.02097945347111,150.96774193548387,0.0,229.3548387096774
2279,618.4294115097252,1321.7574666728633,412.2030111808234,104.51612903225808,58.06451612903226,171.29032258064515
2280,901.8379947336832,1370.8508784042867,737.8022432188263,174.19354838709677,150.96774193548387,101.61290322580645
2281,-333.7589730507249,1544.937059229088,-7.804799402071794,11.612903225806452,174.19354838709677,217.74193548387098
2282,860.945851233673,1237.809421006136,267.6049075087734,34.83870967741935,104.51612903225808,148.06451612903226
2283,-963.7320120227189,1312.2488212148962,-515.1777479083419,162.5806451612903,174.19354838709677,113.2258064516129
2284,289.8985510160184,1266.7706817308917,-754.4516232295914,34.83870967741935,139.3548387096774,368.7096774193548
2285,-1131.840231971753,1593.1034821427488,-255.07991790089895,174.19354838709677,81.29032258064515,275.80645161290323
2286,1092.161219009758,1698.507511737386,534.159394996723,11.612903225806452,104.51612903225808,240.96774193548387
2287,-520.1791306454933,1787.2624546173497,139.59976666977082,104.51612903225808,58.06451612903226,194.51612903225808
2288,-272.8813033471285,1496.395204953517,251.08296972405844,0.0,11.612903225806452,136.4516129032258
2289,-1277.3729372900768,1672.6124758126914,337.9520939942397,81.29032258064515,162.5806451612903,310.64516129032256
2290,-504.6644175776514,1832.9496267587904,-416.03227211764244,139.3548387096774,58.06451612903226,113.2258064516129
2291,557.6877306176375,1831.5682988231558,492.6040142901622,92.90322580645162,104.51612903225808,415.1612903225806
2292,832.4342690270277,1826.6458720050216,49.82524201816805,34.83870967741935,81.29032258064515,252.5806451612903
2293,-332.95472553535353,1411.476793976738,549.6134347985352,11.612903225806452,139.3548387096774,391.93548387096774
2294,369.0885319606423,1273.8552911425204,285.5981293183987,34.83870967741935,11.612903225806452,90.0
2295,-411.3582226659716,1719.6464845256528,-186.16382190328,162.5806451612903,139.3548387096774,240.96774193548387
2296,-97.5795596447309,1291.1278912154812,-607.244967510617,0.0,11.612903225806452,194.51612903225808
2297,-1043.6769965368376,1207.4675680484695,-175.24348746121598,174.19354838709677,23.225806451612904,136.4516129032258
2298,622.2340794360239,1782.5727141700856,251.11531705899068,81.29032258064515,11.612903225806452,206.1290322580645
2299,-834.4180759823938,1327.5904632201195,-146.22920691863018,23.225806451612904,81.29032258064515,194.51612903225808
2300,741.036794721071,1723.9030638041843,-981.753512097551,81.29032258064515,104.51612903225808,368.7096774193548
2301,-1358.2240995724785,1832.648228174904,-534.2904559029182,162.5806451612903,174.19354838709677,229.3548387096774
2302,971.1030019046417,1309.1715435308627,780.4366450881935,127.74193548387098,139.3548387096774,426.77419354838713
2303,1054.7733767095344,1391.3047184867341,-580.8794353831237,92.90322580645162,81.29032258064515,438.38709677419354
2304,981.1195043449889,1552.6080105519586,-595.7523022924283,104.51612903225808,81.29032258064515,333.8709677419355
2305,-712.4444374061591,1298.5554266649892,158.69374229358667,58.06451612903226,104.51612903225808,415.1612903225806
2306,30.069547076129055,1701.4586849463403,-920.1340742956069,81.29032258064515,174.19354838709677,380.32258064516134
2307,-966.9130686136069,1286.7547686219868,-312.4613233329665,139.3548387096774,23.225806451612904,229.3548387096774
2308,-900.7615858678412,1430.3870918005018,499.08331373748337,58.06451612903226,127.74193548387098,217.74193548387098
2309,-429.9258122141271,1567.146979171624,198.37144175784562,127.74193548387098,23.225806451612904,391.93548387096774
2310,-1293.2808603130318,1581.0589907041826,214.36373515960378,34.83870967741935,34.83870967741935,299.03225806451616
2311,-1105.3423601710144,1497.4723710358076,-765.8499603469652,34.83870967741935,34.83870967741935,438.38709677419354
2312,-121.02882957548324,1701.7973310168181,271.6586242657156,46.45161290322581,92.90322580645162,333.8709677419355
2313,-936.4267479038447,1800.5464449945484,-425.1302129298201,92.90322580645162,34.83870967741935,368.7096774193548
2314,1062.7455438412348,1311.3949290731484,-782.2788448316783,58.06451612903226,46.45161290322581,310.64516129032256
2315,22.709673509189443,1601.56994826403,33.03988470951378,150.96774193548387,46.45161290322581,217.74193548387098
2316,760.3432308719721,1537.7922519470264,603.3052051481093,104.51612903225808,11.612903225806452,206.1290322580645
2317,1185.9649452673102,1363.2504450103918,-503.8143890216427,92.90322580645162,69.6774193548387,206.1290322580645
2318,-635.3547818596973,1219.0962898608043,-148.9261420853544,127.74193548387098,58.06451612903226,275.80645161290323
2319,764.170245456422,1223.2142197729017,-648.3333308119171,69.6774193548387,92.90322580645162,391.93548387096774
2320,1111.1244054513509,1294.2304056828343,-311.2385716293469,92.90322580645162,139.3548387096774,101.61290322580645
2321,-956.1607982736098,1469.0937233243992,455.75879838679396,58.06451612903226,174.19354838709677,380.32258064516134
2322,-637.3140201923851,1268.1186782895447,-398.45315036251884,23.225806451612904,58.06451612903226,159.67741935483872
2323,66.0231976272879,1422.5559200276475,-535.1188928398054,104.51612903225808,104.51612903225808,206.1290322580645
2324,1087.940277031368,1754.085312521811,458.06062639305105,58.06451612903226,58.06451612903226,264.19354838709677
2325,-320.2362318166163,1275.895923316995,506.195016334188,162.5806451612903,11.612903225806452,310.64516129032256
2326,-962.9819279715017,1509.633864537809,-463.2167256820388,34.83870967741935,46.45161290322581,90.0
2327,-255.14738130356065,1303.7834946333562,-335.8127749427205,104.51612903225808,174.19354838709677,159.67741935483872
2328,1476.278040774489,1722.9599242598524,578.9160825077807,34.83870967741935,92.90322580645162,124.83870967741936
2329,658.7838797223208,1588.5610528650943,792.4106901567019,46.45161290322581,127.74193548387098,426.77419354838713
2330,1508.841415474078,1663.2860993262966,1038.5543427840178,139.3548387096774,69.6774193548387,275.80645161290323
2331,-304.66225775519433,1361.9829065274475,729.1219544551755,69.6774193548387,0.0,229.3548387096774
2332,973.8725853977926,1324.2570356167882,60.980098649199554,69.6774193548387,127.74193548387098,368.7096774193548
2333,-768.7187146634493,1669.971066440604,-260.943065578188,11.612903225806452,81.29032258064515,299.03225806451616
2334,1111.4443556582546,1325.86086899418,-738.0801415710617,81.29032258064515,104.51612903225808,171.29032258064515
2335,449.70797327104907,1417.8700327074077,-504.150143205372,104.51612903225808,81.29032258064515,252.5806451612903
2336,610.9243326222912,1460.9686506418552,664.1598506160503,139.3548387096774,150.96774193548387,252.5806451612903
2337,-1299.6941807877406,1604.4640876678081,-452.91622736284864,69.6774193548387,150.96774193548387,368.7096774193548
2338,262.4635054314501,1500.1521181565904,-326.62815366183304,58.06451612903226,162.5806451612903,171.29032258064515
2339,-97.44651366310305,1463.2759313139077,535.3852956825152,46.45161290322581,150.96774193548387,182.90322580645162
2340,-966.3877499916623,1803.0921409515727,503.84900363228553,34.83870967741935,127.74193548387098,206.1290322580645
2341,-799.4686718909154,1765.1233312890895,1096.1634096678822,127.74193548387098,34.83870967741935,438.38709677419354
2342,-721.1408634899972,1742.8588262109522,647.8902063359019,127.74193548387098,34.83870967741935,310.64516129032256
2343,269.3896012898113,1812.9495984827486,-1050.5161232644082,127.74193548387098,23.225806451612904,229.3548387096774
2344,68.07304845663076,1781.1522898405863,-497.09738652604364,58.06451612903226,81.29032258064515,345.48387096774195
2345,-522.5632508214974,1207.794668451973,442.88881005707754,162.5806451612903,69.6774193548387,113.2258064516129
2346,519.8651838525734,1683.1310831555336,-778.189519267139,69.6774193548387,162.5806451612903,264.19354838709677
2347,-199.56453921682174,1540.6195142311205,-799.1184308283385,104.51612903225808,58.06451612903226,333.8709677419355
2348,16.99893292743475,1758.2262189436478,-167.63605929341398,0.0,116.12903225806453,240.96774193548387
2349,816.4620940759564,1363.8374385857858,808.2795224538769,162.5806451612903,104.51612903225808,182.90322580645162
2350,-457.23815134754807,1620.0478012412173,-980.493609685675,116.12903225806453,162.5806451612903,287.41935483870964
2351,-998.2533130992788,1799.8000720881137,-1141.4422078802284,150.96774193548387,58.06451612903226,357.0967741935484
2352,1369.9123582101759,1558.1998097777662,-1015.8264336465631,11.612903225806452,139.3548387096774,182.90322580645162
2353,514.7519685983494,1293.9008416906277,575.1771467682291,162.5806451612903,162.5806451612903,380.32258064516134
2354,829.935354382815,1441.1566931168713,867.9464137827505,116.12903225806453,150.96774193548387,252.5806451612903
2355,691.8445260533038,1273.514337718578,-50.59144710862178,162.5806451612903,81.29032258064515,403.5483870967742
2356,-1060.7463287012627,1211.7818155560226,5.023600125317262,127.74193548387098,104.51612903225808,287.41935483870964
2357,1339.4335103326252,1834.917861959324,-679.5831281297741,92.90322580645162,150.96774193548387,217.74193548387098
2358,-1051.8502657121433,1333.550874361553,-501.36296465147876,58.06451612903226,81.29032258064515,287.41935483870964
2359,590.0357554035775,1248.8056382265443,-783.1260346901482,174.19354838709677,46.45161290322581,438.38709677419354
2360,122.0507563875037,1620.754641074079,-852.5402574776383,116.12903225806453,116.12903225806453,415.1612903225806
2361,-384.887027643569,1715.8643941859086,909.8005404690243,174.19354838709677,0.0,101.61290322580645
2362,607.9260208615766,1466.9416291060215,-244.70985786735096,174.19354838709677,116.12903225806453,333.8709677419355
2363,935.3645460524579,1675.7609328577437,-450.7812511360025,23.225806451612904,174.19354838709677,299.03225806451616
2364,-1510.8689343143328,1811.0738393613524,517.9543189605093,23.225806451612904,81.29032258064515,136.4516129032258
2365,414.7502783542159,1626.138800564684,-830.6028961603545,104.51612903225808,69.6774193548387,229.3548387096774
2366,991.2061861224993,1284.7452262927966,-46.621243942792475,58.06451612903226,150.96774193548387,275.80645161290323
2367,-486.0925110007418,1208.7507876054094,564.7170228426161,34.83870967741935,162.5806451612903,240.96774193548387
2368,-532.1265476364257,1375.9335796270984,553.2800592920916,116.12903225806453,162.5806451612903,333.8709677419355
2369,-872.3233654137788,1517.716173280532,-855.1793624064782,174.19354838709677,127.74193548387098,217.74193548387098
2370,-782.1386604337288,1471.149646331975,529.2812367825696,116.12903225806453,0.0,113.2258064516129
2371,951.2317605050622,1220.0795952116425,743.0771094008403,174.19354838709677,81.29032258064515,264.19354838709677
2372,-1089.7207449985278,1827.9120511647773,-408.3448067713672,58.06451612903226,174.19354838709677,240.96774193548387
2373,-135.29410126574746,1485.5219469894437,60.16861324143257,127.74193548387098,116.12903225806453,368.7096774193548
2374,555.0647597319321,1689.1919808415068,-631.4906490878469,0.0,11.612903225806452,229.3548387096774
2375,604.422462539319,1532.961002002702,651.7479748391133,92.90322580645162,34.83870967741935,171.29032258064515
2376,220.3087298804263,1748.469712873306,-798.7324288800373,81.29032258064515,127.74193548387098,148.06451612903226
2377,-393.3018843011972,1586.2287772811571,-527.98596103461,46.45161290322581,81.29032258064515,345.48387096774195
2378,845.0045716164589,1392.158458937315,245.81632942042066,58.06451612903226,116.12903225806453,194.51612903225808
2379,-1121.130608528876,1742.9744570905364,-811.8181054936874,104.51612903225808,150.96774193548387,310.64516129032256
2380,1039.977434642878,1576.5879432176166,1025.8470350827668,11.612903225806452,162.5806451612903,322.258064516129
2381,-977.8274106565657,1644.6565272644384,678.8104912648104,150.96774193548387,139.3548387096774,391.93548387096774
2382,-1439.6491149369756,1833.8950744550086,1064.9696277349738,81.29032258064515,81.29032258064515,287.41935483870964
2383,-571.2812935013463,1842.8442484947534,1125.7369122131786,23.225806451612904,150.96774193548387,345.48387096774195
2384,-1016.1707589292376,1634.8792862678408,-901.7829849936031,11.612903225806452,11.612903225806452,229.3548387096774
2385,1277.5377064833513,1442.097626485322,288.22262011743123,23.225806451612904,11.612903225806452,240.96774193548387
2386,-703.5491806189934,1763.5488350877758,689.045697376928,46.45161290322581,162.5806451612903,368.7096774193548
2387,-632.824707877476,1339.0067040788704,303.52296835067654,116.12903225806453,162.5806451612903,345.48387096774195
2388,882.0824749704173,1231.6083061589916,-385.4501383815336,174.19354838709677,23.225806451612904,438.38709677419354
2389,2.974904348884344,1243.4489441376177,414.97448624753747,46.45161290322581,11.612903225806452,159.67741935483872
2390,-860.987339252946,1322.8210885582196,416.11636008395544,139.3548387096774,104.51612903225808,403.5483870967742
2391,-312.37017137360004,1704.144750577186,-748.9155156204552,46.45161290322581,104.51612903225808,391.93548387096774
2392,192.58159823386478,1593.083032412249,-601.5958910975777,81.29032258064515,58.06451612903226,182.90322580645162
2393,-830.6955133051221,1258.6052856075596,-74.30704564452677,104.51612903225808,69.6774193548387,322.258064516129
2394,-738.0071225468439,1241.4276963453724,-678.3795702121388,69.6774193548387,127.74193548387098,287.41935483870964
2395,-1102.650922426037,1290.4685363613903,-477.72010580013165,34.83870967741935,150.96774193548387,206.1290322580645
2396,-817.1923850711579,1369.0032638204575,-559.1743727668648,116.12903225806453,58.06451612903226,171.29032258064515
2397,-747.9104422373641,1507.1795900447516,-775.8313741707046,116.12903225806453,58.06451612903226,275.80645161290323
2398,318.34009027033136,1366.3825771800111,559.8970612063038,92.90322580645162,69.6774193548387,217.74193548387098
2399,-385.73774402181,1467.2474448821183,-382.66984307349475,58.06451612903226,127.74193548387098,368.7096774193548
2400,-345.6514904575878,1518.6341007339427,543.4607298255887,58.06451612903226,58.06451612903226,333.8709677419355
2401,-715.1409264717165,1488.5906390651346,-289.9062087037838,162.5806451612903,174.19354838709677,136.4516129032258
2402,358.8435254842974,1717.796597540556,457.20763370461236,46.45161290322581,23.225806451612904,403.5483870967742
2403,-1262.1456879312789,1766.8057815521831,1091.2091354098145,11.612903225806452,127.74193548387098,229.3548387096774
2404,1309.2965628872712,1565.6962184809613,-799.2186379219197,104.51612903225808,23.225806451612904,391.93548387096774
2405,-643.7183912868406,1848.7900167255962,-995.6042483253012,116.12903225806453,81.29032258064515,287.41935483870964
2406,-951.1872185795223,1328.1664099717216,644.8804590887609,69.6774193548387,0.0,171.29032258064515
2407,570.2044263265041,1780.6173193785362,29.566215397148277,58.06451612903226,46.45161290322581,403.5483870967742
2408,646.6636387182293,1467.8528261686101,947.4480265374123,104.51612903225808,69.6774193548387,182.90322580645162
2409,-1049.2536993701772,1375.7515959056648,-597.6014401895947,162.5806451612903,116.12903225806453,310.64516129032256
2410,169.48228237334604,1384.3247821035527,-872.5261876127325,23.225806451612904,46.45161290322581,322.258064516129
2411,1030.2781210747214,1442.6907552612386,195.20713289941244,69.6774193548387,46.45161290322581,345.48387096774195
2412,1229.6898105754944,1596.9058227221492,-230.2065678203185,104.51612903225808,150.96774193548387,380.32258064516134
2413,-28.22776851164548,1477.8873310706958,813.6729036226799,46.45161290322581,81.29032258064515,415.1612903225806
2414,-986.0647694499963,1436.8002906140625,-377.7986838628192,11.612903225806452,92.90322580645162,415.1612903225806
2415,-794.6380068698261,1263.8029476138054,134.30915775667157,69.6774193548387,150.96774193548387,287.41935483870964
2416,-354.72546781827265,1526.732747344577,63.80337184680318,69.6774193548387,139.3548387096774,182.90322580645162
2417,506.6885306809585,1762.2948838025645,-260.74900082532224,69.6774193548387,46.45161290322581,299.03225806451616
2418,373.7725802877849,1497.190976154495,113.22730004301746,174.19354838709677,127.74193548387098,310.64516129032256
2419,54.742880018606854,1258.214579405185,-765.4121855898583,46.45161290322581,46.45161290322581,101.61290322580645
2420,-883.2969044631712,1282.9049217601546,597.9471560737649,34.83870967741935,162.5806451612903,287.41935483870964
2421,-1137.70056452576,1499.2934449951072,964.7092143397502,174.19354838709677,0.0,252.5806451612903
2422,-541.6737916366309,1737.00264163762,-1039.184534163686,11.612903225806452,116.12903225806453,438.38709677419354
2423,109.24770369282851,1800.483688534584,-683.821193256555,92.90322580645162,46.45161290322581,90.0
2424,456.11789040010643,1813.7975506649652,433.1750506099647,46.45161290322581,139.3548387096774,182.90322580645162
2425,-1094.8121608755841,1757.1261254431586,-765.2132359749262,92.90322580645162,174.19354838709677,90.0
2426,918.6046086585575,1692.578041752602,-835.7921603736944,162.5806451612903,58.06451612903226,136.4516129032258
2427,-1304.2175015226842,1703.866126750822,-683.0583190514438,104.51612903225808,104.51612903225808,240.96774193548387
2428,1158.2327578172265,1324.5563348764979,-605.2305017667475,92.90322580645162,174.19354838709677,368.7096774193548
2429,-259.31618650025496,1837.8422454482202,-136.59047204386584,58.06451612903226,34.83870967741935,275.80645161290323
2430,147.7233949815684,1789.4759009416468,-92.1583150975664,150.96774193548387,104.51612903225808,264.19354838709677
2431,-1208.431050887879,1657.6342189324382,-337.07901603838445,139.3548387096774,69.6774193548387,438.38709677419354
2432,1415.6984634607247,1569.0669693802356,268.27571421989023,116.12903225806453,116.12903225806453,368.7096774193548
2433,-1054.5607624009062,1361.3434846702892,-283.12105270819706,23.225806451612904,69.6774193548387,391.93548387096774
2434,-419.19958615651785,1644.7722422118786,589.2063614570221,69.6774193548387,174.19354838709677,368.7096774193548
2435,734.5474302328481,1778.323107195758,-971.4382892290303,127.74193548387098,34.83870967741935,275.80645161290323
2436,-1050.902709691963,1664.1528754028905,360.0451117440542,0.0,34.83870967741935,113.2258064516129
2437,-584.8779135691483,1589.7055111816196,-603.7259847992183,92.90322580645162,23.225806451612904,426.77419354838713
2438,1123.9544971100554,1724.7528144400871,7.195715388802171,11.612903225806452,116.12903225806453,310.64516129032256
2439,-856.9218539479177,1498.5474820013467,-343.2257999962237,34.83870967741935,104.51612903225808,357.0967741935484
2440,-556.3384539792654,1630.8976629731483,-660.5964436460494,162.5806451612903,139.3548387096774,264.19354838709677
2441,6.356473535777596,1613.9445263033565,1003.073661822307,174.19354838709677,34.83870967741935,159.67741935483872
2442,784.868540912772,1772.4623327935135,-22.426326872804836,174.19354838709677,11.612903225806452,124.83870967741936
2443,725.8843461525444,1570.7663779446368,-746.7280725745645,58.06451612903226,104.51612903225808,299.03225806451616
2444,1117.1993919048512,1419.1899498400503,539.2811925015473,116.12903225806453,92.90322580645162,380.32258064516134
2445,-552.5650233668191,1304.3867664818242,-301.99239256913825,23.225806451612904,46.45161290322581,101.61290322580645
2446,374.23915140055783,1307.311835536811,-361.0204111776437,81.29032258064515,116.12903225806453,252.5806451612903
2447,-830.0671222962902,1552.4252946964139,376.18604919756535,92.90322580645162,127.74193548387098,287.41935483870964
2448,-886.1034867362603,1437.820386067788,-582.5784317216529,23.225806451612904,58.06451612903226,229.3548387096774
2449,-671.2634737495229,1727.407211634326,-428.1910141985102,104.51612903225808,174.19354838709677,368.7096774193548
2450,690.1299659532659,1815.5887122138413,863.6362480782449,23.225806451612904,58.06451612903226,194.51612903225808
2451,-569.3359867918522,1496.5075159061296,435.7483730258615,23.225806451612904,139.3548387096774,299.03225806451616
2452,1004.4574451989647,1680.681146071752,-526.1961479825682,46.45161290322581,69.6774193548387,90.0
2453,-1316.2297917851852,1601.0419586214937,216.5446658592902,174.19354838709677,81.29032258064515,299.03225806451616
2454,-1303.615593473718,1735.0632460637025,-1003.6903457962432,174.19354838709677,46.45161290322581,217.74193548387098
2455,-1382.0052334716347,1588.8901613888295,186.5608294562275,127.74193548387098,58.06451612903226,403.5483870967742
2456,-195.64807189844444,1795.6007833786593,1075.0399480848537,104.51612903225808,116.12903225806453,287.41935483870964
2457,-727.296325835974,1416.1578209236434,-299.13325571333695,139.3548387096774,150.96774193548387,136.4516129032258
2458,788.6082378198257,1255.7673933964536,732.1314745686907,162.5806451612903,46.45161290322581,206.1290322580645
2459,-1139.4093915535482,1844.7713580051577,1011.5239464240357,69.6774193548387,81.29032258064515,368.7096774193548
2460,280.9868430148471,1293.1821806817034,-418.5990262799145,0.0,150.96774193548387,90.0
2461,-1019.3128881277883,1784.092883029631,-864.1572522442137,34.83870967741935,139.3548387096774,287.41935483870964
2462,322.3472757126748,1742.7407268218694,874.3707823651662,162.5806451612903,127.74193548387098,415.1612903225806
2463,-580.857320991237,1594.4487802881024,-499.2081931504446,23.225806451612904,46.45161290322581,368.7096774193548
2464,280.6044049196899,1379.2892289363162,48.0867387345528,116.12903225806453,46.45161290322581,310.64516129032256
2465,-727.9193847986264,1679.5722196921606,615.361168577714,150.96774193548387,92.90322580645162,206.1290322580645
2466,757.6654466376694,1642.5907524831011,738.5487810066394,58.06451612903226,0.0,136.4516129032258
2467,-701.3068636019302,1380.3929010241084,-279.5615808171516,162.5806451612903,150.96774193548387,240.96774193548387
2468,-559.2192225166169,1319.2886424449655,-168.21731725963076,139.3548387096774,150.96774193548387,368.7096774193548
2469,1362.9325088039589,1546.7253947415752,700.1962229007281,0.0,69.6774193548387,240.96774193548387
2470,478.5415647221107,1821.731395622178,-554.3203567594284,69.6774193548387,58.06451612903226,310.64516129032256
2471,477.9575677891886,1446.151710954356,735.916433314104,34.83870967741935,139.3548387096774,113.2258064516129
2472,-157.73890489292555,1658.7799946379328,-1057.0174733264719,104.51612903225808,0.0,264.19354838709677
2473,-662.8063399718028,1492.0377763626323,-9.74190524704781,23.225806451612904,139.3548387096774,333.8709677419355
2474,480.1102412020372,1485.8707677850814,-610.844062125644,104.51612903225808,150.96774193548387,299.03225806451616
2475,1028.0277355949363,1415.0329518952167,150.74621830006424,127.74193548387098,81.29032258064515,415.1612903225806
2476,-260.39236166948535,1338.2761610614357,179.88759363836007,139.3548387096774,34.83870967741935,206.1290322580645
2477,-643.7560574601965,1329.2661482868948,-0.971338417557277,81.29032258064515,34.83870967741935,368.7096774193548
2478,807.792272384128,1627.7089268789816,264.8717382095736,116.12903225806453,69.6774193548387,333.8709677419355
2479,-382.58499432366887,1361.3110679622769,219.46495786708695,162.5806451612903,92.90322580645162,264.19354838709677
2480,296.4284149798393,1690.7311083694954,-1085.9269787622768,174.19354838709677,11.612903225806452,264.19354838709677
2481,814.1771316846767,1238.9557333375458,115.16001171403474,58.06451612903226,92.90322580645162,287.41935483870964
2482,-1200.2349564192955,1694.1232152483615,-863.3987968298919,69.6774193548387,23.225806451612904,426.77419354838713
2483,911.0415211456072,1451.490452454751,542.7919233409392,104.51612903225808,0.0,113.2258064516129
2484,1251.152113387082,1640.3964857107408,750.9541632396994,69.6774193548387,104.51612903225808,171.29032258064515
2485,723.1230896394812,1808.785860435308,-564.6917631361626,69.6774193548387,139.3548387096774,194.51612903225808
2486,383.00696780346914,1470.4238965230409,380.9938650015763,104.51612903225808,127.74193548387098,113.2258064516129
2487,177.62292097995456,1673.3601124475524,-943.1789353884928,69.6774193548387,104.51612903225808,310.64516129032256
2488,-155.81987563337077,1517.963321545355,8.864022468160293,162.5806451612903,11.612903225806452,391.93548387096774
2489,865.665770908178,1746.82629617661,76.30231645651779,23.225806451612904,58.06451612903226,182.90322580645162
2490,-510.6427158998265,1837.9910914690413,955.7327629610206,11.612903225806452,162.5806451612903,101.61290322580645
2491,-271.1648587490695,1552.4533703040556,673.3167677670426,139.3548387096774,81.29032258064515,415.1612903225806
2492,9.692441656735262,1326.2583034574752,604.7285515088336,150.96774193548387,150.96774193548387,124.83870967741936
2493,424.4067566695312,1729.2540284660195,-482.44286766018894,58.06451612903226,81.29032258064515,310.64516129032256
2494,540.0882168013914,1406.8295378673915,-692.8665434110184,139.3548387096774,23.225806451612904,240.96774193548387
2495,-775.4432247423156,1402.028644247289,-26.9600780581305,46.45161290322581,34.83870967741935,159.67741935483872
2496,927.1922417106202,1483.0820945237228,-106.52589612753812,139.3548387096774,104.51612903225808,368.7096774193548
2497,-896.0126921822217,1361.7349949070058,833.0067392780112,46.45161290322581,58.06451612903226,217.74193548387098
2498,-962.7731361642026,1532.1985799065437,-747.0621531786418,104.51612903225808,139.3548387096774,275.80645161290323
2499,-312.1358251530939,1801.9869904187337,-81.49681561585247,139.3548387096774,162.5806451612903,136.4516129032258
2500,-980.5643321500611,1788.9118714795281,588.8022460813104,34.83870967741935,150.96774193548387,333.8709677419355
2501,1123.4123644043252,1433.1504656809552,-73.34239847837942,69.6774193548387,81.29032258064515,357.0967741935484
2502,257.7611336284324,1664.9879834993674,93.75919655485436,11.612903225806452,69.6774193548387,206.1290322580645
2503,1399.2405611022893,1610.2151902976668,987.589910814922,81.29032258064515,104.51612903225808,426.77419354838713
2504,-1000.0334143554298,1651.0382830022807,-514.7492491059448,58.06451612903226,162.5806451612903,101.61290322580645
2505,-100.83871400707984,1536.927422686555,421.7452508151499,58.06451612903226,11.612903225806452,310.64516129032256
2506,163.47213929106596,1477.4497047201646,503.1474922135933,162.5806451612903,0.0,124.83870967741936
2507,-729.7935141162624,1309.5858488006734,-613.389636003568,92.90322580645162,23.225806451612904,357.0967741935484
2508,71.26616909409442,1719.2336619207947,407.63321438923936,116.12903225806453,162.5806451612903,159.67741935483872
2509,-631.601179919209,1747.1828318977473,-681.5343758452397,23.225806451612904,116.12903225806453,101.61290322580645
2510,-42.334819160153,1775.4286759339277,-429.8918082284433,23.225806451612904,81.29032258064515,345.48387096774195
2511,548.8193297288351,1345.9339802535012,-818.3677128604497,174.19354838709677,104.51612903225808,357.0967741935484
2512,-826.9252026180886,1616.2624977102244,-52.63392867462784,116.12903225806453,69.6774193548387,90.0
2513,-1363.2765326989154,1640.9122528132975,-359.96859211304997,58.06451612903226,58.06451612903226,322.258064516129
2514,-624.8889136966334,1811.832371394209,-754.6500684727816,104.51612903225808,92.90322580645162,252.5806451612903
2515,-32.9927543887095,1372.1354286971605,-396.8049477203171,162.5806451612903,11.612903225806452,299.03225806451616
2516,1076.9168302865683,1526.5856187637605,313.48882409236404,34.83870967741935,127.74193548387098,229.3548387096774
2517,963.1224798960801,1661.3298034865038,280.91095789623813,11.612903225806452,162.5806451612903,148.06451612903226
2518,-631.248831990401,1688.871226705539,-670.413452886316,127.74193548387098,46.45161290322581,101.61290322580645
2519,739.2187332737768,1417.3034104190901,-556.1966150782081,81.29032258064515,150.96774193548387,275.80645161290323
2520,-933.8900242890497,1264.3807682705087,121.24896002072312,92.90322580645162,116.12903225806453,217.74193548387098
2521,823.9334401717589,1498.8396176554418,76.67997465322233,139.3548387096774,116.12903225806453,90.0
2522,-406.32145762045616,1674.8506225713036,221.6962058791891,81.29032258064515,139.3548387096774,182.90322580645162
2523,10.727933586552396,1821.1716619641259,-580.50688157142,174.19354838709677,92.90322580645162,124.83870967741936
2524,-1045.4877076069731,1255.1009600614095,393.647314265384,23.225806451612904,104.51612903225808,438.38709677419354
2525,-575.5228673499397,1492.1874099387146,-681.8321397282328,104.51612903225808,162.5806451612903,426.77419354838713
2526,-808.9010568829578,1262.4608534994222,-329.9348692542253,46.45161290322581,11.612903225806452,403.5483870967742
2527,598.1628167216402,1258.2012192983045,780.901240591232,150.96774193548387,139.3548387096774,229.3548387096774
2528,78.56218355006507,1357.1324837823963,-735.9525003760954,81.29032258064515,46.45161290322581,90.0
2529,-1384.3479474998346,1635.7943815620526,-1045.922040010217,174.19354838709677,23.225806451612904,415.1612903225806
2530,300.2298577807347,1592.0785116181073,169.682274637851,162.5806451612903,116.12903225806453,368.7096774193548
2531,-96.2869217000021,1649.0464616776414,117.32753175036628,46.45161290322581,46.45161290322581,403.5483870967742
2532,1150.7555052679245,1434.5517048580282,-806.534318489943,92.90322580645162,58.06451612903226,101.61290322580645
2533,170.60484993496559,1507.8436746856135,848.6328505527224,46.45161290322581,127.74193548387098,159.67741935483872
2534,-1400.259152797609,1751.978111397303,612.1260587287461,116.12903225806453,11.612903225806452,264.19354838709677
2535,-28.231937782456917,1687.095591948585,786.2449397465529,58.06451612903226,46.45161290322581,264.19354838709677
2536,640.613711085458,1745.959378717118,-1102.981730460959,162.5806451612903,104.51612903225808,229.3548387096774
2537,766.656646021683,1223.1304942171123,499.38353456985743,104.51612903225808,104.51612903225808,124.83870967741936
2538,214.61931628822146,1579.7941357707814,941.0855378639402,127.74193548387098,174.19354838709677,426.77419354838713
2539,352.07677522175567,1572.0894816921775,228.60818439034674,69.6774193548387,11.612903225806452,310.64516129032256
2540,236.68127035062892,1668.9377063128557,120.37498936715956,104.51612903225808,150.96774193548387,333.8709677419355
2541,101.6879271137837,1588.3174221931033,-313.79067325250804,58.06451612903226,81.29032258064515,264.19354838709677
2542,66.90944777813179,1530.6417053485854,314.31255205151007,162.5806451612903,116.12903225806453,90.0
2543,179.4578544893282,1556.0961884775563,-154.58640596451758,127.74193548387098,34.83870967741935,194.51612903225808
2544,559.3888979790431,1203.55490226828,-491.95091233068393,174.19354838709677,127.74193548387098,357.0967741935484
2545,-84.84159705770864,1702.5551672215424,133.7524966002084,162.5806451612903,139.3548387096774,206.1290322580645
2546,326.49372706519057,1508.5844568701355,-214.45503028684527,92.90322580645162,81.29032258064515,148.06451612903226
2547,-1248.619417410178,1702.2009327084177,601.5712982592504,150.96774193548387,46.45161290322581,264.19354838709677
2548,1051.1328344207388,1689.7085761063915,-1009.96673072418,150.96774193548387,69.6774193548387,194.51612903225808
2549,-94.77276041891471,1528.0384801052628,797.568855251381,174.19354838709677,46.45161290322581,90.0
2550,-653.1999115561797,1461.6685346208712,-195.5627243288733,150.96774193548387,139.3548387096774,206.1290322580645
2551,-741.5014537143243,1825.9831238499412,1073.7438824635183,69.6774193548387,34.83870967741935,287.41935483870964
2552,-1215.0081760749276,1740.6479333800582,45.57098856261046,139.3548387096774,104.51612903225808,275.80645161290323
2553,-742.844901093733,1256.6304495301672,334.67056612723576,23.225806451612904,34.83870967741935,136.4516129032258
2554,1004.7562651237977,1534.7110494079018,-953.7354525076355,81.29032258064515,116.12903225806453,310.64516129032256
2555,-231.1210075819318,1266.3671423683518,260.5841821633566,34.83870967741935,34.83870967741935,380.32258064516134
2556,-421.3227819214353,1316.05684133857,-298.52529478544307,34.83870967741935,69.6774193548387,229.3548387096774
2557,-643.7989008728614,1494.4390569934858,823.8570480158895,104.51612903225808,11.612903225806452,299.03225806451616
2558,439.252800504563,1842.6730368889462,-526.4678881007214,116.12903225806453,11.612903225806452,101.61290322580645
2559,32.52606454679672,1641.777876160841,49.994637982207735,58.06451612903226,58.06451612903226,299.03225806451616
2560,62.231461208499184,1546.2434674366532,-556.981214593145,23.225806451612904,174.19354838709677,229.3548387096774
2561,577.0321702372856,1424.2980453428252,325.31700593785155,174.19354838709677,116.12903225806453,357.0967741935484
2562,-647.1729868552886,1337.063894735217,-364.38486881568997,23.225806451612904,150.96774193548387,240.96774193548387
2563,359.81873011582,1496.176724056308,-326.7933725885884,92.90322580645162,81.29032258064515,240.96774193548387
2564,494.24471112260414,1754.5738882270432,129.3232632919951,69.6774193548387,34.83870967741935,345.48387096774195
2565,-263.9833430551045,1295.8781236974714,10.519250506558109,46.45161290322581,116.12903225806453,229.3548387096774
2566,658.6977094964627,1849.5610883440438,-16.486359002355222,150.96774193548387,11.612903225806452,403.5483870967742
2567,135.29480305611727,1585.5482048137155,632.2802290710076,127.74193548387098,162.5806451612903,90.0
2568,-379.59913069286006,1335.389266461737,648.0558932611646,92.90322580645162,104.51612903225808,380.32258064516134
2569,230.34960430268612,1616.7467596482961,578.8793746002398,11.612903225806452,116.12903225806453,403.5483870967742
2570,-986.4669179769237,1348.1309297626572,446.7726079646656,162.5806451612903,34.83870967741935,240.96774193548387
2571,-622.3837251996245,1801.1144556580505,-700.8550472940065,139.3548387096774,11.612903225806452,345.48387096774195
2572,200.1426880229854,1712.218834936963,-682.8430805636026,174.19354838709677,104.51612903225808,380.32258064516134
2573,433.1283709595141,1720.8472518356898,329.6918056562868,162.5806451612903,34.83870967741935,101.61290322580645
2574,-221.38931270752468,1205.8820954405257,-160.3610976610157,81.29032258064515,174.19354838709677,415.1612903225806
2575,508.5531792005133,1495.1970379347317,-201.32770474742355,69.6774193548387,81.29032258064515,171.29032258064515
2576,-1125.4309687788898,1826.071540112336,-344.74863000001505,81.29032258064515,127.74193548387098,380.32258064516134
2577,-941.8117070896825,1432.4263122365026,254.8723586095063,162.5806451612903,69.6774193548387,90.0
2578,1274.0835278329864,1526.9513016244155,-111.60507710213459,46.45161290322581,104.51612903225808,159.67741935483872
2579,921.071129885964,1506.6713381354887,850.5409781376848,69.6774193548387,150.96774193548387,299.03225806451616
2580,-999.5059441323086,1681.657595611369,-508.44346879061294,34.83870967741935,0.0,124.83870967741936
2581,966.7669248631853,1247.5027456272644,749.7630612798395,81.29032258064515,92.90322580645162,426.77419354838713
2582,-502.9891601108526,1422.7180937025485,858.8855160019818,34.83870967741935,0.0,264.19354838709677
2583,-426.0433560221603,1458.5037444266175,-151.08062197968337,23.225806451612904,58.06451612903226,252.5806451612903
2584,1302.3363300075025,1619.0574538308404,-431.15098719010973,11.612903225806452,0.0,252.5806451612903
2585,-1066.6731126069883,1405.175179938712,-427.58941571362277,11.612903225806452,11.612903225806452,264.19354838709677
2586,828.5318342713051,1515.975879035994,108.75845867295126,127.74193548387098,150.96774193548387,345.48387096774195
2587,-81.64954240276145,1319.5800373555512,834.0563297017171,46.45161290322581,46.45161290322581,368.7096774193548
2588,-1280.7515618681598,1634.2301005536704,994.0204231637254,23.225806451612904,174.19354838709677,124.83870967741936
2589,-930.1163663582875,1309.156742363853,208.96512701345512,11.612903225806452,104.51612903225808,217.74193548387098
2590,-876.0045427259435,1424.1757579473356,-636.4833774021874,69.6774193548387,34.83870967741935,113.2258064516129
2591,-347.71699841735074,1224.5992265306763,-62.09524574037309,92.90322580645162,116.12903225806453,171.29032258064515
2592,-388.07672033547044,1801.3860292595257,-1043.0660606778804,127.74193548387098,23.225806451612904,101.61290322580645
2593,524.6799401146191,1281.4577596339643,350.61417091612503,150.96774193548387,127.74193548387098,171.29032258064515
2594,1212.7291616937664,1691.5307603838094,-167.21424625362502,69.6774193548387,46.45161290322581,403.5483870967742
2595,-418.4005163207036,1784.912778951419,-936.5653715910763,127.74193548387098,162.5806451612903,229.3548387096774
2596,506.9158230799035,1750.4710281348744,-952.4296966419168,69.6774193548387,81.29032258064515,287.41935483870964
2597,-892.457946064425,1217.9388151498606,25.611526142835306,58.06451612903226,81.29032258064515,136.4516129032258
2598,76.01080728495617,1804.0502155218533,328.7851546582909,23.225806451612904,162.5806451612903,287.41935483870964
2599,-464.5012412795092,1334.83498363804,-397.8592666552566,174.19354838709677,69.6774193548387,310.64516129032256
2600,-130.82635637892218,1364.3544583526975,-580.1277063195761,92.90322580645162,174.19354838709677,264.19354838709677
2601,202.9542182419826,1677.647128065732,887.8926991579843,116.12903225806453,34.83870967741935,113.2258064516129
2602,872.4669557445214,1423.9531991189526,-341.396686280532,0.0,127.74193548387098,171.29032258064515
2603,1213.4312404619106,1415.6509963720205,-672.94178463398,0.0,34.83870967741935,264.19354838709677
2604,330.21135685226744,1282.8896100770583,520.7061305503132,23.225806451612904,81.29032258064515,368.7096774193548
2605,-730.2798310666948,1736.1886795171338,-1082.794770869819,34.83870967741935,104.51612903225808,171.29032258064515
2606,876.3209309340997,1242.1123973613767,67.87162344345568,81.29032258064515,139.3548387096774,322.258064516129
2607,1501.8548411384404,1732.2482066012758,368.49810964857977,150.96774193548387,127.74193548387098,299.03225806451616
2608,935.5208178851065,1236.2031497884093,294.1676513006279,92.90322580645162,127.74193548387098,426.77419354838713
2609,-1552.2828658518893,1729.0276077595531,-1091.3904365576645,92.90322580645162,81.29032258064515,206.1290322580645
2610,458.0198152169018,1761.6617572779148,49.440301326268,81.29032258064515,127.74193548387098,101.61290322580645
2611,-381.4403617223126,1396.4173181488914,-737.772208866334,11.612903225806452,139.3548387096774,206.1290322580645
2612,-628.0487596872051,1400.8882496300846,-743.7089994182076,81.29032258064515,92.90322580645162,357.0967741935484
2613,428.28575554914823,1837.021341920022,311.7121453835747,81.29032258064515,150.96774193548387,124.83870967741936
2614,-242.41783477189108,1771.3063792242324,1050.8359831400255,81.29032258064515,162.5806451612903,264.19354838709677
2615,11.197218676380416,1554.1086829496858,322.300340461805,139.3548387096774,104.51612903225808,357.0967741935484
2616,-1273.0788865705072,1707.1043915589485,-891.0110992025059,92.90322580645162,92.90322580645162,194.51612903225808
2617,-121.02551868236482,1407.9171776206663,-238.36093802697667,11.612903225806452,139.3548387096774,438.38709677419354
2618,829.2350648795046,1276.400363042639,528.7648838027554,81.29032258064515,58.06451612903226,229.3548387096774
2619,-105.71982532468081,1217.415576355666,-249.9300308248018,11.612903225806452,69.6774193548387,426.77419354838713
2620,167.23890104527257,1570.3073526658848,904.2415800406616,81.29032258064515,150.96774193548387,206.1290322580645
2621,-566.358415813823,1421.7331857829568,-88.91826622085634,58.06451612903226,127.74193548387098,101.61290322580645
2622,-833.9597160262166,1249.8500917601086,-318.187253243963,69.6774193548387,46.45161290322581,206.1290322580645
2623,-468.40080331081674,1691.5933585405942,232.90858309497705,92.90322580645162,150.96774193548387,391.93548387096774
2624,-1079.9298168402634,1292.5235713266104,694.2092916548161,139.3548387096774,174.19354838709677,322.258064516129
2625,-1120.7371866583967,1483.2190316449626,609.3860114624771,11.612903225806452,69.6774193548387,182.90322580645162
2626,500.6687728586943,1818.3939348394163,172.0881582164397,127.74193548387098,162.5806451612903,113.2258064516129
2627,1166.0928999055618,1514.708395988984,640.4925922304727,92.90322580645162,127.74193548387098,113.2258064516129
2628,1341.3759173423268,1736.5822213887257,661.3870378117348,116.12903225806453,11.612903225806452,333.8709677419355
2629,227.50491578656772,1310.6029162210928,-331.54141995795356,116.12903225806453,92.90322580645162,333.8709677419355
2630,-143.69417750879148,1344.9547517763756,-215.39199017301564,34.83870967741935,150.96774193548387,229.3548387096774
2631,553.6014543196458,1435.5434443165937,41.575660601525044,127.74193548387098,46.45161290322581,148.06451612903226
2632,1400.4076611959745,1638.4710596178759,-461.81556967671594,116.12903225806453,11.612903225806452,148.06451612903226
2633,-953.9904455850824,1450.727301993392,929.5486338852564,150.96774193548387,162.5806451612903,426.77419354838713
2634,1362.9640865245494,1615.5019800293687,105.14296510374308,162.5806451612903,139.3548387096774,426.77419354838713
2635,19.629243620053494,1361.6971645205365,210.8951542029537,174.19354838709677,69.6774193548387,403.5483870967742
2636,-306.34456057740084,1455.7043125959715,-463.59874492975035,116.12903225806453,46.45161290322581,333.8709677419355
2637,-1054.3078352995967,1672.781919557223,778.9956270556057,174.19354838709677,104.51612903225808,159.67741935483872
2638,-502.1291214429491,1567.7611389189674,607.7767104444227,0.0,81.29032258064515,136.4516129032258
2639,-1159.0586925393582,1678.7864369408971,1107.3895907070514,139.3548387096774,104.51612903225808,101.61290322580645
2640,8.912404957014886,1755.0668897905748,-785.1530308644209,116.12903225806453,127.74193548387098,101.61290322580645
2641,-1093.3503439478393,1251.0512120362039,761.8076350394872,46.45161290322581,69.6774193548387,368.7096774193548
2642,1527.859879561217,1726.7134126081628,525.9334815884961,11.612903225806452,46.45161290322581,403.5483870967742
2643,-573.0050864596504,1445.4259522355333,-390.4748237863959,92.90322580645162,150.96774193548387,101.61290322580645
2644,1125.4448795248645,1424.2535131813067,844.0136738636284,11.612903225806452,92.90322580645162,101.61290322580645
2645,-634.3073948569677,1516.7351185946566,-975.0829414666564,116.12903225806453,174.19354838709677,264.19354838709677
2646,962.4158214698143,1297.2266737000973,333.77609432675524,81.29032258064515,46.45161290322581,159.67741935483872
2647,-215.11203872073122,1238.1397395234985,-578.1746618136646,150.96774193548387,92.90322580645162,391.93548387096774
2648,705.0206378628477,1232.1021616331745,752.916619165528,58.06451612903226,162.5806451612903,229.3548387096774
2649,795.3479566149555,1546.2940354583818,-293.7291680268373,46.45161290322581,104.51612903225808,380.32258064516134
2650,217.4821779546832,1331.0958433751493,-108.73377139753799,162.5806451612903,150.96774193548387,206.1290322580645
2651,895.613422959611,1378.3518863031281,-431.30309705580004,104.51612903225808,0.0,217.74193548387098
2652,1037.6754555234165,1482.2726810626602,816.2143056944533,69.6774193548387,34.83870967741935,136.4516129032258
2653,-609.846274591364,1723.5390963393374,1034.6062865817912,104.51612903225808,46.45161290322581,240.96774193548387
2654,-100.90555301278386,1748.102542508991,-1107.0014834777346,162.5806451612903,46.45161290322581,124.83870967741936
2655,484.08559638061257,1726.6983072074568,1013.9063974339223,34.83870967741935,11.612903225806452,403.5483870967742
2656,1314.4672206479775,1653.6636602983826,-909.7529209510406,58.06451612903226,162.5806451612903,391.93548387096774
2657,-227.16770107227245,1298.8849084757248,28.95070266201607,34.83870967741935,174.19354838709677,426.77419354838713
2658,-293.2902014834888,1695.3067433859853,396.2954083244455,116.12903225806453,58.06451612903226,357.0967741935484
2659,719.9328060500461,1478.3241920969767,166.38140725808555,69.6774193548387,23.225806451612904,438.38709677419354
2660,-1044.0662441367474,1537.7519224372577,-6.080117334401081,11.612903225806452,150.96774193548387,90.0
2661,-260.09451866497136,1722.6732003666043,-532.5586152749721,116.12903225806453,34.83870967741935,159.67741935483872
2662,418.3056013559996,1371.0988945673002,-275.0628411198008,92.90322580645162,46.45161290322581,368.7096774193548
2663,695.1872004390098,1720.4376831615687,-126.37846628221806,139.3548387096774,0.0,182.90322580645162
2664,-519.3544050558816,1227.8745710856663,-9.343813581464033,69.6774193548387,150.96774193548387,148.06451612903226
2665,211.38213150452412,1509.5120981855714,-724.7249780371385,81.29032258064515,23.225806451612904,240.96774193548387
2666,542.5060330623172,1716.9580414664765,565.5213960407805,11.612903225806452,58.06451612903226,299.03225806451616
2667,939.9036308743671,1742.3356093260943,436.3676846804102,116.12903225806453,150.96774193548387,148.06451612903226
2668,49.62352432602959,1269.6450659404948,-781.6246841862943,116.12903225806453,34.83870967741935,287.41935483870964
2669,-1206.985418671982,1427.5162145769996,827.985874747229,162.5806451612903,127.74193548387098,426.77419354838713
2670,-621.7258504975451,1329.9289729743632,-433.079660968696,150.96774193548387,92.90322580645162,333.8709677419355
2671,781.4974508547241,1793.8609547119786,209.46425913307732,11.612903225806452,174.19354838709677,182.90322580645162
2672,708.0979556986439,1372.0635576038321,-692.5533361536185,150.96774193548387,116.12903225806453,229.3548387096774
2673,319.5533791926321,1412.5731418416603,-246.75393954826825,162.5806451612903,104.51612903225808,90.0
2674,322.5121037447598,1328.4028940569112,-552.1848636460003,0.0,104.51612903225808,101.61290322580645
2675,-495.8947434216894,1373.6891890667587,-493.9072435835524,69.6774193548387,92.90322580645162,403.5483870967742
2676,-46.89711994345345,1375.3146583355415,-805.362131887747,150.96774193548387,58.06451612903226,287.41935483870964
2677,245.68476252191954,1278.2606238314036,405.5095106521209,116.12903225806453,92.90322580645162,148.06451612903226
2678,866.9912006979857,1347.8829861968968,-224.72838134152937,174.19354838709677,46.45161290322581,415.1612903225806
2679,-417.9562607501531,1763.6096446088966,253.1814557957766,81.29032258064515,104.51612903225808,438.38709677419354
2680,-370.91292673212376,1726.3813957381205,-1106.183219172264,11.612903225806452,69.6774193548387,124.83870967741936
2681,264.4480552560218,1252.1987715347007,-593.1664403105688,69.6774193548387,174.19354838709677,299.03225806451616
2682,519.0829476984142,1437.773334939642,744.14013700124,150.96774193548387,0.0,240.96774193548387
2683,-38.11334269595239,1291.4580107489803,-603.6717310064483,92.90322580645162,46.45161290322581,391.93548387096774
2684,-437.2588296697458,1632.797876436754,927.4419612913779,116.12903225806453,162.5806451612903,264.19354838709677
2685,-1087.928709583901,1344.9291880616843,-32.653606288752535,69.6774193548387,104.51612903225808,368.7096774193548
2686,716.3823562116289,1220.2029827051751,-668.2470757628556,162.5806451612903,34.83870967741935,368.7096774193548
2687,979.7118607024736,1757.1245096984712,-612.1176748946843,46.45161290322581,139.3548387096774,171.29032258064515
2688,-414.27561676609844,1249.084548390631,-24.959248883026497,162.5806451612903,139.3548387096774,182.90322580645162
2689,1250.1007962461322,1434.3990392326816,-473.7125931239929,81.29032258064515,139.3548387096774,299.03225806451616
2690,-1203.1663683763852,1742.3349085890734,-516.2045375764568,127.74193548387098,174.19354838709677,194.51612903225808
2691,-895.3669196857991,1767.5932390727728,815.3813789700944,34.83870967741935,46.45161290322581,182.90322580645162
2692,861.4808744603152,1269.847577138194,-618.1472888054636,34.83870967741935,58.06451612903226,90.0
2693,357.2514566049417,1562.9410483097881,-858.9786299546711,104.51612903225808,81.29032258064515,357.0967741935484
2694,-585.6975886030879,1356.4310025843117,357.27450895010884,139.3548387096774,11.612903225806452,182.90322580645162
2695,-595.1963362344969,1776.8197693342308,-197.77441293087944,11.612903225806452,139.3548387096774,287.41935483870964
2696,227.2079537403087,1310.6532881691483,138.77905802705772,46.45161290322581,34.83870967741935,194.51612903225808
2697,-573.3751253911199,1268.8607128996857,-25.67671994815166,81.29032258064515,116.12903225806453,194.51612903225808
2698,583.2884791484461,1232.8194123830765,28.650410454711306,139.3548387096774,11.612903225806452,415.1612903225806
2699,-509.3554376975721,1504.8891516594656,-632.4832976127061,58.06451612903226,81.29032258064515,90.0
2700,817.1382188141365,1685.5999413174225,990.2263551905859,34.83870967741935,34.83870967741935,90.0
2701,1139.5656399216366,1656.212257453663,787.2451690166088,104.51612903225808,34.83870967741935,368.7096774193548
2702,-509.13504416490446,1698.682264565164,-330.23601854799523,58.06451612903226,46.45161290322581,217.74193548387098
2703,-1222.0849272810365,1671.59516234211,483.3226395358379,58.06451612903226,92.90322580645162,159.67741935483872
2704,1093.955359538117,1804.060606403269,-860.0412171628623,46.45161290322581,23.225806451612904,113.2258064516129
2705,1109.1254716167207,1408.9189323173773,-78.37149372297283,11.612903225806452,58.06451612903226,252.5806451612903
2706,-844.9046588678877,1598.7623023822052,42.24661165244896,127.74193548387098,58.06451612903226,206.1290322580645
2707,135.87491962593515,1438.7255463867648,-900.3066551752621,11.612903225806452,58.06451612903226,217.74193548387098
2708,-1354.1856357560557,1508.519792398148,266.8987053199448,162.5806451612903,162.5806451612903,264.19354838709677
2709,1197.7481048928678,1741.0301036842916,-109.89942636081729,104.51612903225808,0.0,136.4516129032258
2710,-519.2884927045154,1222.3221511327633,-96.02935856600308,81.29032258064515,174.19354838709677,391.93548387096774
2711,-1073.8541217077998,1837.994088135068,1222.3201871315382,174.19354838709677,92.90322580645162,159.67741935483872
2712,1306.30319154189,1765.898042627918,130.1607643725401,92.90322580645162,162.5806451612903,264.19354838709677
2713,124.05706461390977,1523.9349344865684,-374.1821345076894,92.90322580645162,150.96774193548387,426.77419354838713
2714,105.83620294910273,1780.652939739526,-581.1864932750098,92.90322580645162,150.96774193548387,171.29032258064515
2715,1502.2470678605437,1702.4534240571775,-1036.880767798155,46.45161290322581,162.5806451612903,287.41935483870964
2716,776.2503058367578,1534.0187341605308,880.4733564905162,174.19354838709677,34.83870967741935,124.83870967741936
2717,-451.4498610770534,1805.8844732264631,-1077.3157796741693,104.51612903225808,162.5806451612903,171.29032258064515
2718,37.005532245990125,1438.9942860419037,175.03468843890442,127.74193548387098,11.612903225806452,368.7096774193548
2719,-1045.0574059648031,1229.1076098503072,-710.8137772076526,174.19354838709677,46.45161290322581,159.67741935483872
2720,-1055.58792927263,1230.7356244369507,-452.7795176693767,174.19354838709677,104.51612903225808,345.48387096774195
2721,523.2271241752353,1369.8529146877809,622.5790069529218,69.6774193548387,34.83870967741935,322.258064516129
2722,-441.256531475797,1745.3716641718718,-817.0184995647082,174.19354838709677,92.90322580645162,322.258064516129
2723,212.7774304525401,1426.3337796502292,890.4127095157937,174.19354838709677,11.612903225806452,333.8709677419355
2724,-94.66084118284357,1315.7306290095169,-167.96400176795208,104.51612903225808,104.51612903225808,403.5483870967742
2725,891.9145997704355,1253.0727922023423,-626.6147643717738,69.6774193548387,34.83870967741935,206.1290322580645
2726,-988.9010571104999,1485.122181441604,-522.8638062808501,69.6774193548387,150.96774193548387,415.1612903225806
2727,22.563063569695174,1427.658832936209,563.5667189490373,150.96774193548387,0.0,194.51612903225808
2728,-394.92636284876926,1270.61933515728,-283.71869700365835,127.74193548387098,162.5806451612903,264.19354838709677
2729,-657.0510806206298,1540.0441820207416,-16.0063799461442,139.3548387096774,150.96774193548387,310.64516129032256
2730,19.679954786451148,1535.7144256028114,-962.9652522203801,58.06451612903226,92.90322580645162,403.5483870967742
2731,-906.5223194185659,1309.6542976448875,0.37054085469012676,127.74193548387098,92.90322580645162,415.1612903225806
2732,1415.6501485090064,1706.3052016495349,110.89989558299163,69.6774193548387,34.83870967741935,217.74193548387098
2733,-1279.4664426975032,1651.9936732689637,1012.22876677329,46.45161290322581,162.5806451612903,345.48387096774195
2734,-336.61807235777894,1203.1257208092848,-681.2458635863726,174.19354838709677,69.6774193548387,322.258064516129
2735,1292.0837011377726,1786.9972798302924,469.01112170006894,150.96774193548387,46.45161290322581,322.258064516129
2736,-870.7829442388266,1458.9167051279287,-913.3230888493522,92.90322580645162,162.5806451612903,159.67741935483872
2737,-906.0846002205355,1493.808221543528,-477.19179819760143,69.6774193548387,162.5806451612903,310.64516129032256
2738,-1360.4539088783383,1708.9161876114536,934.3525847923935,11.612903225806452,46.45161290322581,299.03225806451616
2739,681.8390956201242,1224.1576858649048,-460.8040858947994,34.83870967741935,116.12903225806453,333.8709677419355
2740,1396.1594380695626,1784.4773082684937,37.1823806255593,23.225806451612904,92.90322580645162,310.64516129032256
2741,-587.0730027706635,1435.2417140492098,-73.0505596859242,127.74193548387098,0.0,206.1290322580645
2742,1463.7577247663885,1685.6621096178671,236.67381810405902,92.90322580645162,23.225806451612904,333.8709677419355
2743,-144.4226908291748,1264.2401708981558,426.58486651740316,116.12903225806453,81.29032258064515,136.4516129032258
2744,-767.2534879094952,1419.7429004057476,717.8170026528619,58.06451612903226,104.51612903225808,136.4516129032258
2745,-644.4166887941643,1207.3893286676182,475.0727263262666,150.96774193548387,162.5806451612903,415.1612903225806
2746,-741.2842206212007,1304.5840055955541,-762.0089647865198,116.12903225806453,58.06451612903226,415.1612903225806
2747,425.57314939832145,1442.844711400974,563.0756926442617,23.225806451612904,46.45161290322581,438.38709677419354
2748,-1363.55076856908,1556.6857464634618,309.6974301226247,0.0,174.19354838709677,124.83870967741936
2749,-780.1311917802428,1369.0858705766693,-692.5770227604702,150.96774193548387,23.225806451612904,171.29032258064515
2750,1104.8962453233257,1733.0624677606118,260.21885336923526,92.90322580645162,104.51612903225808,182.90322580645162
2751,-640.5593977043326,1202.5517955020316,-64.32013982485172,34.83870967741935,34.83870967741935,124.83870967741936
2752,51.58753731793766,1446.2071419259673,871.3808547753434,104.51612903225808,116.12903225806453,333.8709677419355
2753,-302.9866379400859,1371.0906934511622,-307.18075398500383,34.83870967741935,69.6774193548387,357.0967741935484
2754,-5.011044543763532,1293.0089055321776,269.51338413727706,58.06451612903226,162.5806451612903,264.19354838709677
2755,1438.6440709905671,1791.3022008500207,-382.7026362735115,69.6774193548387,23.225806451612904,275.80645161290323
2756,-406.93350611300883,1338.9378212587787,-825.9009809694847,23.225806451612904,116.12903225806453,217.74193548387098
2757,-221.15411815909542,1282.0236173204053,430.17954430931235,34.83870967741935,127.74193548387098,136.4516129032258
2758,-1219.3222834514088,1654.2305410141548,212.27232592244326,81.29032258064515,139.3548387096774,90.0
2759,317.8996666196214,1407.4800212740972,-113.0231691768242,11.612903225806452,11.612903225806452,182.90322580645162
2760,892.7455039945535,1508.066294114915,-714.748756979359,81.29032258064515,11.612903225806452,287.41935483870964
2761,-141.13088157957526,1838.7586804669347,-268.7544737554823,81.29032258064515,69.6774193548387,206.1290322580645
2762,107.81488213264012,1228.3848225903803,-379.58125694734986,150.96774193548387,23.225806451612904,124.83870967741936
2763,1219.7690654126939,1598.3569399339417,-635.3509513237873,23.225806451612904,58.06451612903226,345.48387096774195
2764,440.656332090151,1251.1008118098446,608.1843205171629,0.0,81.29032258064515,240.96774193548387
2765,-839.4886767611565,1387.700623775217,-311.7615662274938,116.12903225806453,162.5806451612903,299.03225806451616
2766,82.19194990969072,1212.313231952539,168.59130719381346,69.6774193548387,23.225806451612904,264.19354838709677
2767,-1122.8663840401405,1558.4971373801225,-617.5744998478757,34.83870967741935,150.96774193548387,380.32258064516134
2768,-1505.3908990847926,1802.0509852547682,-346.38110904588666,46.45161290322581,69.6774193548387,182.90322580645162
2769,980.2245128225259,1335.0902187891152,-814.1068318325736,150.96774193548387,116.12903225806453,380.32258064516134
2770,-1149.6716189916458,1503.643348647969,-12.060308854779045,23.225806451612904,104.51612903225808,299.03225806451616
2771,1023.3239837051601,1310.0287862912853,595.4044634562781,150.96774193548387,69.6774193548387,368.7096774193548
2772,-850.0770433134378,1365.2704410554238,501.56360218490795,11.612903225806452,150.96774193548387,264.19354838709677
2773,1115.1963691896356,1651.8969515160147,-138.29692198027158,81.29032258064515,150.96774193548387,182.90322580645162
2774,366.8707171505853,1330.6295594991336,578.4018317066826,92.90322580645162,92.90322580645162,403.5483870967742
2775,901.3009949575343,1524.5963927608134,-940.2702447192743,58.06451612903226,174.19354838709677,299.03225806451616
2776,-914.6419053931492,1654.5102780301654,-879.1580963354834,34.83870967741935,81.29032258064515,113.2258064516129
2777,875.2257722315715,1281.1892504256236,285.67533145387944,116.12903225806453,116.12903225806453,171.29032258064515
2778,-783.204394477878,1304.8354761864673,-177.10652975844994,92.90322580645162,46.45161290322581,148.06451612903226
2779,-292.33665122766047,1208.7914496421474,-324.03252050747824,116.12903225806453,81.29032258064515,438.38709677419354
2780,-307.4586403687483,1207.179657865155,-722.0181363172732,34.83870967741935,174.19354838709677,240.96774193548387
2781,647.6386299011509,1250.9012565796788,484.7563646049805,116.12903225806453,23.225806451612904,333.8709677419355
2782,1240.1462078507184,1444.019712922212,98.15407237884682,174.19354838709677,34.83870967741935,148.06451612903226
2783,1007.949138767831,1802.276701133629,160.88665039815436,127.74193548387098,81.29032258064515,217.74193548387098
2784,871.794812887251,1696.0973914984568,749.661482192883,162.5806451612903,127.74193548387098,403.5483870967742
2785,1055.4320577643327,1415.7235237342118,352.1935290917522,81.29032258064515,92.90322580645162,182.90322580645162
2786,-316.7460951540818,1746.2683911936124,-1039.145099138413,46.45161290322581,92.90322580645162,299.03225806451616
2787,-265.98035002207416,1327.5652157640097,-549.7055570250179,81.29032258064515,11.612903225806452,136.4516129032258
2788,890.811328517059,1758.6202741288653,574.5594522585366,127.74193548387098,23.225806451612904,403.5483870967742
2789,1007.711344961454,1525.4976480370913,386.9407494520349,11.612903225806452,127.74193548387098,299.03225806451616
2790,255.7710809429393,1284.502327345347,-208.44324815657603,92.90322580645162,92.90322580645162,252.5806451612903
2791,-668.1116125286309,1695.3952517194793,843.7139824568893,139.3548387096774,104.51612903225808,333.8709677419355
2792,-707.76617400233,1487.9947634695618,-908.9734774431996,150.96774193548387,81.29032258064515,264.19354838709677
2793,100.06274425645128,1215.757264558557,442.72547483168125,174.19354838709677,104.51612903225808,148.06451612903226
2794,695.6733802955385,1245.0432007419395,694.343999527011,69.6774193548387,139.3548387096774,380.32258064516134
2795,-326.2351337188969,1203.177344146835,-569.6447775670159,150.96774193548387,11.612903225806452,182.90322580645162
2796,1175.4054186992707,1561.7339427834327,918.5111821770325,116.12903225806453,104.51612903225808,415.1612903225806
2797,-38.264887999060626,1373.2561414419517,44.697532538771334,69.6774193548387,23.225806451612904,368.7096774193548
2798,1098.1641030510154,1769.7832934410546,-361.8185670562759,174.19354838709677,81.29032258064515,380.32258064516134
2799,-923.4438154779373,1660.8487585207808,-453.9199925458607,127.74193548387098,34.83870967741935,415.1612903225806
2800,-727.1369082087889,1562.7961924773551,-989.601893168876,127.74193548387098,58.06451612903226,264.19354838709677
2801,124.73276662769007,1600.9261250954403,-329.0464643747362,58.06451612903226,139.3548387096774,217.74193548387098
2802,80.49765940829855,1370.6655567440407,593.9521734937791,116.12903225806453,69.6774193548387,380.32258064516134
2803,-375.9512706208806,1446.9058827332703,-323.5540974778286,116.12903225806453,150.96774193548387,345.48387096774195
2804,-142.88824698548038,1538.8038727931284,-736.3520789700273,104.51612903225808,23.225806451612904,90.0
2805,901.6286554818142,1447.6177205366298,420.47960676352665,162.5806451612903,127.74193548387098,124.83870967741936
2806,-713.4558059288316,1840.3802657770907,-1079.275886824022,69.6774193548387,58.06451612903226,322.258064516129
2807,788.0564817406171,1275.5957589860734,-517.2293777408793,81.29032258064515,150.96774193548387,426.77419354838713
2808,1298.5810975131535,1837.6054613027604,-1008.0494190288331,46.45161290322581,34.83870967741935,252.5806451612903
2809,597.0183876369427,1746.5946812222846,-985.9410377988711,174.19354838709677,46.45161290322581,426.77419354838713
2810,-1365.8365452024802,1585.1406733945041,-677.2636702519186,11.612903225806452,162.5806451612903,194.51612903225808
2811,-810.4553510677379,1449.156232823283,-915.7434790489896,81.29032258064515,92.90322580645162,391.93548387096774
2812,1150.9357940666819,1613.0653106593911,974.1021387724455,81.29032258064515,162.5806451612903,182.90322580645162
2813,286.4198015739327,1236.0079310607184,-775.9476738218095,150.96774193548387,23.225806451612904,310.64516129032256
2814,-332.09061406146355,1369.2390698948993,375.24956128899197,69.6774193548387,162.5806451612903,136.4516129032258
2815,-927.5223478674334,1473.8524435102809,-237.07846930612976,104.51612903225808,150.96774193548387,136.4516129032258
2816,841.4432218223147,1294.0930276728575,78.79719504581945,116.12903225806453,34.83870967741935,90.0
2817,1084.589939256884,1277.816905378341,-326.35316101885536,162.5806451612903,69.6774193548387,322.258064516129
2818,-196.8075793286573,1661.4354284591514,125.30428382802441,139.3548387096774,46.45161290322581,426.77419354838713
2819,372.8772994583554,1844.506040924866,-714.3151463643312,81.29032258064515,46.45161290322581,194.51612903225808
2820,-1302.5378220620619,1453.0879552265326,461.57330484353895,58.06451612903226,58.06451612903226,403.5483870967742
2821,763.1579171902163,1748.0676555671312,-411.40485995147236,116.12903225806453,104.51612903225808,90.0
2822,950.5923870100876,1405.7261831146636,-708.1645069391698,116.12903225806453,69.6774193548387,171.29032258064515
2823,372.56364974437446,1831.5822594455785,141.91388392073776,127.74193548387098,23.225806451612904,310.64516129032256
2824,-772.1222514435678,1537.22970675308,-286.59869376920557,174.19354838709677,81.29032258064515,136.4516129032258
2825,-960.9180706259483,1808.6945673414239,399.35735245837094,46.45161290322581,174.19354838709677,426.77419354838713
2826,878.290332189814,1693.449345161128,-782.4672070610319,46.45161290322581,139.3548387096774,345.48387096774195
2827,-74.98828646033893,1591.677688142297,883.1844805786167,11.612903225806452,58.06451612903226,368.7096774193548
2828,1135.1894397501533,1703.4636890286542,261.79886241195993,150.96774193548387,34.83870967741935,391.93548387096774
2829,-28.724016058267487,1307.4594475518206,-408.19775389826833,162.5806451612903,139.3548387096774,90.0
2830,-458.40097800418073,1755.5234092507585,592.9989341609598,46.45161290322581,23.225806451612904,275.80645161290323
2831,27.470948875911994,1467.1635556302506,3.920278715263237,150.96774193548387,58.06451612903226,426.77419354838713
2832,531.5043398337224,1542.9304683633911,943.8016689750741,104.51612903225808,92.90322580645162,299.03225806451616
2833,-390.51420564920994,1354.7798570515522,246.38583075580485,162.5806451612903,116.12903225806453,264.19354838709677
2834,66.78262021458998,1719.5382838894798,587.6205271031301,92.90322580645162,139.3548387096774,333.8709677419355
2835,-197.22109148073415,1222.0148270696009,732.102935483176,162.5806451612903,116.12903225806453,275.80645161290323
2836,-542.5621270671627,1644.613948560605,-832.9331802579952,139.3548387096774,127.74193548387098,159.67741935483872
2837,-187.98691467411786,1602.5219572945489,-534.7816631713313,174.19354838709677,104.51612903225808,368.7096774193548
2838,1111.5652419266926,1284.4159405309797,-109.18547390175436,174.19354838709677,116.12903225806453,426.77419354838713
2839,-435.0604056008292,1335.5076460229136,-198.74114372579993,104.51612903225808,58.06451612903226,403.5483870967742
2840,1147.1123765827192,1373.7817339547282,496.2162280955468,139.3548387096774,58.06451612903226,124.83870967741936
2841,396.06441593999966,1285.9806740082756,-566.4762994266441,23.225806451612904,69.6774193548387,113.2258064516129
2842,-66.27524584473275,1527.5087684212806,72.97549017043235,162.5806451612903,174.19354838709677,252.5806451612903
2843,-939.7511350393547,1241.849994121611,688.8800244064955,116.12903225806453,69.6774193548387,345.48387096774195
2844,-278.94630526519785,1451.1687348548135,-118.42270882071819,174.19354838709677,58.06451612903226,357.0967741935484
2845,-579.5479485420562,1594.9919000747152,884.5363023289299,104.51612903225808,46.45161290322581,206.1290322580645
2846,-466.34780460232525,1582.3914424201803,-584.1185468222811,11.612903225806452,92.90322580645162,240.96774193548387
2847,-742.7685981263378,1236.908509332613,674.1870436264545,162.5806451612903,34.83870967741935,438.38709677419354
2848,425.0606238033269,1755.2693814548625,-68.10778419766912,23.225806451612904,11.612903225806452,159.67741935483872
2849,601.2591920413022,1278.2406111724242,-254.3751788854987,58.06451612903226,46.45161290322581,368.7096774193548
2850,294.40652466601006,1634.3797403497767,830.162377194063,58.06451612903226,11.612903225806452,368.7096774193548
2851,-764.3334370451688,1265.791181886247,-664.2519828497723,58.06451612903226,139.3548387096774,403.5483870967742
2852,-517.1545026056742,1437.8793346428881,783.1054679559111,11.612903225806452,104.51612903225808,357.0967741935484
2853,-278.6377891791506,1756.1042125043816,-554.5355454184042,81.29032258064515,23.225806451612904,403.5483870967742
2854,95.40997316108779,1492.4417752444454,838.4132160891139,23.225806451612904,162.5806451612903,136.4516129032258
2855,-687.4184819869475,1262.556073561031,-528.4668475319042,104.51612903225808,104.51612903225808,368.7096774193548
2856,1196.0019026389493,1470.3201145903492,-529.3829450523834,162.5806451612903,139.3548387096774,287.41935483870964
2857,973.3717600303016,1379.3497817514908,624.6866343933116,23.225806451612904,0.0,264.19354838709677
2858,766.8068217085632,1324.142956062515,-555.659373950673,116.12903225806453,127.74193548387098,113.2258064516129
2859,-944.8223360912353,1307.3600518362998,-503.6216668121643,104.51612903225808,46.45161290322581,299.03225806451616
2860,-542.7324687573137,1804.0902817315946,353.118797379175,162.5806451612903,11.612903225806452,171.29032258064515
2861,-740.3240399986298,1513.3044198813761,-486.0959067364897,23.225806451612904,92.90322580645162,229.3548387096774
2862,-1264.1351644059255,1713.3315156857116,-602.3014039689955,162.5806451612903,162.5806451612903,182.90322580645162
2863,-945.5955608786212,1308.2281302763163,406.27004330591865,174.19354838709677,11.612903225806452,113.2258064516129
2864,-35.66121421535655,1212.177608599572,-292.1972859058455,69.6774193548387,116.12903225806453,438.38709677419354
2865,504.59411998856234,1713.9919163235757,-1060.8268783196215,58.06451612903226,116.12903225806453,90.0
2866,-1131.5362723269568,1619.6515819015162,-459.38849553178,162.5806451612903,23.225806451612904,380.32258064516134
2867,-1116.9260004175778,1587.3844152878057,-739.0339515253445,139.3548387096774,92.90322580645162,415.1612903225806
2868,1143.5064788809825,1718.5790275150719,188.59743268260837,23.225806451612904,58.06451612903226,380.32258064516134
2869,511.7880542832948,1493.7621007267082,-700.1189662709452,0.0,46.45161290322581,101.61290322580645
2870,1185.0940472006432,1400.6705505605155,746.6103343680489,150.96774193548387,81.29032258064515,333.8709677419355
2871,-473.8949586339288,1459.4017253925867,394.921270009516,150.96774193548387,104.51612903225808,438.38709677419354
2872,-1202.7059208203848,1592.2996342980587,-571.9362201438144,162.5806451612903,150.96774193548387,136.4516129032258
2873,-370.4792994561542,1449.360389875747,163.67125391760683,34.83870967741935,23.225806451612904,426.77419354838713
2874,380.70732244734006,1402.9844436831297,14.444906344043495,104.51612903225808,127.74193548387098,322.258064516129
2875,834.3314196474441,1571.953452540826,-554.7331106517987,174.19354838709677,104.51612903225808,415.1612903225806
2876,1030.6662121600832,1499.828281392796,57.816054425382646,34.83870967741935,58.06451612903226,240.96774193548387
2877,-560.81556228554,1554.6933015731424,475.43569701428703,92.90322580645162,127.74193548387098,240.96774193548387
2878,62.343004294572246,1584.4193122328004,-283.87538104474663,58.06451612903226,23.225806451612904,171.29032258064515
2879,-1145.064342875629,1504.7610705187806,-193.50013587123334,104.51612903225808,127.74193548387098,264.19354838709677
2880,-1096.712262106826,1451.790448914336,793.9524850046375,174.19354838709677,58.06451612903226,380.32258064516134
2881,-16.565449748250316,1443.3116955236449,-311.174757889694,58.06451612903226,92.90322580645162,252.5806451612903
2882,-1186.6991075848152,1406.3587989795326,494.0345199885433,0.0,46.45161290322581,264.19354838709677
2883,830.7356531041468,1574.4073540406516,223.1505324687852,127.74193548387098,46.45161290322581,206.1290322580645
2884,924.365116296266,1395.2718188288015,-825.1496629621777,174.19354838709677,174.19354838709677,415.1612903225806
2885,435.3496154433237,1334.7475621939218,-217.50668520886444,46.45161290322581,92.90322580645162,229.3548387096774
2886,-1155.6232932090218,1662.373817032112,72.66809794885418,139.3548387096774,139.3548387096774,229.3548387096774
2887,1072.1448029825115,1701.0271202730976,882.5590924274359,46.45161290322581,11.612903225806452,438.38709677419354
2888,644.1151133261345,1435.9393893898048,-649.5188723019725,162.5806451612903,46.45161290322581,426.77419354838713
2889,1562.9802676422578,1732.534398880002,501.70740804738455,58.06451612903226,23.225806451612904,229.3548387096774
2890,672.7089468701168,1479.7446253474989,380.82837963987225,104.51612903225808,81.29032258064515,426.77419354838713
2891,605.9121262025914,1446.530976907007,30.749807454520628,150.96774193548387,162.5806451612903,287.41935483870964
2892,-379.6086155018617,1236.7722130383129,-299.915884391286,58.06451612903226,34.83870967741935,345.48387096774195
2893,177.85401028914052,1316.210237168233,-55.71469915073264,104.51612903225808,81.29032258064515,113.2258064516129
2894,342.22712091111396,1449.1378792625346,152.66619664716075,92.90322580645162,139.3548387096774,136.4516129032258
2895,1075.0896324931039,1423.6896011411563,559.6158588773058,34.83870967741935,81.29032258064515,194.51612903225808
2896,-43.3900197884828,1578.1955439375265,917.5798679667039,11.612903225806452,92.90322580645162,333.8709677419355
2897,-929.8235813932579,1800.2058973916044,-671.3553083306956,23.225806451612904,34.83870967741935,229.3548387096774
2898,-41.37070259205622,1729.6629352335622,190.68515521695772,162.5806451612903,104.51612903225808,380.32258064516134
2899,62.85757556333973,1311.3632875223136,-153.39546159302043,69.6774193548387,58.06451612903226,368.7096774193548
2900,752.2216778511265,1299.9733426160183,479.6000167011373,69.6774193548387,0.0,217.74193548387098
2901,-39.9275337487115,1298.252285392978,-716.710126565197,46.45161290322581,23.225806451612904,264.19354838709677
2902,654.5135350637183,1354.3403659900532,202.65758140431043,127.74193548387098,104.51612903225808,368.7096774193548
2903,-53.84368526706602,1265.4822197235535,-138.55539868267695,23.225806451612904,11.612903225806452,299.03225806451616
2904,652.8686947504182,1733.919234109748,-903.8967712119049,58.06451612903226,11.612903225806452,322.258064516129
2905,-1053.197665586116,1602.7430971402143,791.1620339764125,46.45161290322581,174.19354838709677,345.48387096774195
2906,1002.1232013114268,1765.055087770964,361.6021405887988,127.74193548387098,104.51612903225808,124.83870967741936
2907,1208.2420684373967,1397.8827824327022,-385.4241316437623,23.225806451612904,34.83870967741935,171.29032258064515
2908,281.62293009045527,1616.4378142810804,-16.185874535077005,139.3548387096774,104.51612903225808,415.1612903225806
2909,1160.5179932310411,1406.4498579896783,592.5579786171328,150.96774193548387,23.225806451612904,322.258064516129
2910,-1397.859285539581,1580.6203330356695,837.0703961825234,11.612903225806452,81.29032258064515,345.48387096774195
2911,802.6690423635138,1319.4571589958405,-621.0004671861851,11.612903225806452,104.51612903225808,426.77419354838713
2912,1297.3817795168343,1663.8893095053686,928.9317425651928,81.29032258064515,34.83870967741935,310.64516129032256
2913,433.7131759785061,1418.5751797707348,-64.6409317240586,34.83870967741935,81.29032258064515,171.29032258064515
2914,1111.4068051135944,1754.1728873338925,434.8665061596254,46.45161290322581,81.29032258064515,357.0967741935484
2915,-298.215509809771,1295.12451974206,-60.820558558738384,81.29032258064515,34.83870967741935,136.4516129032258
2916,644.1244623486024,1573.3168581662594,-628.2001955328263,150.96774193548387,92.90322580645162,229.3548387096774
2917,-204.19010077932214,1831.7462771179282,319.5222856404307,69.6774193548387,0.0,124.83870967741936
2918,493.4972598872275,1451.560493612706,460.4415141517995,92.90322580645162,116.12903225806453,310.64516129032256
2919,-215.20320472439707,1840.5834221274897,844.5753504000331,104.51612903225808,127.74193548387098,252.5806451612903
2920,35.312289874348046,1426.8589043391078,-806.1612916764249,34.83870967741935,162.5806451612903,391.93548387096774
2921,-471.769448167235,1284.1641266824877,478.34728891791605,81.29032258064515,104.51612903225808,240.96774193548387
2922,-938.5515315747525,1376.193436879539,680.7936892476068,150.96774193548387,34.83870967741935,310.64516129032256
2923,-1553.3307691829546,1730.3399171532099,-208.81020481127467,69.6774193548387,127.74193548387098,264.19354838709677
2924,291.39727470152013,1422.1251788102722,536.7166632409585,69.6774193548387,139.3548387096774,368.7096774193548
2925,56.57130675265236,1511.5875328978482,-421.8035373630801,81.29032258064515,34.83870967741935,391.93548387096774
2926,921.3316110365213,1320.840296316101,-25.108657955172653,58.06451612903226,58.06451612903226,171.29032258064515
2927,-20.46601029761348,1752.2939304313493,-58.46347853477223,150.96774193548387,127.74193548387098,333.8709677419355
2928,346.8858636087084,1590.1362733121446,940.9896155034176,139.3548387096774,162.5806451612903,333.8709677419355
2929,-399.6158898496038,1686.361594343191,582.008625901674,46.45161290322581,104.51612903225808,310.64516129032256
2930,829.5873423538341,1548.0074304893437,-394.22694833164167,46.45161290322581,58.06451612903226,171.29032258064515
2931,-156.50781076909882,1478.4743028037483,552.0267999913762,11.612903225806452,34.83870967741935,124.83870967741936
2932,155.99661363922993,1779.072832954893,-879.3224104414257,92.90322580645162,0.0,252.5806451612903
2933,422.13668014903124,1426.6383424016458,-873.5300716398115,104.51612903225808,92.90322580645162,136.4516129032258
2934,20.593157192375244,1572.8428158054003,-850.9791667818102,162.5806451612903,11.612903225806452,322.258064516129
2935,-107.58967955053026,1491.8642559055133,836.7280977307427,23.225806451612904,92.90322580645162,136.4516129032258
2936,506.9372294856194,1327.8339104081097,501.1499209622979,116.12903225806453,92.90322580645162,217.74193548387098
2937,623.8592676623748,1488.4603744054732,790.5022516936006,174.19354838709677,92.90322580645162,287.41935483870964
2938,-1026.5091771429923,1705.4725940324524,-1066.0980574880011,11.612903225806452,46.45161290322581,124.83870967741936
2939,-397.4893124898186,1354.77260616894,592.451991376244,139.3548387096774,150.96774193548387,438.38709677419354
2940,573.437077829749,1266.239428751831,-47.91558819187438,46.45161290322581,92.90322580645162,240.96774193548387
2941,-1186.9269966305435,1499.6489650075207,516.7024929121548,104.51612903225808,58.06451612903226,415.1612903225806
2942,-1085.6562490114945,1629.1843019899009,-967.0061165418055,150.96774193548387,174.19354838709677,240.96774193548387
2943,613.7294330727226,1361.9219642711232,-328.6878992741496,92.90322580645162,46.45161290322581,275.80645161290323
2944,-324.82827409257595,1285.8171318082223,56.175694445576774,92.90322580645162,58.06451612903226,357.0967741935484
2945,-868.8840533204013,1584.4699004500842,741.911813098887,127.74193548387098,127.74193548387098,299.03225806451616
2946,129.42520076534015,1800.9976630945105,-12.91757667343596,127.74193548387098,23.225806451612904,426.77419354838713
2947,708.6346945657745,1764.6977318146664,-808.0998390920627,150.96774193548387,34.83870967741935,415.1612903225806
2948,640.151228009609,1269.1280307690058,-322.9651394879334,69.6774193548387,23.225806451612904,415.1612903225806
2949,-709.5929594403395,1290.5198103892587,609.0978439831913,174.19354838709677,46.45161290322581,252.5806451612903
2950,-906.2263055068801,1734.2139121657483,994.0046755205395,81.29032258064515,92.90322580645162,206.1290322580645
2951,454.85063432515443,1226.5048127398204,125.43025782283479,150.96774193548387,69.6774193548387,264.19354838709677
2952,-992.3570652013993,1216.129427154868,498.4471332468265,23.225806451612904,46.45161290322581,194.51612903225808
2953,-698.1789679669781,1447.1903469378133,128.4071495882106,81.29032258064515,81.29032258064515,415.1612903225806
2954,387.53094143617756,1216.990213840172,-640.8539252607137,34.83870967741935,81.29032258064515,287.41935483870964
2955,-1359.5889924430132,1672.5029809441899,-415.10600654766597,81.29032258064515,11.612903225806452,415.1612903225806
2956,1370.9193842615864,1592.10408165516,-465.3171168142939,150.96774193548387,81.29032258064515,240.96774193548387
2957,1068.6432039953136,1602.7551316224155,-562.7259985866436,23.225806451612904,11.612903225806452,322.258064516129
2958,-890.6477459553431,1202.6579443893675,402.6332442672455,46.45161290322581,34.83870967741935,426.77419354838713
2959,-445.48596741558913,1556.475107531113,534.0732708105662,69.6774193548387,104.51612903225808,182.90322580645162
2960,-1419.572659749507,1645.4775016359463,-664.35462928203,11.612903225806452,174.19354838709677,299.03225806451616
2961,157.88158806823898,1257.9293092063049,302.0952510669673,92.90322580645162,81.29032258064515,101.61290322580645
2962,-1230.6169841044903,1769.7922382282443,947.9924620441157,58.06451612903226,92.90322580645162,322.258064516129
2963,-752.5324609975157,1217.7841979400719,758.1333101416615,127.74193548387098,150.96774193548387,217.74193548387098
2964,-1112.9326873869775,1641.061979196483,-876.7391847143626,174.19354838709677,46.45161290322581,229.3548387096774
2965,-993.1922319793276,1621.7437786285864,398.0606926070738,81.29032258064515,116.12903225806453,368.7096774193548
2966,1231.3586589428405,1457.6584658357456,266.8197996444018,162.5806451612903,23.225806451612904,322.258064516129
2967,-389.01750144866884,1368.5546133225407,754.6171776953262,174.19354838709677,34.83870967741935,438.38709677419354
2968,-546.7095901153378,1753.940647084758,1089.8678935951186,81.29032258064515,116.12903225806453,345.48387096774195
2969,605.681011754447,1207.024135110886,377.8977431046803,162.5806451612903,46.45161290322581,182.90322580645162
2970,559.2465003965391,1661.5226301434216,529.240837232987,150.96774193548387,58.06451612903226,217.74193548387098
2971,1256.9818952444164,1790.4665043597556,-279.71021521264896,0.0,81.29032258064515,171.29032258064515
2972,701.7314994765604,1654.267344730507,678.3911662849144,34.83870967741935,34.83870967741935,240.96774193548387
2973,-750.6030002215123,1744.7815848665848,595.7190422129221,174.19354838709677,23.225806451612904,113.2258064516129
2974,-1000.4124007450098,1674.4041833171543,319.90638860526593,104.51612903225808,69.6774193548387,415.1612903225806
2975,491.686274512087,1685.287152265507,189.53207305519192,92.90322580645162,162.5806451612903,101.61290322580645
2976,632.6186292316142,1769.4640924632658,-381.2108416563763,81.29032258064515,58.06451612903226,333.8709677419355
2977,477.6480055240278,1619.1288495124127,889.716651283256,46.45161290322581,174.19354838709677,415.1612903225806
2978,-135.44442691742518,1559.7621930579407,720.1748376215398,11.612903225806452,23.225806451612904,357.0967741935484
2979,834.4497489951848,1471.5277244116328,268.2035901957377,58.06451612903226,162.5806451612903,357.0967741935484
2980,-508.12356745235047,1205.4508722743312,-265.80370701058047,162.5806451612903,104.51612903225808,240.96774193548387
2981,204.74676134319355,1475.6943831298738,90.19960835357725,23.225806451612904,104.51612903225808,159.67741935483872
2982,-489.380478108664,1352.79706938924,-724.6359570077811,162.5806451612903,58.06451612903226,403.5483870967742
2983,-734.2383334719591,1367.9558558259555,-823.9439177597894,46.45161290322581,150.96774193548387,113.2258064516129
2984,1265.145927107951,1577.1946216875162,491.4201526784458,116.12903225806453,81.29032258064515,403.5483870967742
2985,-285.1859998729454,1447.8664007097648,327.9382139308249,92.90322580645162,46.45161290322581,322.258064516129
2986,1037.908685064146,1530.3956863480428,-211.47077433779504,0.0,0.0,240.96774193548387
2987,1434.2627296606152,1715.9544225205184,303.9044049259793,127.74193548387098,11.612903225806452,113.2258064516129
2988,901.9205034297347,1673.9767700642776,-542.6100632124112,127.74193548387098,11.612903225806452,415.1612903225806
2989,-787.574072582451,1204.1969139785222,-602.6030006915688,104.51612903225808,116.12903225806453,391.93548387096774
2990,713.6744518685687,1671.025001105939,-64.64497960615478,34.83870967741935,150.96774193548387,322.258064516129
2991,-346.8680392907988,1624.4029256372028,343.951921298895,116.12903225806453,174.19354838709677,368.7096774193548
2992,8.404099839435908,1690.4866801449107,570.2801327020079,46.45161290322581,34.83870967741935,171.29032258064515
2993,-11.608900100783437,1448.4359666508803,-279.3380798059008,58.06451612903226,104.51612903225808,240.96774193548387
2994,1086.520997866143,1509.670389135731,-682.1915068953463,116.12903225806453,81.29032258064515,159.67741935483872
2995,-1180.960063442424,1822.171175081656,-368.1727030724975,23.225806451612904,150.96774193548387,357.0967741935484
2996,1447.5319299886442,1719.583088233728,387.8990917005716,58.06451612903226,104.51612903225808,391.93548387096774
2997,-933.3782562342387,1396.9717160534099,342.947157215802,0.0,174.19354838709677,171.29032258064515
2998,1342.7488020750138,1548.6832252490078,467.0683108159586,58.06451612903226,81.29032258064515,124.83870967741936
2999,877.8235864346445,1396.435817486841,-740.6281697641339,139.3548387096774,127.74193548387098,136.4516129032258
3000,375.28786808059584,1475.751423440846,-606.2427578243886,127.74193548387098,58.06451612903226,113.2258064516129
3001,-716.037159229424,1444.422612339847,813.7127240340865,104.51612903225808,11.612903225806452,101.61290322580645
3002,-934.0848998521403,1518.0111741957805,-551.5490035651466,116.12903225806453,116.12903225806453,438.38709677419354
3003,-243.6607529769642,1362.246242511694,-653.791208915888,92.90322580645162,139.3548387096774,171.29032258064515
3004,136.88355892931872,1300.0047872778837,-193.45133762400204,34.83870967741935,81.29032258064515,299.03225806451616
3005,-708.3805954251865,1801.070765657702,239.79557030736558,34.83870967741935,150.96774193548387,159.67741935483872
3006,-1239.9605891197202,1583.0095149801707,89.7955733698808,11.612903225806452,81.29032258064515,217.74193548387098
3007,-773.4811826115238,1606.167631475294,-1002.6619859185167,69.6774193548387,116.12903225806453,182.90322580645162
3008,-958.7374664250099,1825.7708411034112,345.7266638402965,139.3548387096774,23.225806451612904,333.8709677419355
3009,-581.2134221760149,1568.0935207385635,-156.04374233320647,150.96774193548387,46.45161290322581,426.77419354838713
3010,980.8400781299507,1769.4674487763414,893.6964064202556,116.12903225806453,11.612903225806452,136.4516129032258
3011,530.9894885857675,1545.8097156144922,-335.9788461834378,0.0,46.45161290322581,182.90322580645162
3012,-10.338706416198029,1422.7221847231672,-291.58956690078395,11.612903225806452,69.6774193548387,136.4516129032258
3013,1081.303907132345,1370.5386609436118,-315.75998737092095,116.12903225806453,92.90322580645162,310.64516129032256
3014,-200.2130269171472,1582.138190849902,-773.6550230005499,162.5806451612903,34.83870967741935,357.0967741935484
3015,-685.1574364175384,1530.603899675383,-250.908490738086,127.74193548387098,92.90322580645162,229.3548387096774
3016,-673.0413555368175,1485.350745402113,228.3858547310551,23.225806451612904,174.19354838709677,415.1612903225806
3017,1377.8632563242302,1715.4685255018735,-574.1595968234426,34.83870967741935,150.96774193548387,90.0
3018,-1064.6706365414173,1271.7470897603894,418.903487583985,69.6774193548387,116.12903225806453,90.0
3019,1536.578837884266,1708.8951275191484,625.6859436934503,81.29032258064515,162.5806451612903,333.8709677419355
3020,-968.7589048423755,1431.6907977815006,-395.9239729400363,127.74193548387098,116.12903225806453,206.1290322580645
3021,-262.7621157510147,1216.1611909036785,-264.6886583207392,81.29032258064515,0.0,182.90322580645162
3022,-425.4108052730995,1232.0004979728067,-175.665819107195,92.90322580645162,127.74193548387098,101.61290322580645
3023,646.6915133856137,1738.5829625712706,-815.5824721361429,0.0,150.96774193548387,124.83870967741936
3024,-1236.4465508211956,1516.4547160632296,520.7002098398438,104.51612903225808,0.0,182.90322580645162
3025,-46.31444885204914,1447.7335141890596,-852.7044198504136,162.5806451612903,104.51612903225808,357.0967741935484
3026,475.8323614523374,1394.2155273050737,763.0766473823674,0.0,58.06451612903226,229.3548387096774
3027,-34.20720206369232,1479.561095727783,-77.55378868046279,150.96774193548387,58.06451612903226,171.29032258064515
3028,-370.0099512094026,1586.0118903670539,211.16085101795736,92.90322580645162,139.3548387096774,415.1612903225806
3029,-1459.0668090690585,1835.9126326946348,688.3253621616083,162.5806451612903,150.96774193548387,124.83870967741936
3030,927.8184472747572,1846.7324426932996,1070.2607948675704,23.225806451612904,92.90322580645162,240.96774193548387
3031,-454.0032855676641,1431.3805569682881,778.1032358754965,104.51612903225808,174.19354838709677,124.83870967741936
3032,771.5650703466448,1325.5543966778032,-804.8619535291089,69.6774193548387,46.45161290322581,275.80645161290323
3033,-125.69250750349514,1350.8527616837657,370.81965641139,139.3548387096774,174.19354838709677,357.0967741935484
3034,-379.7850856805386,1792.0843838799065,-475.0740823630887,150.96774193548387,58.06451612903226,322.258064516129
3035,-984.5740693033773,1539.9015446159985,-972.6189808885472,23.225806451612904,92.90322580645162,217.74193548387098
3036,-413.4678340008042,1331.4986926017793,-656.7040613502329,104.51612903225808,139.3548387096774,310.64516129032256
3037,-163.4148073678139,1309.2815370499688,683.4921943001367,139.3548387096774,81.29032258064515,426.77419354838713
3038,133.6680131764817,1466.1411771461358,772.0474154467612,162.5806451612903,46.45161290322581,275.80645161290323
3039,819.946769477004,1418.0252107861454,347.736856435859,162.5806451612903,150.96774193548387,194.51612903225808
3040,1177.815125898841,1427.7075948392958,879.1778801504661,11.612903225806452,162.5806451612903,217.74193548387098
3041,-1041.9894796396345,1570.5463917218274,-1011.4076744865974,81.29032258064515,34.83870967741935,299.03225806451616
3042,69.91387068453835,1366.148318514758,786.3017528587958,81.29032258064515,58.06451612903226,403.5483870967742
3043,-733.3241690966215,1844.6029596550911,493.6718338812401,127.74193548387098,34.83870967741935,345.48387096774195
3044,618.5241653302875,1495.9567095377374,-778.0618041750517,23.225806451612904,150.96774193548387,101.61290322580645
3045,-323.44450972315747,1388.43936362418,632.6006993156774,104.51612903225808,58.06451612903226,240.96774193548387
3046,-1073.3889543710952,1759.4070777831841,696.9309527239009,162.5806451612903,162.5806451612903,357.0967741935484
3047,-247.75681164652,1213.1078849149164,193.0548490429933,0.0,174.19354838709677,240.96774193548387
3048,847.266692481119,1312.9512175982927,543.7139298416004,150.96774193548387,69.6774193548387,322.258064516129
3049,284.78337134534576,1274.2064524756054,98.18010981676615,34.83870967741935,11.612903225806452,194.51612903225808
3050,-1367.035802353767,1763.2333482174924,825.9965459889561,104.51612903225808,162.5806451612903,217.74193548387098
3051,761.0746825183977,1298.3626034179586,2.0226114408268714,162.5806451612903,81.29032258064515,264.19354838709677
3052,1038.6205162673423,1799.7209969050516,819.1446656652031,104.51612903225808,34.83870967741935,426.77419354838713
3053,196.93498058332483,1681.5909074022406,-530.1252592259341,69.6774193548387,34.83870967741935,90.0
3054,362.1061022032063,1273.197213750362,711.6760481814589,34.83870967741935,69.6774193548387,264.19354838709677
3055,643.8225806209007,1345.3953031923254,214.74468579098217,162.5806451612903,127.74193548387098,438.38709677419354
3056,548.8800235240249,1771.0798778672547,902.9910045174458,69.6774193548387,104.51612903225808,426.77419354838713
3057,602.6692995621356,1322.3724973370158,-417.91424210679793,69.6774193548387,150.96774193548387,391.93548387096774
3058,-433.90429334250024,1796.282586534604,1052.7926611471694,139.3548387096774,81.29032258064515,229.3548387096774
3059,-1297.7261234789485,1755.1569512071087,-18.3970423462684,58.06451612903226,139.3548387096774,229.3548387096774
3060,141.23803295727964,1208.2702533875117,89.54590096865083,127.74193548387098,150.96774193548387,310.64516129032256
3061,-472.04641278249096,1491.2098636862545,867.9770047124425,23.225806451612904,34.83870967741935,368.7096774193548
3062,-858.0250357702789,1221.1672867728132,691.2594967992243,139.3548387096774,34.83870967741935,240.96774193548387
3063,-533.2228930009927,1222.9325899776136,-261.72282792604864,162.5806451612903,81.29032258064515,90.0
3064,-69.5813694722979,1331.5618403997305,254.54106258250474,0.0,174.19354838709677,101.61290322580645
3065,-969.7338709502993,1716.765168187398,623.0684647452231,46.45161290322581,139.3548387096774,240.96774193548387
3066,802.2482631627131,1318.573660629226,-573.5713546672837,92.90322580645162,58.06451612903226,391.93548387096774
3067,-408.94888069842887,1269.6585844316173,-65.30556932832994,92.90322580645162,150.96774193548387,345.48387096774195
3068,-1275.644614913353,1729.1180969826219,100.62241991064855,46.45161290322581,46.45161290322581,380.32258064516134
3069,-376.3526947144719,1480.159913937971,-253.1818930538579,127.74193548387098,162.5806451612903,206.1290322580645
3070,-4.370908994879841,1297.9275360508964,-283.80253761487023,174.19354838709677,150.96774193548387,310.64516129032256
3071,638.7720293517438,1774.1894650460167,-248.24430500655606,81.29032258064515,150.96774193548387,229.3548387096774
3072,480.9666985880289,1728.1743673133526,836.4492051431059,92.90322580645162,46.45161290322581,124.83870967741936
3073,-675.8487047365189,1205.0685267871095,-158.2294542292825,23.225806451612904,58.06451612903226,299.03225806451616
3074,1535.4920650406057,1810.654934436017,184.12936405582485,92.90322580645162,46.45161290322581,194.51612903225808
3075,-1169.4849434808255,1376.5187625313386,444.4696266574899,150.96774193548387,116.12903225806453,426.77419354838713
3076,-28.769563887284733,1412.7293665651803,-818.802117556173,81.29032258064515,81.29032258064515,345.48387096774195
3077,-436.0755219476848,1577.3874581947193,551.4515247691262,23.225806451612904,58.06451612903226,310.64516129032256
3078,-1040.676717195891,1804.556497189896,15.716045809616297,162.5806451612903,69.6774193548387,275.80645161290323
3079,-877.9997162815174,1807.7912844473126,-591.7906190536562,46.45161290322581,58.06451612903226,206.1290322580645
3080,-276.1190062364813,1224.8131828938085,-468.13229080505147,81.29032258064515,139.3548387096774,101.61290322580645
3081,-837.0345579333003,1489.0627640429798,-377.8744505109753,46.45161290322581,150.96774193548387,124.83870967741936
3082,597.7190925940239,1258.6653847274245,-238.8373153766783,116.12903225806453,58.06451612903226,136.4516129032258
3083,826.4137833041465,1715.720079803317,694.0482600990736,150.96774193548387,127.74193548387098,275.80645161290323
3084,-616.5639488431569,1650.4289382555314,936.5503052735907,104.51612903225808,58.06451612903226,426.77419354838713
3085,-549.8580175870608,1204.2133312370258,395.4799864859606,81.29032258064515,81.29032258064515,206.1290322580645
3086,424.79497945962504,1644.2865620940117,539.3430474086175,69.6774193548387,69.6774193548387,357.0967741935484
3087,-505.1647596540871,1719.4265507364566,-238.59735571788505,116.12903225806453,150.96774193548387,438.38709677419354
3088,-1137.094139237996,1321.0468141445415,-304.8388297801043,23.225806451612904,81.29032258064515,310.64516129032256
3089,1024.5353134109744,1312.9482383238117,503.87701097874816,139.3548387096774,11.612903225806452,333.8709677419355
3090,1112.6207648374452,1566.197185884243,-297.4424601375538,58.06451612903226,174.19354838709677,345.48387096774195
3091,-351.53543459528794,1233.818812802596,-404.97327168674957,104.51612903225808,46.45161290322581,124.83870967741936
3092,622.7656810454242,1588.1976562210305,-872.6573845946803,69.6774193548387,58.06451612903226,380.32258064516134
3093,796.7484432052225,1515.9937831351638,-465.89772071548373,116.12903225806453,139.3548387096774,171.29032258064515
3094,1582.3058680965125,1769.0449134242926,1080.222889371663,139.3548387096774,104.51612903225808,438.38709677419354
3095,-1559.9158881452943,1741.4616091960568,511.5040675142268,174.19354838709677,116.12903225806453,252.5806451612903
3096,-303.6082199740267,1593.2169016950706,-265.65568237647466,104.51612903225808,104.51612903225808,159.67741935483872
3097,1389.8123298892315,1653.0948128517884,-323.9673084894594,162.5806451612903,139.3548387096774,101.61290322580645
3098,-1084.443760383974,1354.497434353687,-752.7707565439873,23.225806451612904,104.51612903225808,264.19354838709677
3099,-446.75368899473574,1584.9072796830294,186.11062412644034,92.90322580645162,69.6774193548387,182.90322580645162
3100,-528.806502222449,1662.5648100759843,-752.5258927885419,92.90322580645162,116.12903225806453,357.0967741935484
3101,1167.4638862080124,1512.1602364480927,-161.8339682834625,127.74193548387098,92.90322580645162,380.32258064516134
3102,-569.9056717372104,1482.5525691234714,810.4755600040338,162.5806451612903,127.74193548387098,322.258064516129
3103,918.7550316042774,1520.8359467485857,109.66581893200775,150.96774193548387,11.612903225806452,264.19354838709677
3104,-620.7104105727387,1276.6054916893588,-178.0578414290159,162.5806451612903,23.225806451612904,124.83870967741936
3105,394.98306762136133,1543.3006070706933,-538.1820225780621,92.90322580645162,46.45161290322581,252.5806451612903
3106,557.8473558540198,1786.36648432312,1065.1465842189052,92.90322580645162,58.06451612903226,403.5483870967742
3107,425.8739295621245,1537.9829399440325,38.26964232432868,139.3548387096774,116.12903225806453,182.90322580645162
3108,-583.2947849124973,1236.9298444507988,-421.3865518522125,139.3548387096774,139.3548387096774,345.48387096774195
3109,1495.3026151418765,1800.8831572357792,-878.8009374686197,34.83870967741935,162.5806451612903,403.5483870967742
3110,660.393062343112,1543.6487688300804,-241.99710504917596,81.29032258064515,104.51612903225808,415.1612903225806
3111,423.07170229068066,1298.3697064432095,234.02583837557796,127.74193548387098,139.3548387096774,345.48387096774195
3112,1038.7530152332483,1382.9562507956937,-73.00725417862938,34.83870967741935,174.19354838709677,124.83870967741936
3113,2.7994122839915647,1605.864434145926,-423.90069070054795,34.83870967741935,58.06451612903226,391.93548387096774
3114,-1075.273986303015,1323.704149974116,377.70976298713015,0.0,23.225806451612904,264.19354838709677
3115,701.7860832616348,1315.4907140867972,-713.3911763895962,0.0,11.612903225806452,148.06451612903226
3116,-354.1458683626544,1488.515999212123,417.472820644997,11.612903225806452,34.83870967741935,113.2258064516129
3117,267.792334388351,1518.3733411915057,-510.75715047972415,174.19354838709677,0.0,90.0
3118,-985.7103495405189,1508.0704575769055,222.3839397606451,127.74193548387098,104.51612903225808,136.4516129032258
3119,-219.5865492917651,1513.047600235836,-102.15827810659962,92.90322580645162,34.83870967741935,287.41935483870964
3120,-678.26964761045,1488.6565928204068,642.4318943810633,11.612903225806452,104.51612903225808,275.80645161290323
3121,-925.9790935918488,1284.8786629594806,563.2856895023947,46.45161290322581,162.5806451612903,426.77419354838713
3122,29.430369116386146,1240.777275551605,494.2924760261276,116.12903225806453,34.83870967741935,426.77419354838713
3123,-920.4298000791734,1285.637321458259,-214.0462619617323,58.06451612903226,34.83870967741935,90.0
3124,377.37042645455557,1734.0751660474687,-288.2298318827514,58.06451612903226,46.45161290322581,171.29032258064515
3125,569.422350979492,1796.6762966653746,-894.1139935599857,150.96774193548387,69.6774193548387,345.48387096774195
3126,-428.9043728166206,1805.4870821843706,1019.6169545631186,11.612903225806452,139.3548387096774,148.06451612903226
3127,-1142.1415954872216,1610.9363183084092,-480.97603100074446,139.3548387096774,81.29032258064515,357.0967741935484
3128,142.30983468996766,1280.2433103629455,346.507293456658,23.225806451612904,23.225806451612904,299.03225806451616
3129,301.0768462453648,1485.7476399868408,302.9281986574279,116.12903225806453,0.0,182.90322580645162
3130,655.1857038862536,1651.7527868578882,57.3573954973126,162.5806451612903,150.96774193548387,229.3548387096774
3131,-1065.896904433521,1496.2075162418666,849.751497445835,11.612903225806452,0.0,124.83870967741936
3132,934.4537753644258,1536.3135017721706,-875.8814823521542,162.5806451612903,104.51612903225808,194.51612903225808
3133,442.6631701652495,1243.7334217294688,-478.3942692173634,0.0,69.6774193548387,136.4516129032258
3134,637.5699801690863,1532.6134891707347,41.79194145075904,34.83870967741935,127.74193548387098,438.38709677419354
3135,634.7213899992239,1825.8779714838486,378.89532686246207,34.83870967741935,150.96774193548387,240.96774193548387
3136,-1071.04655956345,1430.2875153990822,775.7325668442853,104.51612903225808,139.3548387096774,252.5806451612903
3137,-74.30720771159596,1564.2304610193346,-113.37634194836585,104.51612903225808,92.90322580645162,275.80645161290323
3138,-851.9658051494016,1842.5043704180634,939.274497713372,104.51612903225808,139.3548387096774,264.19354838709677
3139,-398.50712397147845,1700.5691793681947,412.7144303925677,174.19354838709677,23.225806451612904,299.03225806451616
3140,988.6357759525097,1214.784223815582,-100.1429701464593,23.225806451612904,69.6774193548387,310.64516129032256
3141,1040.2442592919194,1472.4849175909453,-106.14132890882414,46.45161290322581,104.51612903225808,194.51612903225808
3142,291.7133301613916,1611.7888464270336,-951.8964122673793,69.6774193548387,139.3548387096774,264.19354838709677
3143,367.9959503503639,1709.4374894210414,-689.6145247717687,69.6774193548387,58.06451612903226,124.83870967741936
3144,-180.7129371884278,1579.3072990107755,80.99874694330786,81.29032258064515,104.51612903225808,333.8709677419355
3145,791.7971190877199,1461.0654061480632,776.3103691894438,69.6774193548387,150.96774193548387,252.5806451612903
3146,-189.95718956366403,1648.3617595110627,596.3022208652164,11.612903225806452,23.225806451612904,438.38709677419354
3147,1368.6195264186827,1663.747962090872,-827.0117512332537,139.3548387096774,139.3548387096774,415.1612903225806
3148,148.00696166844426,1694.380448577951,640.7789054281171,23.225806451612904,174.19354838709677,136.4516129032258
3149,475.7437004785945,1693.6423746714702,-906.0264100521383,116.12903225806453,46.45161290322581,380.32258064516134
3150,83.08087077143594,1366.8751923299726,-864.5809132926362,162.5806451612903,127.74193548387098,113.2258064516129
3151,-1380.6585246687266,1727.0378385126771,434.63499787565104,46.45161290322581,0.0,264.19354838709677
3152,-899.1680803095211,1730.965033196963,224.64362954164335,69.6774193548387,174.19354838709677,229.3548387096774
3153,221.89425373001282,1260.7831231215307,66.90341513280896,104.51612903225808,81.29032258064515,182.90322580645162
3154,224.98437744315288,1547.911093012159,100.6155089735028,69.6774193548387,116.12903225806453,171.29032258064515
3155,-860.0533379628297,1305.0160528480899,21.75395317050537,116.12903225806453,11.612903225806452,391.93548387096774
3156,-543.7943393958609,1215.4545760705196,-128.11761760198826,34.83870967741935,23.225806451612904,380.32258064516134
3157,671.3011307277003,1342.6794306885952,-571.0600070078509,104.51612903225808,23.225806451612904,171.29032258064515
3158,627.4826736381094,1659.2708794358207,449.65420773302804,162.5806451612903,11.612903225806452,403.5483870967742
3159,807.963547536509,1605.7999995858547,-726.276647697742,92.90322580645162,46.45161290322581,182.90322580645162
3160,-206.76908909808134,1603.696365776743,331.9732227246613,150.96774193548387,46.45161290322581,194.51612903225808
3161,-673.1359770814348,1483.0578845568937,245.47396006062064,58.06451612903226,81.29032258064515,322.258064516129
3162,-1231.238540354974,1830.8000256162522,-19.76146981666158,58.06451612903226,92.90322580645162,345.48387096774195
3163,-1111.436461955386,1629.8449288502886,-51.221222793839694,69.6774193548387,162.5806451612903,415.1612903225806
3164,-607.5602258441927,1573.4943657316637,580.8923393724781,162.5806451612903,116.12903225806453,252.5806451612903
3165,1383.9061293756092,1741.666336708913,585.1130157141755,34.83870967741935,162.5806451612903,438.38709677419354
3166,743.7309153168726,1410.2818285891453,889.8383310632915,174.19354838709677,23.225806451612904,124.83870967741936
3167,-1183.6272183270512,1835.935870358778,761.1327845205805,139.3548387096774,69.6774193548387,368.7096774193548
3168,-1370.3794440587228,1738.8049340251441,-249.4979732201779,116.12903225806453,162.5806451612903,403.5483870967742
3169,238.78728706096143,1837.543950451331,-669.1451746347506,58.06451612903226,11.612903225806452,438.38709677419354
3170,1498.0029519128784,1752.3024788645848,773.7637332121013,34.83870967741935,23.225806451612904,287.41935483870964
3171,987.5572110504357,1471.988459690722,-678.0129622383354,116.12903225806453,127.74193548387098,415.1612903225806
3172,1217.4815141105537,1544.0069776097612,-120.94966810865486,116.12903225806453,116.12903225806453,380.32258064516134
3173,351.12933974684194,1728.6500842941923,1059.0557041733814,34.83870967741935,92.90322580645162,333.8709677419355
3174,-761.6887052254496,1473.3330880676458,51.18531748199384,0.0,46.45161290322581,229.3548387096774
3175,-525.5611984139553,1271.6593899312857,-617.4639692086064,174.19354838709677,92.90322580645162,264.19354838709677
3176,-1186.4822122078879,1384.4848971668491,-239.37764853551747,139.3548387096774,81.29032258064515,240.96774193548387
3177,-613.9221662110501,1481.2873688552988,-398.86569742706007,11.612903225806452,116.12903225806453,90.0
3178,781.0402986090379,1268.391641405182,682.7425894042607,34.83870967741935,81.29032258064515,357.0967741935484
3179,-522.2513706265405,1356.1449029077216,551.7510302920587,104.51612903225808,81.29032258064515,264.19354838709677
3180,564.8342292012255,1703.481705084863,-634.9697022393033,150.96774193548387,116.12903225806453,101.61290322580645
3181,-639.097858286015,1372.8459055192347,677.5334383028523,139.3548387096774,116.12903225806453,240.96774193548387
3182,-1180.5839917006736,1421.4978017838534,-239.71467670674951,174.19354838709677,11.612903225806452,217.74193548387098
3183,-378.01077054735225,1232.0401151883189,524.3912337978799,69.6774193548387,150.96774193548387,333.8709677419355
3184,-829.6466106856865,1798.6476005695217,-1106.8799595733553,127.74193548387098,23.225806451612904,182.90322580645162
3185,-1047.321876016071,1733.8601433692947,788.8345346139475,162.5806451612903,23.225806451612904,415.1612903225806
3186,317.2550322381808,1400.711002241968,-619.9155542451858,23.225806451612904,162.5806451612903,438.38709677419354
3187,-400.47446329410315,1257.2053129101107,361.5484222522966,174.19354838709677,46.45161290322581,333.8709677419355
3188,-1348.5218107595447,1624.3049997285154,-617.4537574619459,174.19354838709677,69.6774193548387,240.96774193548387
3189,1258.1073243086996,1418.3616201312161,-326.1665001665659,46.45161290322581,34.83870967741935,275.80645161290323
3190,1114.3140468116264,1320.965811211929,363.726018431832,162.5806451612903,139.3548387096774,171.29032258064515
3191,440.78599852055794,1622.891331256762,-905.5464436021065,34.83870967741935,23.225806451612904,438.38709677419354
3192,-701.3858707421056,1361.558456985583,-651.9697582772832,150.96774193548387,139.3548387096774,101.61290322580645
3193,59.270035754236794,1723.6881127924128,305.981630639732,150.96774193548387,92.90322580645162,113.2258064516129
3194,-561.8044927839492,1377.090836484401,-563.9793788074405,127.74193548387098,116.12903225806453,90.0
3195,1132.803161149814,1347.4036505354375,183.24153744022755,127.74193548387098,162.5806451612903,391.93548387096774
3196,-498.1088973477524,1467.478570881431,-900.267081598596,58.06451612903226,23.225806451612904,299.03225806451616
3197,-464.2457669142571,1573.6127754228419,-14.577682749492382,104.51612903225808,150.96774193548387,415.1612903225806
3198,637.166252609601,1223.8257073189716,357.0794305623691,139.3548387096774,46.45161290322581,333.8709677419355
3199,-834.9497476663853,1663.549290407342,-1085.2945162517074,174.19354838709677,0.0,206.1290322580645
3200,-1522.3952188462222,1716.4287745500883,-996.395625230493,11.612903225806452,81.29032258064515,240.96774193548387
3201,447.2845469121127,1609.032947606898,-450.6101075775201,92.90322580645162,46.45161290322581,333.8709677419355
3202,-1020.8539139073888,1705.9119941617237,-221.30633573130467,127.74193548387098,116.12903225806453,438.38709677419354
3203,-999.7344504910288,1802.4873949782566,-859.0626933263076,34.83870967741935,150.96774193548387,113.2258064516129
3204,-220.87281751506714,1549.2454568467188,-707.5072660702278,104.51612903225808,116.12903225806453,252.5806451612903
3205,494.53951599205334,1773.2576172656402,503.22903552481347,81.29032258064515,11.612903225806452,310.64516129032256
3206,-766.268280850434,1258.5891181881238,-431.5924851244482,139.3548387096774,139.3548387096774,264.19354838709677
3207,548.4746451642108,1737.9840023720128,728.7301820435118,150.96774193548387,150.96774193548387,438.38709677419354
3208,-361.40417467230446,1501.9089024404946,26.904541467771637,46.45161290322581,162.5806451612903,299.03225806451616
3209,442.04722812563773,1338.3912502716403,691.5081777636406,81.29032258064515,127.74193548387098,275.80645161290323
3210,-1216.7005183300128,1707.3758164312576,-535.9189778180255,46.45161290322581,104.51612903225808,415.1612903225806
3211,666.6717319778485,1714.2051516037054,-996.9580409267842,150.96774193548387,127.74193548387098,148.06451612903226
3212,988.7748926731387,1650.3124586695333,-720.47100528057,34.83870967741935,116.12903225806453,159.67741935483872
3213,1046.9342191852143,1418.8225696092709,647.7695928831572,46.45161290322581,174.19354838709677,264.19354838709677
3214,305.6684226627853,1530.677654534475,-569.4261216570821,162.5806451612903,139.3548387096774,403.5483870967742
3215,1000.5886320222423,1373.3582346163867,385.53247823585116,162.5806451612903,162.5806451612903,113.2258064516129
3216,-453.2786045842135,1432.3461506216797,616.3828490654854,0.0,127.74193548387098,194.51612903225808
3217,-1170.7381794775263,1697.3052977028249,-484.9840371157367,92.90322580645162,104.51612903225808,357.0967741935484
3218,-994.0587369538639,1292.1193054127557,-341.98250947423185,116.12903225806453,81.29032258064515,380.32258064516134
3219,591.4963940438194,1257.4593412757329,-117.84611758602716,81.29032258064515,81.29032258064515,194.51612903225808
3220,-1141.771866244151,1609.8370157574834,690.2323312354812,81.29032258064515,104.51612903225808,391.93548387096774
3221,1232.2724950916058,1637.4267462537653,-989.7174796161326,23.225806451612904,150.96774193548387,264.19354838709677
3222,263.27364463252945,1261.0851156567326,-526.8368874096726,127.74193548387098,46.45161290322581,113.2258064516129
3223,538.0546746758894,1519.1602930026636,961.3245837801414,81.29032258064515,150.96774193548387,299.03225806451616
3224,5.476172520215528,1243.0307588109133,469.1005114293606,150.96774193548387,46.45161290322581,299.03225806451616
3225,570.5104042488604,1774.453528322508,-585.3621646655606,92.90322580645162,46.45161290322581,438.38709677419354
3226,-365.1712268002269,1522.1555877385886,-72.46097791561112,34.83870967741935,92.90322580645162,287.41935483870964
3227,165.93786163553136,1460.3080979762747,-625.7844436748499,58.06451612903226,23.225806451612904,264.19354838709677
3228,176.5100013232251,1756.3624334087012,624.1372413928095,0.0,34.83870967741935,194.51612903225808
3229,1054.5939165780605,1230.6380586874204,659.9954066204431,81.29032258064515,150.96774193548387,159.67741935483872
3230,840.7822142428934,1512.5374165189132,-419.8437024936456,150.96774193548387,23.225806451612904,391.93548387096774
3231,-384.45560203752825,1365.964120579265,143.6145342429411,174.19354838709677,116.12903225806453,206.1290322580645
3232,715.6762424800511,1616.443896593047,-85.0090562309532,127.74193548387098,116.12903225806453,136.4516129032258
3233,244.52338572015861,1369.647331984557,-663.4812934284291,150.96774193548387,11.612903225806452,368.7096774193548
3234,-55.257922280988225,1242.8184342514203,-78.95434607425189,11.612903225806452,58.06451612903226,438.38709677419354
3235,-278.70629507946455,1617.693988071389,-426.5683588155099,174.19354838709677,174.19354838709677,287.41935483870964
3236,721.1333263161221,1754.6918014438525,1160.974922769987,92.90322580645162,127.74193548387098,322.258064516129
3237,-1312.7966326791357,1582.439334114083,-351.3816868740392,69.6774193548387,11.612903225806452,357.0967741935484
3238,-1620.2430502474201,1792.7937294162316,-781.6315631771278,46.45161290322581,92.90322580645162,415.1612903225806
3239,798.4131593388881,1692.4405044818802,-93.40201146979439,139.3548387096774,104.51612903225808,299.03225806451616
3240,-736.4618881701103,1532.827705869537,-817.0994346344761,23.225806451612904,81.29032258064515,438.38709677419354
3241,471.8796514150652,1538.833364659445,-737.5906820941789,34.83870967741935,92.90322580645162,206.1290322580645
3242,-691.0129610183276,1656.379678275783,-314.53513393670863,11.612903225806452,58.06451612903226,333.8709677419355
3243,1450.9689452080877,1819.5511212884203,-1127.630099883768,81.29032258064515,174.19354838709677,368.7096774193548
3244,273.73206709443514,1803.8817713335825,-734.9347037488232,0.0,92.90322580645162,182.90322580645162
3245,-79.41727827475074,1602.9092912651918,1016.3426277129926,150.96774193548387,139.3548387096774,426.77419354838713
3246,288.1650729370733,1449.3082766596788,-249.75603210240732,92.90322580645162,150.96774193548387,90.0
3247,-110.23125386225523,1677.8066781030382,-1033.8947923522824,69.6774193548387,58.06451612903226,240.96774193548387
3248,1190.308687974009,1712.7258222442492,1073.0370897837697,11.612903225806452,127.74193548387098,380.32258064516134
3249,247.99013287929375,1792.5422791854935,-375.82390259793533,69.6774193548387,92.90322580645162,136.4516129032258
3250,-105.63017829628959,1614.5433051112811,-19.280546394073284,23.225806451612904,116.12903225806453,148.06451612903226
3251,80.28576307279813,1804.4254359834283,-89.86138059119054,34.83870967741935,23.225806451612904,159.67741935483872
3252,-406.85412291145224,1201.190870402899,-100.35190082962772,139.3548387096774,174.19354838709677,426.77419354838713
3253,172.1447869054499,1453.634043725233,466.2614898715132,162.5806451612903,69.6774193548387,403.5483870967742
3254,1100.1362421014323,1283.031190944839,340.1915871993989,139.3548387096774,58.06451612903226,136.4516129032258
3255,692.9762971162183,1698.6824333258894,-821.6354646293835,116.12903225806453,69.6774193548387,438.38709677419354
3256,775.9302481790487,1229.0964196099458,-392.76417685382984,116.12903225806453,58.06451612903226,333.8709677419355
3257,1402.9201943684648,1848.3964755843701,-112.58265608501681,58.06451612903226,34.83870967741935,171.29032258064515
3258,376.6447990832022,1304.9709731440482,-818.6906705961651,116.12903225806453,116.12903225806453,101.61290322580645
3259,968.4296298573109,1293.838076603101,317.8181381309029,81.29032258064515,46.45161290322581,403.5483870967742
3260,1039.239478126253,1229.602902918335,-745.1975837030507,34.83870967741935,174.19354838709677,206.1290322580645
3261,249.01299662161625,1641.1722215898365,-130.12042952973727,58.06451612903226,162.5806451612903,426.77419354838713
3262,-40.9389838106625,1520.0083273043128,-446.32326299430576,174.19354838709677,81.29032258064515,229.3548387096774
3263,-620.9341937054212,1638.5641633910582,223.01740177846963,81.29032258064515,11.612903225806452,403.5483870967742
3264,-129.38707523419382,1663.6421919273553,-722.4759815878841,139.3548387096774,58.06451612903226,264.19354838709677
3265,562.0976526374272,1654.4005424029042,923.6054448279567,34.83870967741935,92.90322580645162,275.80645161290323
3266,-652.6712657013574,1270.9940290531233,-456.09167997010775,174.19354838709677,58.06451612903226,124.83870967741936
3267,-1606.2681356763644,1761.82997807815,-969.4698882629157,0.0,174.19354838709677,113.2258064516129
3268,-1155.7075799548816,1372.8200247860639,481.75034650259556,127.74193548387098,34.83870967741935,136.4516129032258
3269,-1093.6052952608027,1254.0338538095532,-197.86461627602057,162.5806451612903,150.96774193548387,217.74193548387098
3270,-1182.3976108397417,1694.0380879508728,-198.90129911089662,92.90322580645162,174.19354838709677,124.83870967741936
3271,668.5338919303308,1255.7691295747356,-578.0620563384618,150.96774193548387,11.612903225806452,159.67741935483872
3272,792.106970697499,1355.818201789258,308.70005507727177,58.06451612903226,11.612903225806452,159.67741935483872
3273,1240.7159488351565,1428.821862460296,-447.7348492066345,127.74193548387098,69.6774193548387,322.258064516129
3274,839.5453427705382,1255.4125531876991,612.9376421493827,162.5806451612903,174.19354838709677,275.80645161290323
3275,11.303144811675558,1377.4851590678982,-872.0440022433924,150.96774193548387,150.96774193548387,113.2258064516129
3276,791.7809752141029,1803.6610772004576,1049.0647155193028,23.225806451612904,139.3548387096774,136.4516129032258
3277,-976.1866768415524,1582.5972605404438,-968.9879538101122,127.74193548387098,0.0,90.0
3278,-1099.9105270357652,1835.158857667714,715.0983919191749,58.06451612903226,92.90322580645162,357.0967741935484
3279,1087.2024828855804,1578.065303489732,585.0783432720957,174.19354838709677,81.29032258064515,287.41935483870964
3280,-1019.2881837300753,1414.7309019646234,-685.7585733291169,162.5806451612903,34.83870967741935,391.93548387096774
3281,392.77949841451044,1315.0165476092172,566.3957226449206,69.6774193548387,69.6774193548387,124.83870967741936
3282,34.308926005238405,1667.7049884475978,313.0675386484007,139.3548387096774,174.19354838709677,113.2258064516129
3283,1438.5873911433684,1641.4897122607626,570.7599507687556,23.225806451612904,81.29032258064515,275.80645161290323
3284,-1576.1767485764412,1824.4867427616705,939.6187146484632,127.74193548387098,139.3548387096774,310.64516129032256
3285,-96.38608484408913,1676.491940966217,710.2228977538563,104.51612903225808,46.45161290322581,426.77419354838713
3286,167.7736690999115,1323.2254403150619,275.074199541265,23.225806451612904,150.96774193548387,229.3548387096774
3287,-1349.369705726841,1506.847011753243,507.81150336049626,116.12903225806453,0.0,206.1290322580645
3288,986.921587144104,1714.3714391757087,-887.2930444566856,46.45161290322581,116.12903225806453,206.1290322580645
3289,1199.5966485429897,1399.2605857301978,-127.98361345943547,58.06451612903226,162.5806451612903,124.83870967741936
3290,191.58784962359974,1601.5903630233436,-900.1666238472937,139.3548387096774,92.90322580645162,287.41935483870964
3291,1046.886289412536,1279.411962341577,292.8409458079063,127.74193548387098,46.45161290322581,287.41935483870964
3292,-268.7359097589752,1617.6349666205801,-384.07947631640747,11.612903225806452,34.83870967741935,345.48387096774195
3293,310.0860345188611,1354.2993048986643,105.9269974666293,34.83870967741935,139.3548387096774,264.19354838709677
3294,109.48707300056313,1343.5413954692556,836.6427252421207,58.06451612903226,92.90322580645162,264.19354838709677
3295,10.86851554241548,1762.59700762932,4.071799380178653,162.5806451612903,46.45161290322581,240.96774193548387
3296,209.8740692108315,1352.6321500008457,-581.235236258586,46.45161290322581,150.96774193548387,229.3548387096774
3297,-1049.2073458458017,1645.6617149505669,476.31073484024535,116.12903225806453,34.83870967741935,368.7096774193548
3298,-229.9751143965871,1780.308437736228,665.571056349711,116.12903225806453,127.74193548387098,194.51612903225808
3299,768.9585596688798,1243.457034525211,101.52893104317329,34.83870967741935,139.3548387096774,101.61290322580645
3300,-723.0358811133206,1354.1476406628835,-118.44133659184921,46.45161290322581,58.06451612903226,345.48387096774195
3301,166.77341105955747,1603.7196511865595,-439.017652308159,150.96774193548387,150.96774193548387,182.90322580645162
3302,-1053.984453078407,1821.0926399553252,-114.84210513638101,150.96774193548387,162.5806451612903,264.19354838709677
3303,-93.47764055066338,1332.1002418165526,353.7883798826691,34.83870967741935,162.5806451612903,275.80645161290323
3304,-1107.7729671529755,1684.9046761936784,853.5951994776182,11.612903225806452,46.45161290322581,206.1290322580645
3305,1023.0438144675411,1482.920229001655,-380.2236427292306,69.6774193548387,139.3548387096774,403.5483870967742
3306,-893.1917093956816,1713.880146252983,825.4799492529111,174.19354838709677,92.90322580645162,380.32258064516134
3307,-373.130515715836,1690.8929314465702,-422.9826685064315,127.74193548387098,69.6774193548387,368.7096774193548
3308,-508.9755501895386,1369.4818731933187,-745.047840672449,69.6774193548387,150.96774193548387,357.0967741935484
3309,-65.0112209870354,1366.23455127777,-771.8425292798961,69.6774193548387,69.6774193548387,438.38709677419354
3310,-1178.779823112718,1496.5606878491828,438.8181685771526,69.6774193548387,127.74193548387098,345.48387096774195
3311,-1195.2689851873563,1359.6093151960442,97.54646038399599,150.96774193548387,174.19354838709677,426.77419354838713
3312,125.37474744447259,1778.1579288569042,2.05099797107291,81.29032258064515,34.83870967741935,90.0
3313,449.89549914419484,1228.1142867236251,-164.25006268727057,92.90322580645162,139.3548387096774,368.7096774193548
3314,-454.67800212479455,1229.4847483222602,-381.3299707238542,81.29032258064515,81.29032258064515,136.4516129032258
3315,200.4196243753876,1692.3053767950792,1020.6702918347606,174.19354838709677,139.3548387096774,252.5806451612903
3316,-1459.5999457650641,1712.1818955429283,-995.2519774687604,174.19354838709677,58.06451612903226,194.51612903225808
3317,-580.797377122441,1471.5260308604284,-388.66691536911924,92.90322580645162,34.83870967741935,426.77419354838713
3318,341.453898261541,1296.558191124384,-127.49812627839833,92.90322580645162,23.225806451612904,229.3548387096774
3319,419.5097429442121,1369.2134556832539,-868.1715444942287,92.90322580645162,127.74193548387098,333.8709677419355
3320,-600.2558107294545,1343.4202796061115,612.8960996812739,46.45161290322581,162.5806451612903,206.1290322580645
3321,-173.21235054635446,1250.9150923963116,-769.6958655296552,162.5806451612903,23.225806451612904,206.1290322580645
3322,-1107.3411024678328,1414.3047072633958,-488.9759319231774,92.90322580645162,127.74193548387098,159.67741935483872
3323,-1157.137306257854,1801.850964728969,1085.541353835951,116.12903225806453,34.83870967741935,252.5806451612903
3324,465.78074731538504,1786.231371741487,-717.6366066085442,150.96774193548387,11.612903225806452,357.0967741935484
3325,-1408.8945239691307,1841.728881420957,-1094.4441508784823,139.3548387096774,58.06451612903226,380.32258064516134
3326,886.6194643445157,1406.7000597046417,-751.2301510645639,23.225806451612904,69.6774193548387,159.67741935483872
3327,-710.8621073302559,1238.4864658229412,-124.76994663359795,127.74193548387098,104.51612903225808,299.03225806451616
3328,-338.19407550469725,1647.5979840022696,-913.3030995760928,58.06451612903226,127.74193548387098,240.96774193548387
3329,-419.66145022222656,1466.7523178231118,674.9910795038185,92.90322580645162,174.19354838709677,229.3548387096774
3330,470.63417862308563,1793.6701321515188,-876.4199394589109,104.51612903225808,174.19354838709677,322.258064516129
3331,-1169.860602081039,1700.348218814832,196.89103449421222,116.12903225806453,11.612903225806452,287.41935483870964
3332,-351.80558643048255,1442.7239838876658,-490.77978067055204,11.612903225806452,104.51612903225808,299.03225806451616
3333,-619.499820884822,1593.7443200393343,594.8582945665661,139.3548387096774,58.06451612903226,415.1612903225806
3334,-208.0685781770791,1288.4899741186002,-432.60363855193236,46.45161290322581,104.51612903225808,368.7096774193548
3335,262.8333733379902,1644.8066757566,648.3361656281065,127.74193548387098,69.6774193548387,333.8709677419355
3336,1203.0859349345199,1433.9763832171973,-585.1940132371346,92.90322580645162,150.96774193548387,310.64516129032256
3337,1057.8705788621835,1517.6910956807844,-831.8757970046747,11.612903225806452,150.96774193548387,426.77419354838713
3338,-230.07055588551265,1475.6168818544727,325.3204982854934,11.612903225806452,46.45161290322581,217.74193548387098
3339,148.01117111531764,1526.1686345910828,779.0587332620449,162.5806451612903,46.45161290322581,299.03225806451616
3340,937.400227423678,1549.4875852610305,-829.595490941637,46.45161290322581,104.51612903225808,229.3548387096774
3341,-1004.741652305918,1670.0210846310422,-138.93622699856908,92.90322580645162,116.12903225806453,345.48387096774195
3342,807.229584350542,1526.2489563471618,-758.3957432504861,150.96774193548387,69.6774193548387,357.0967741935484
3343,544.6927474595409,1671.096782394594,532.1085527102796,23.225806451612904,23.225806451612904,391.93548387096774
3344,33.4723232374607,1535.0444573475322,620.9005299012243,104.51612903225808,92.90322580645162,124.83870967741936
3345,-1430.6800810982274,1683.8005483497027,421.3774543241646,116.12903225806453,23.225806451612904,287.41935483870964
3346,-217.49768453660536,1693.2901107640741,216.42637247673005,162.5806451612903,104.51612903225808,299.03225806451616
3347,-651.1056758141435,1211.8354545341267,-79.8206246323522,104.51612903225808,116.12903225806453,275.80645161290323
3348,377.29190103818786,1409.9894622303646,-892.609275852049,116.12903225806453,34.83870967741935,275.80645161290323
3349,-1157.7832807574982,1388.882082890187,-87.59663805137964,139.3548387096774,116.12903225806453,275.80645161290323
3350,-960.1233027976093,1653.5514266875416,-1079.4308619709589,174.19354838709677,127.74193548387098,90.0
3351,245.9596286611921,1410.973670924448,145.4835718733097,11.612903225806452,139.3548387096774,426.77419354838713
3352,1259.93308948153,1688.4087453459556,553.5356993808057,174.19354838709677,150.96774193548387,124.83870967741936
3353,1580.2009434641843,1813.542363212848,-583.2592731814631,11.612903225806452,11.612903225806452,275.80645161290323
3354,1012.2963547105396,1770.7461656033747,-505.4747055913478,0.0,46.45161290322581,240.96774193548387
3355,357.8379234627382,1627.2745296132673,75.58587338928913,104.51612903225808,92.90322580645162,403.5483870967742
3356,903.5573828056844,1451.5536961738878,840.7669792136396,58.06451612903226,139.3548387096774,136.4516129032258
3357,1079.2631290836819,1582.9258107295132,372.17057568082555,150.96774193548387,92.90322580645162,90.0
3358,520.3713808397307,1386.0695284641017,-702.0730509378119,127.74193548387098,127.74193548387098,426.77419354838713
3359,-797.1972082031559,1649.0051165420994,1053.3237457111647,23.225806451612904,116.12903225806453,380.32258064516134
3360,-1459.10649631365,1693.633029234205,481.54346493950266,174.19354838709677,81.29032258064515,357.0967741935484
3361,-834.7245864625334,1208.8710509710108,-158.71884477980015,69.6774193548387,127.74193548387098,229.3548387096774
3362,-58.081149072097205,1556.527462338294,998.1720119365261,127.74193548387098,23.225806451612904,287.41935483870964
3363,-434.16410008668544,1733.06049999102,407.8477044294827,127.74193548387098,139.3548387096774,264.19354838709677
3364,-285.74014781814816,1232.2147793400115,364.1514089181674,58.06451612903226,127.74193548387098,299.03225806451616
3365,-1093.6419540852305,1440.5701511041875,-196.7461009944806,46.45161290322581,11.612903225806452,264.19354838709677
3366,757.0435794803838,1281.9902795517298,-652.058652912116,127.74193548387098,81.29032258064515,113.2258064516129
3367,1275.842692691653,1560.8873671259144,-871.7790848763661,139.3548387096774,127.74193548387098,426.77419354838713
3368,103.38531330061062,1358.0820415709538,-715.853708198918,0.0,139.3548387096774,136.4516129032258
3369,586.8768238268906,1675.2572356622015,-369.0617380716235,58.06451612903226,139.3548387096774,426.77419354838713
3370,-653.686435022568,1729.13751332407,1096.9656551368817,139.3548387096774,127.74193548387098,229.3548387096774
3371,929.2387772881622,1444.843210074363,227.3950651016154,127.74193548387098,104.51612903225808,438.38709677419354
3372,-960.2115265014867,1439.278641225962,-595.6838621383597,174.19354838709677,46.45161290322581,124.83870967741936
3373,1066.641183844782,1766.669997152495,744.3061594656376,162.5806451612903,69.6774193548387,391.93548387096774
3374,415.1772115759876,1779.758521404476,812.1149457326959,11.612903225806452,69.6774193548387,415.1612903225806
3375,-256.92798135223677,1317.1229309342414,-676.9319649470639,174.19354838709677,46.45161290322581,148.06451612903226
3376,-1101.4889436585677,1615.094159068402,-992.4238944567928,127.74193548387098,81.29032258064515,90.0
3377,782.1472668211608,1322.8828039904758,125.68596937571641,46.45161290322581,116.12903225806453,391.93548387096774
3378,630.1241398944146,1667.0806941349883,-1078.160484751467,11.612903225806452,46.45161290322581,264.19354838709677
3379,1230.1169482377356,1842.7252404640803,-375.4608319039475,92.90322580645162,92.90322580645162,287.41935483870964
3380,-188.2742524743408,1262.0348235539207,747.8079793804555,69.6774193548387,127.74193548387098,182.90322580645162
3381,-835.5882004221961,1820.5451994009525,73.60037215310822,92.90322580645162,69.6774193548387,426.77419354838713
3382,-1066.175160007521,1521.8114038010522,63.846347080400534,139.3548387096774,162.5806451612903,229.3548387096774
3383,367.2091947089828,1229.2544034972345,679.022707318714,127.74193548387098,11.612903225806452,182.90322580645162
3384,309.11027562011736,1279.1416612068506,164.08700984288984,104.51612903225808,116.12903225806453,124.83870967741936
3385,-988.390611013083,1399.4984927863131,-323.64986712359956,81.29032258064515,139.3548387096774,380.32258064516134
3386,-1013.4001429770422,1705.533795337258,-484.64415754495576,46.45161290322581,150.96774193548387,148.06451612903226
3387,1183.027835224171,1506.955744790978,-555.000132361613,104.51612903225808,69.6774193548387,287.41935483870964
3388,635.7717695734806,1720.730680796381,-515.0282244992391,139.3548387096774,34.83870967741935,194.51612903225808
3389,-1212.608858604262,1398.309988587058,896.7994832795224,23.225806451612904,116.12903225806453,403.5483870967742
3390,1038.3175348426103,1592.2878163249538,329.09150481284206,46.45161290322581,0.0,194.51612903225808
3391,485.66868757756055,1432.0437799060844,-646.6876397553983,150.96774193548387,104.51612903225808,287.41935483870964
3392,-400.56417886492335,1563.1889458214623,-267.682739162023,0.0,58.06451612903226,159.67741935483872
3393,931.7908740609829,1585.853851154789,573.4366288499021,92.90322580645162,34.83870967741935,415.1612903225806
3394,474.915459696094,1838.0933427575474,568.9513170543224,139.3548387096774,174.19354838709677,310.64516129032256
3395,-660.584437237206,1358.2532138162076,36.32744318661825,127.74193548387098,150.96774193548387,194.51612903225808
3396,-1403.9821218352326,1734.9911622066222,1097.350615414843,150.96774193548387,116.12903225806453,391.93548387096774
3397,817.858703845609,1483.929918895496,-754.2736412296035,11.612903225806452,34.83870967741935,159.67741935483872
3398,-787.7595578359385,1478.678509576939,91.32601360342588,162.5806451612903,46.45161290322581,159.67741935483872
3399,1017.1567323246222,1689.8940217817963,-489.733490241071,11.612903225806452,150.96774193548387,159.67741935483872
3400,-318.29787643786,1539.7389673724183,213.37336461924482,104.51612903225808,58.06451612903226,124.83870967741936
3401,-1269.4198696148844,1439.7644726623228,-666.650727388537,69.6774193548387,11.612903225806452,159.67741935483872
3402,710.4630992282707,1793.1266424413056,-693.2934013498809,162.5806451612903,150.96774193548387,333.8709677419355
3403,-91.52939034881875,1423.0033058743181,158.9251629178264,11.612903225806452,34.83870967741935,275.80645161290323
3404,-549.1356326878824,1459.0102155503607,819.1410486829076,139.3548387096774,69.6774193548387,333.8709677419355
3405,1178.0951954828404,1690.4384045669512,788.0995310341629,23.225806451612904,58.06451612903226,148.06451612903226
3406,442.9119281036776,1798.6954378371372,251.8953785893645,23.225806451612904,11.612903225806452,333.8709677419355
3407,436.3669392641741,1808.8743119228695,-352.5671098823107,23.225806451612904,11.612903225806452,113.2258064516129
3408,715.7093562399897,1327.6012346810926,789.5777867890196,81.29032258064515,139.3548387096774,310.64516129032256
3409,-148.12661457423923,1849.6071920183063,-9.508549359369667,0.0,23.225806451612904,206.1290322580645
3410,1525.7535906162495,1841.0443654993828,-842.0530379202853,116.12903225806453,104.51612903225808,322.258064516129
3411,-1027.6057265182694,1536.5066461876193,-52.434818762390734,174.19354838709677,81.29032258064515,194.51612903225808
3412,920.3925065177123,1496.5098822717941,895.5821643455611,162.5806451612903,11.612903225806452,368.7096774193548
3413,-55.94146184569766,1344.6560106969946,-144.01480616196318,116.12903225806453,69.6774193548387,136.4516129032258
3414,-939.0453434331139,1232.101615969413,622.971908259276,23.225806451612904,58.06451612903226,124.83870967741936
3415,-745.0093191381347,1464.7708048284794,627.949991577985,23.225806451612904,104.51612903225808,333.8709677419355
3416,546.0140383273343,1272.30634802006,-327.18359087327286,69.6774193548387,81.29032258064515,206.1290322580645
3417,-825.8202422328834,1338.5717037125498,749.5088188702018,34.83870967741935,58.06451612903226,124.83870967741936
3418,625.1604805430068,1835.1454647837195,-1095.8384792069503,127.74193548387098,150.96774193548387,101.61290322580645
3419,-1342.9014042141002,1701.5290143846692,349.6944046189073,69.6774193548387,116.12903225806453,217.74193548387098
3420,-633.5433065631175,1465.6077126235089,443.92184500847895,104.51612903225808,69.6774193548387,403.5483870967742
3421,-1398.0813557633624,1836.535228429289,-594.7548173314805,104.51612903225808,69.6774193548387,252.5806451612903
3422,539.7202655136642,1283.0569925997545,298.590631504954,46.45161290322581,127.74193548387098,240.96774193548387
3423,1235.8532151651332,1668.7452438884704,846.7505527384379,0.0,34.83870967741935,171.29032258064515
3424,96.36160416799146,1666.883957278605,821.7328944908344,116.12903225806453,116.12903225806453,426.77419354838713
3425,-818.5167270455,1718.7869219634656,296.36071398994784,46.45161290322581,69.6774193548387,357.0967741935484
3426,-697.2602887338569,1501.5811636426595,381.4921811866959,174.19354838709677,127.74193548387098,159.67741935483872
3427,161.47710199805266,1638.7459968416842,217.5046383191713,46.45161290322581,116.12903225806453,415.1612903225806
3428,1175.44587490493,1732.8163264695258,-67.00462861223251,23.225806451612904,139.3548387096774,426.77419354838713
3429,35.3479064810843,1657.7561378532387,-978.2741287739643,23.225806451612904,174.19354838709677,206.1290322580645
3430,961.598139766643,1492.2370212766275,-778.4444933432895,46.45161290322581,139.3548387096774,217.74193548387098
3431,-608.94274466577,1375.1887108221783,-394.3014731399014,11.612903225806452,58.06451612903226,240.96774193548387
3432,110.62941503033502,1691.6160535698186,-331.18270715700777,162.5806451612903,81.29032258064515,310.64516129032256
3433,101.26442231779419,1682.6899086978087,-515.3628343816115,150.96774193548387,150.96774193548387,310.64516129032256
3434,514.6033850442743,1225.83441823429,-78.74732153007535,23.225806451612904,81.29032258064515,380.32258064516134
3435,-13.273365992579045,1777.3971790276062,-730.6685873098793,127.74193548387098,23.225806451612904,438.38709677419354
3436,-1333.6858380994386,1714.2512803498014,1025.0343458575067,104.51612903225808,34.83870967741935,310.64516129032256
3437,-71.1910798078577,1810.7648595507,-467.10520548743955,11.612903225806452,127.74193548387098,310.64516129032256
3438,-438.7749611029248,1376.993013741954,269.53689826830816,150.96774193548387,11.612903225806452,252.5806451612903
3439,628.3317088423747,1409.8886549322049,428.0301012229055,11.612903225806452,162.5806451612903,345.48387096774195
3440,656.3882580034766,1279.9498476776644,-10.339821070337862,69.6774193548387,11.612903225806452,217.74193548387098
3441,-1606.0424626496915,1825.2287265803957,188.46255089871403,81.29032258064515,116.12903225806453,217.74193548387098
3442,235.17189695923264,1764.7275040815434,-782.4526755738912,127.74193548387098,69.6774193548387,113.2258064516129
3443,-1338.365378956589,1613.4116685216852,-1011.0455131490684,11.612903225806452,92.90322580645162,287.41935483870964
3444,982.888111388701,1430.7003737971258,-585.0308319340915,0.0,162.5806451612903,124.83870967741936
3445,-1085.218580513885,1390.7972242939954,-113.00868353280222,23.225806451612904,58.06451612903226,333.8709677419355
3446,732.6957574785329,1520.74399398248,-674.9154547058886,0.0,127.74193548387098,252.5806451612903
3447,-84.33708892827063,1527.162692124322,853.5662036352679,34.83870967741935,174.19354838709677,101.61290322580645
3448,-1260.915599949437,1621.594394821857,946.6187327365292,162.5806451612903,46.45161290322581,264.19354838709677
3449,239.08138602402929,1712.962022443777,398.0778054159662,150.96774193548387,139.3548387096774,124.83870967741936
3450,398.88485580830684,1497.171918791439,-860.3253798232529,23.225806451612904,150.96774193548387,403.5483870967742
3451,-814.5313365500792,1320.4395358539114,-306.5123066888732,69.6774193548387,162.5806451612903,275.80645161290323
3452,-1185.6491510935411,1421.9568607258666,528.3027616234394,81.29032258064515,162.5806451612903,322.258064516129
3453,-709.3769870636887,1277.2143831728579,-302.7415616661797,69.6774193548387,174.19354838709677,136.4516129032258
3454,506.05883548241826,1268.0347881460311,1.6041614769385149,81.29032258064515,174.19354838709677,310.64516129032256
3455,404.62722320173816,1344.8824238562127,-58.76074052445608,34.83870967741935,174.19354838709677,333.8709677419355
3456,637.7769455400419,1367.3094638671928,681.6508553391732,92.90322580645162,150.96774193548387,182.90322580645162
3457,257.7658411553189,1786.784523674903,1124.66827928328,139.3548387096774,127.74193548387098,287.41935483870964
3458,-1347.4276268850804,1707.7789829738854,-248.85809301356653,23.225806451612904,116.12903225806453,194.51612903225808
3459,906.4170682190312,1742.7541906746505,-409.2373134631937,58.06451612903226,116.12903225806453,368.7096774193548
3460,-957.5173286582359,1820.0230082747023,1026.9166192668183,174.19354838709677,46.45161290322581,357.0967741935484
3461,736.4157671644168,1703.9153793063833,46.49907046239292,69.6774193548387,0.0,113.2258064516129
3462,-511.59863920494854,1729.5420867560867,-831.0891015132164,23.225806451612904,174.19354838709677,240.96774193548387
3463,1125.5014021686818,1706.3780279579817,984.2826533602896,174.19354838709677,116.12903225806453,264.19354838709677
3464,-741.6309506484149,1409.4020593614048,841.5386459147269,69.6774193548387,46.45161290322581,229.3548387096774
3465,1366.085552698546,1565.6885680131509,-390.1261205176469,139.3548387096774,81.29032258064515,345.48387096774195
3466,744.6080303640593,1663.344336781025,767.4393992093277,92.90322580645162,69.6774193548387,171.29032258064515
3467,1031.624918394002,1817.2018041546166,1146.8888582340726,174.19354838709677,139.3548387096774,299.03225806451616
3468,795.1067645771489,1516.6225091708818,491.9030070955662,0.0,127.74193548387098,206.1290322580645
3469,-1169.326611476122,1404.124846592081,169.94362990838692,58.06451612903226,0.0,182.90322580645162
3470,-1447.5179574263866,1675.642546458917,436.0338598241334,150.96774193548387,46.45161290322581,391.93548387096774
3471,528.6767847048843,1570.1135759911103,18.500030224526753,174.19354838709677,23.225806451612904,217.74193548387098
3472,505.70032446158245,1416.860967697684,524.5297063919597,58.06451612903226,116.12903225806453,345.48387096774195
3473,102.51405674066643,1446.058043758688,373.70812246603293,174.19354838709677,69.6774193548387,124.83870967741936
3474,522.557920456333,1307.6247148734772,671.1068009708322,116.12903225806453,46.45161290322581,101.61290322580645
3475,726.4700065535307,1741.9419441665304,545.6630927640472,11.612903225806452,162.5806451612903,240.96774193548387
3476,-1191.1681947095665,1514.9376454605097,-677.5527789147201,139.3548387096774,11.612903225806452,194.51612903225808
3477,1516.51955175039,1841.5532267418278,-123.30014493373902,162.5806451612903,174.19354838709677,368.7096774193548
3478,-884.4660144514629,1563.6229987126678,521.627872845814,81.29032258064515,139.3548387096774,159.67741935483872
3479,306.80103961883896,1300.251398495835,-668.6947929759333,92.90322580645162,127.74193548387098,391.93548387096774
3480,123.70212144541881,1721.035013448928,936.9911587115632,116.12903225806453,150.96774193548387,229.3548387096774
3481,470.19437784923656,1511.5174331649266,-722.7870845796671,162.5806451612903,139.3548387096774,124.83870967741936
3482,-162.3788237501767,1749.6917166164294,-987.9855854267731,127.74193548387098,11.612903225806452,322.258064516129
3483,-1522.9563387836472,1814.1335944729638,1015.2794503841,174.19354838709677,58.06451612903226,415.1612903225806
3484,-986.8875400783859,1244.6874050474398,-25.536446151861192,69.6774193548387,139.3548387096774,345.48387096774195
3485,-229.90835846480647,1223.1931996000878,-177.78207261077233,92.90322580645162,104.51612903225808,136.4516129032258
3486,-960.8804127132418,1343.586731397313,-320.9661262395255,127.74193548387098,92.90322580645162,159.67741935483872
3487,-649.6514817261427,1704.4296194246115,1047.16666192827,127.74193548387098,11.612903225806452,391.93548387096774
3488,-890.0445503750752,1731.31689386476,-1068.6217418281099,11.612903225806452,11.612903225806452,171.29032258064515
3489,-99.15424999354023,1819.4435834087044,-1081.4094383518188,69.6774193548387,81.29032258064515,415.1612903225806
3490,1381.8457758144154,1578.1738063138105,626.9362789616335,46.45161290322581,127.74193548387098,322.258064516129
3491,-1084.4816688680828,1589.4893327938348,713.5845893504735,69.6774193548387,92.90322580645162,333.8709677419355
3492,-1159.7411078031041,1498.3505747448237,426.3076734160222,162.5806451612903,69.6774193548387,345.48387096774195
3493,1418.3800016749906,1744.4766348942726,55.73767786887327,104.51612903225808,81.29032258064515,322.258064516129
3494,-301.44159109884134,1469.7989495671734,431.21552911981365,46.45161290322581,69.6774193548387,299.03225806451616
3495,257.8013825006712,1278.9830597869197,737.0099368009475,11.612903225806452,92.90322580645162,438.38709677419354
3496,1043.9265312264147,1281.618283295477,309.6394467402357,34.83870967741935,116.12903225806453,194.51612903225808
3497,1069.007672880794,1493.3492340181792,51.084301947104116,116.12903225806453,127.74193548387098,299.03225806451616
3498,-881.0090151799595,1584.2925453225673,-258.0967852706607,46.45161290322581,69.6774193548387,380.32258064516134
3499,0.008939328954937764,1618.2329687958782,211.74626013812752,69.6774193548387,34.83870967741935,194.51612903225808
3500,222.7544222151547,1779.402511532934,-53.76455757726699,139.3548387096774,58.06451612903226,403.5483870967742
3501,-18.670773231795756,1445.655616525889,737.2482034293944,150.96774193548387,139.3548387096774,403.5483870967742
3502,-284.604450339936,1463.4270009710401,884.731118368825,58.06451612903226,46.45161290322581,182.90322580645162
3503,545.2089311706603,1435.1419172089588,-103.78637298690751,46.45161290322581,46.45161290322581,90.0
3504,63.274259588425075,1408.9483349262232,893.9384550529768,174.19354838709677,69.6774193548387,345.48387096774195
3505,618.3540202916286,1696.071837896164,1028.4407027473862,116.12903225806453,23.225806451612904,124.83870967741936
3506,623.7285125401348,1521.4081321222786,-880.8924027627692,127.74193548387098,81.29032258064515,391.93548387096774
3507,122.37350684279261,1339.2881805312502,191.7273160184699,104.51612903225808,23.225806451612904,380.32258064516134
3508,637.1371793516029,1426.0558657054655,-735.9463078504916,92.90322580645162,116.12903225806453,206.1290322580645
3509,-1354.880283968213,1512.9690743399508,-37.608689109831595,0.0,104.51612903225808,90.0
3510,-664.9084430566903,1253.0755573649135,-411.3902985356895,92.90322580645162,162.5806451612903,426.77419354838713
3511,-734.7586898679967,1603.6349870204913,-486.66945748058055,58.06451612903226,150.96774193548387,322.258064516129
3512,843.4789236573134,1550.7213939221747,613.0225375539649,162.5806451612903,104.51612903225808,101.61290322580645
3513,-1536.0693947833095,1771.587382645341,-1026.2935560471808,58.06451612903226,69.6774193548387,299.03225806451616
3514,-129.66455193444003,1254.5603108078617,-435.54529197979406,127.74193548387098,127.74193548387098,124.83870967741936
3515,-1186.4099771409751,1602.6638273665171,293.93507883980163,116.12903225806453,162.5806451612903,90.0
3516,665.5808252289808,1610.983310108685,-444.80274831392734,0.0,34.83870967741935,124.83870967741936
3517,-929.7455081224531,1681.053569519976,541.4273222841123,150.96774193548387,58.06451612903226,206.1290322580645
3518,1005.3923988489835,1458.9822644745223,-515.0371608001443,34.83870967741935,11.612903225806452,287.41935483870964
3519,-643.6867131327426,1259.3740643048548,-546.6327785524396,23.225806451612904,104.51612903225808,113.2258064516129
3520,-1305.1691939940558,1462.8495083463358,748.1998025347581,46.45161290322581,92.90322580645162,368.7096774193548
3521,-285.4746883462784,1305.9961135255066,716.0519844832938,174.19354838709677,139.3548387096774,217.74193548387098
3522,-847.7880810084671,1797.1308253459642,618.9236012921173,104.51612903225808,116.12903225806453,148.06451612903226
3523,1152.3732818256713,1603.8845809937925,-478.51912789538807,127.74193548387098,81.29032258064515,403.5483870967742
3524,-102.80320700125358,1716.8804318861992,-693.6604598454473,58.06451612903226,58.06451612903226,194.51612903225808
3525,129.71526849026117,1370.8769508465416,759.4444799280664,127.74193548387098,92.90322580645162,322.258064516129
3526,-964.8394565042356,1629.6180867561754,95.37989390885144,162.5806451612903,34.83870967741935,345.48387096774195
3527,1100.3665672464028,1637.2636539775126,-60.52938538234027,11.612903225806452,34.83870967741935,287.41935483870964
3528,-683.2103911162736,1694.7279033425577,1066.9003825146835,150.96774193548387,58.06451612903226,438.38709677419354
3529,-1445.1715397547086,1623.0934304174611,-226.30825965630166,150.96774193548387,116.12903225806453,299.03225806451616
3530,1450.6168725367322,1753.1981678904551,1037.1496990926016,150.96774193548387,34.83870967741935,101.61290322580645
3531,548.5258325260585,1812.0287747891873,-839.1332035759219,150.96774193548387,162.5806451612903,159.67741935483872
3532,752.6694292624395,1246.1350258242185,93.8003542769975,92.90322580645162,46.45161290322581,287.41935483870964
3533,728.0845737395645,1819.69826573708,556.4648212303404,174.19354838709677,104.51612903225808,252.5806451612903
3534,-885.1698702397518,1584.607016128025,684.3092790560581,11.612903225806452,174.19354838709677,380.32258064516134
3535,-545.1683161172889,1594.7241606615296,-960.6990016841823,150.96774193548387,174.19354838709677,194.51612903225808
3536,-1184.6972137081036,1659.5533033845338,390.6684706392779,11.612903225806452,23.225806451612904,391.93548387096774
3537,-1116.1965391339122,1452.4010478854648,435.6970402053214,23.225806451612904,104.51612903225808,275.80645161290323
3538,-477.16193134451663,1478.285703127183,351.52368340196745,58.06451612903226,139.3548387096774,264.19354838709677
3539,840.2316493069084,1471.4728782197992,-392.6531643626858,46.45161290322581,92.90322580645162,113.2258064516129
3540,753.2153842981904,1460.0536172775978,155.23239767008033,162.5806451612903,34.83870967741935,206.1290322580645
3541,748.2735158339494,1810.1627329601197,-563.237115742686,23.225806451612904,162.5806451612903,252.5806451612903
3542,701.8297291278022,1447.9040250923158,11.413050685276538,104.51612903225808,104.51612903225808,415.1612903225806
3543,-807.1453712751055,1475.6143623071298,328.3857860394995,162.5806451612903,92.90322580645162,101.61290322580645
3544,1566.8329957803646,1803.278062425504,90.85489351531263,116.12903225806453,58.06451612903226,148.06451612903226
3545,831.4296885263818,1827.411797366399,-261.20025669800617,139.3548387096774,127.74193548387098,182.90322580645162
3546,130.50213969787663,1229.0427028632228,628.6133315981292,34.83870967741935,81.29032258064515,148.06451612903226
3547,432.5826235089038,1301.3851542297,524.0870304771299,104.51612903225808,11.612903225806452,136.4516129032258
3548,891.5068564614085,1591.535296223298,525.1964299077454,116.12903225806453,162.5806451612903,322.258064516129
3549,852.1194817946575,1583.7727310940616,-463.02525549454555,104.51612903225808,162.5806451612903,182.90322580645162
3550,891.4442743177958,1515.446743570128,-790.4498515637397,69.6774193548387,81.29032258064515,345.48387096774195
3551,-208.83627228185622,1277.5633140026875,-319.84304432605137,104.51612903225808,23.225806451612904,206.1290322580645
3552,-1328.4090118926615,1563.5407985765123,-164.968642568771,104.51612903225808,34.83870967741935,391.93548387096774
3553,791.7953097328704,1203.3699837634497,6.925088166380267,58.06451612903226,11.612903225806452,275.80645161290323
3554,-613.314840693751,1435.914571239114,515.0984108046252,139.3548387096774,11.612903225806452,252.5806451612903
3555,-464.2490930251673,1300.4173164618273,-153.34049768434576,58.06451612903226,58.06451612903226,148.06451612903226
3556,575.1951583430284,1806.0699751788925,-448.83012394308304,139.3548387096774,162.5806451612903,275.80645161290323
3557,-304.49966947827215,1673.6164127413267,-404.6495776122657,11.612903225806452,116.12903225806453,415.1612903225806
3558,-434.1044631102662,1773.5935811996455,-36.77161457907978,116.12903225806453,139.3548387096774,229.3548387096774
3559,-1066.1271609023406,1514.6549532530264,-540.3614863464247,116.12903225806453,174.19354838709677,287.41935483870964
3560,857.1169503966398,1414.946355576179,-453.3484250985268,23.225806451612904,150.96774193548387,380.32258064516134
3561,164.09249651667236,1342.0866370897645,-550.8215342917621,69.6774193548387,116.12903225806453,148.06451612903226
3562,-672.0331837672989,1371.6782863977378,-337.4578124537736,34.83870967741935,58.06451612903226,368.7096774193548
3563,1025.770700967622,1541.9410823366845,-665.7070781169389,11.612903225806452,81.29032258064515,136.4516129032258
3564,1077.7307919131222,1532.3569008313182,-268.63667236403865,139.3548387096774,150.96774193548387,415.1612903225806
3565,-467.42845647935775,1274.0417906763248,27.2197722757193,23.225806451612904,0.0,182.90322580645162
3566,928.9896250994016,1505.0015984325266,664.1285434000267,150.96774193548387,23.225806451612904,229.3548387096774
3567,110.6551872747648,1373.3223967988226,841.9424606322732,162.5806451612903,162.5806451612903,148.06451612903226
3568,508.2183161772256,1389.498291241323,-513.6626341185389,34.83870967741935,34.83870967741935,113.2258064516129
3569,1059.0640232171302,1541.2474949952925,935.2084134223956,116.12903225806453,104.51612903225808,403.5483870967742
3570,533.6426366328541,1569.2490879889838,-70.76653921314087,34.83870967741935,139.3548387096774,159.67741935483872
3571,209.7486364624972,1364.6803744498402,587.5851024609988,150.96774193548387,23.225806451612904,345.48387096774195
3572,-123.20283866661316,1615.8708569125977,-208.97779079586005,46.45161290322581,127.74193548387098,101.61290322580645
3573,45.391968889999745,1302.098250458779,-531.6816773008961,162.5806451612903,139.3548387096774,299.03225806451616
3574,976.2465020578753,1208.5193353033021,156.62745372026362,150.96774193548387,162.5806451612903,182.90322580645162
3575,-522.4971142277409,1333.0182898895878,787.9681709139758,139.3548387096774,116.12903225806453,345.48387096774195
3576,894.8330398965833,1463.2688645481323,723.7285718766367,116.12903225806453,174.19354838709677,113.2258064516129
3577,-23.422926173892478,1319.3679665418329,602.4351562206979,116.12903225806453,139.3548387096774,345.48387096774195
3578,-530.1551304416209,1420.162652067013,-189.33297581427607,69.6774193548387,81.29032258064515,194.51612903225808
3579,811.633723348659,1264.7969669473878,-504.9967994816351,58.06451612903226,11.612903225806452,403.5483870967742
3580,-1059.3167781886348,1626.7468783086244,-266.8551108872423,174.19354838709677,23.225806451612904,206.1290322580645
3581,-50.07538727489411,1262.119156852194,-539.809593309532,139.3548387096774,58.06451612903226,357.0967741935484
3582,1051.703888401032,1446.0290316030757,173.66225244988732,92.90322580645162,127.74193548387098,438.38709677419354
3583,1308.6326992468341,1527.3850993249234,644.3586349512443,46.45161290322581,46.45161290322581,136.4516129032258
3584,438.39754158763037,1549.0073141645223,456.90301961332057,139.3548387096774,23.225806451612904,287.41935483870964
3585,-577.0371663901733,1270.2027380296968,-295.6202361893396,139.3548387096774,174.19354838709677,148.06451612903226
3586,1033.6013615829174,1376.3988975519883,-696.3172175873705,162.5806451612903,116.12903225806453,113.2258064516129
3587,-1242.4164981952993,1505.6342405696216,257.84091340145443,58.06451612903226,116.12903225806453,148.06451612903226
3588,590.6157638166079,1354.7811926033523,-790.4040108666292,104.51612903225808,69.6774193548387,275.80645161290323
3589,610.6171742164963,1267.1515223647891,-221.92080348776307,58.06451612903226,34.83870967741935,426.77419354838713
3590,-369.7277435926427,1703.4621678869453,-980.0294014119524,11.612903225806452,162.5806451612903,90.0
3591,-1487.2233334701377,1692.787851082846,747.851075451148,46.45161290322581,46.45161290322581,229.3548387096774
3592,-463.6038760714641,1614.6066631134468,285.83099136811256,104.51612903225808,23.225806451612904,229.3548387096774
3593,97.00070594115661,1598.7169539080269,-688.625991892525,34.83870967741935,0.0,240.96774193548387
3594,-948.9293278134871,1458.5971242106634,-656.1358686932294,81.29032258064515,11.612903225806452,299.03225806451616
3595,-1568.082474098575,1774.3538440275277,1121.747520797977,116.12903225806453,81.29032258064515,217.74193548387098
3596,462.70894940303367,1312.05600558206,27.766509448053434,46.45161290322581,46.45161290322581,194.51612903225808
3597,409.0303608686437,1537.8831799077072,702.2894471373203,116.12903225806453,46.45161290322581,217.74193548387098
3598,494.72985210988156,1623.9071046420343,-1057.4973421779728,174.19354838709677,92.90322580645162,113.2258064516129
3599,1123.221103282799,1629.1346329616715,505.9390155977404,104.51612903225808,116.12903225806453,415.1612903225806
3600,251.48590466924486,1322.5190886074915,-196.83639787785606,58.06451612903226,127.74193548387098,148.06451612903226
3601,-1141.7282207308617,1590.210241206608,467.4834339655609,0.0,116.12903225806453,252.5806451612903
3602,284.45304254489264,1545.4523794519791,313.8343673425297,116.12903225806453,116.12903225806453,357.0967741935484
3603,-1143.4493001877063,1573.2640546602431,-203.47686760988034,139.3548387096774,174.19354838709677,206.1290322580645
3604,805.9373951785637,1561.8954321468898,28.768164477546243,162.5806451612903,92.90322580645162,368.7096774193548
3605,900.3231540909404,1483.1611624751606,-842.0675121930354,11.612903225806452,127.74193548387098,333.8709677419355
3606,447.3572339750115,1615.969528939469,746.6626182763134,46.45161290322581,162.5806451612903,101.61290322580645
3607,302.1642765110224,1380.4966261532336,92.09655555028426,23.225806451612904,81.29032258064515,299.03225806451616
3608,-0.24773437030809475,1744.6474181472668,28.952980680538154,0.0,162.5806451612903,90.0
3609,1120.820645298231,1394.5240552641885,-835.2204727293444,116.12903225806453,104.51612903225808,252.5806451612903
3610,-1156.405525799101,1643.3685527371417,-47.57934354450164,92.90322580645162,81.29032258064515,113.2258064516129
3611,322.4606414820196,1331.4304991038853,60.882187801244214,46.45161290322581,150.96774193548387,171.29032258064515
3612,927.1991971405242,1668.7429586184496,759.5986185051411,162.5806451612903,23.225806451612904,357.0967741935484
3613,-1006.4790945790659,1489.2420142199558,-588.7363348067689,46.45161290322581,174.19354838709677,357.0967741935484
3614,-784.5194558682767,1767.7442887489842,-705.11137119512,0.0,58.06451612903226,206.1290322580645
3615,422.6987531261214,1798.1186941973901,740.3279471887196,104.51612903225808,174.19354838709677,275.80645161290323
3616,496.9405243182427,1320.3839660693156,-605.2650522038771,139.3548387096774,104.51612903225808,264.19354838709677
3617,1147.378786115705,1599.2675032245852,-167.93569090618377,139.3548387096774,23.225806451612904,426.77419354838713
3618,514.1379404749479,1438.7161877511041,438.094866716148,34.83870967741935,0.0,90.0
3619,226.9604696122295,1277.2346357041324,-337.81362296368627,174.19354838709677,11.612903225806452,357.0967741935484
3620,556.576485855219,1708.371237252321,-322.4177258180241,23.225806451612904,58.06451612903226,171.29032258064515
3621,188.43617005408274,1487.6644656743572,536.2776714213888,81.29032258064515,23.225806451612904,264.19354838709677
3622,499.1849736396157,1660.4894951809404,-188.0437468537952,46.45161290322581,162.5806451612903,148.06451612903226
3623,988.593479241629,1584.2837488391347,-580.5974268045962,34.83870967741935,174.19354838709677,148.06451612903226
3624,143.78233797169227,1292.356689785462,-137.43652151492327,46.45161290322581,58.06451612903226,101.61290322580645
3625,638.8952889262835,1422.5772178296527,531.8472177718146,81.29032258064515,11.612903225806452,90.0
3626,923.3743497858218,1705.4447228511183,940.8718197031388,139.3548387096774,150.96774193548387,113.2258064516129
3627,-150.89758255602507,1418.7104729639727,-537.7828789687154,92.90322580645162,58.06451612903226,124.83870967741936
3628,-1062.100341220468,1737.7969251608786,1050.3881187250104,127.74193548387098,92.90322580645162,438.38709677419354
3629,-979.7329236505454,1692.6661035859236,18.779242359791937,81.29032258064515,116.12903225806453,357.0967741935484
3630,-1386.0533367048654,1561.5529726805423,883.2936314675206,150.96774193548387,162.5806451612903,322.258064516129
3631,-122.40140697985228,1538.6577174352344,145.84715944710672,139.3548387096774,139.3548387096774,403.5483870967742
3632,455.48248766270785,1678.3028561306019,-691.7484696513789,81.29032258064515,92.90322580645162,322.258064516129
3633,-732.8843757728542,1648.1904384309494,620.2441441615365,0.0,174.19354838709677,229.3548387096774
3634,-993.7001806198328,1716.7702205267,745.0224182920873,127.74193548387098,11.612903225806452,217.74193548387098
3635,940.8159418043244,1276.6854013632753,-798.9372694279182,127.74193548387098,58.06451612903226,182.90322580645162
3636,-763.0379619249475,1772.9048833628956,555.7413367037082,104.51612903225808,81.29032258064515,275.80645161290323
3637,632.4446038708984,1511.9602593151076,624.5334606503548,46.45161290322581,116.12903225806453,240.96774193548387
3638,-688.1077671630436,1572.7707192165215,-816.2427385044844,162.5806451612903,139.3548387096774,333.8709677419355
3639,1303.9669565398092,1772.835577135933,-92.07365153858208,127.74193548387098,34.83870967741935,171.29032258064515
3640,92.0708194905945,1781.9629856694014,-718.5405530997195,46.45161290322581,46.45161290322581,345.48387096774195
3641,-580.9862742785702,1547.7859398345781,370.46347739734546,139.3548387096774,174.19354838709677,264.19354838709677
3642,-775.7737037465773,1292.0781706172734,590.7340997958136,58.06451612903226,23.225806451612904,310.64516129032256
3643,1024.6590614918787,1202.3456402562274,345.0536385987896,69.6774193548387,23.225806451612904,101.61290322580645
3644,684.5221575680567,1322.8414860542618,290.1149681695797,34.83870967741935,81.29032258064515,206.1290322580645
3645,-826.4439412907185,1392.9991681535973,-570.2356035609371,11.612903225806452,92.90322580645162,368.7096774193548
3646,-805.6982802307097,1204.019353398266,-264.536721435363,174.19354838709677,34.83870967741935,252.5806451612903
3647,1181.466295874282,1668.2078608469524,-863.1529659468489,34.83870967741935,127.74193548387098,275.80645161290323
3648,324.68357916678787,1633.7185981866878,-705.9110017515745,23.225806451612904,46.45161290322581,90.0
3649,-637.1313065792527,1639.2644941992066,879.7720918537677,11.612903225806452,104.51612903225808,148.06451612903226
3650,-345.0359998598568,1701.7108946405567,-624.9093678187245,92.90322580645162,69.6774193548387,333.8709677419355
3651,-1175.839780203697,1464.2435731774328,-315.1789093841883,69.6774193548387,127.74193548387098,90.0
3652,1185.782039296207,1696.5513114403407,613.8654108595006,46.45161290322581,162.5806451612903,159.67741935483872
3653,-1443.8631970962263,1694.5525076443378,75.02710582461648,34.83870967741935,69.6774193548387,182.90322580645162
3654,1124.6686420250205,1530.9522207411603,147.95250350598562,92.90322580645162,0.0,101.61290322580645
3655,-367.55844757278135,1550.5548674871848,-766.5159770844377,46.45161290322581,58.06451612903226,333.8709677419355
3656,-808.4458520547947,1649.897332688932,-916.5852313531723,162.5806451612903,150.96774193548387,322.258064516129
3657,723.9533065021876,1286.5030653715014,-637.3252292748607,81.29032258064515,174.19354838709677,240.96774193548387
3658,1204.898947870603,1459.5090461420523,389.4032076618135,0.0,23.225806451612904,240.96774193548387
3659,-324.83677237743825,1422.2735759810598,822.144491295341,81.29032258064515,92.90322580645162,380.32258064516134
3660,-804.3218525862885,1424.1615373148334,-87.93633107116214,46.45161290322581,58.06451612903226,182.90322580645162
3661,204.08087432621738,1592.4467184974103,-176.9129588066372,127.74193548387098,162.5806451612903,345.48387096774195
3662,-351.28278337069963,1615.4462043260125,-925.4312802538411,104.51612903225808,23.225806451612904,217.74193548387098
3663,434.73199606654856,1657.384989349502,-65.31028844379811,46.45161290322581,69.6774193548387,310.64516129032256
3664,-206.00174153589776,1275.009414748359,-740.9942778787962,174.19354838709677,11.612903225806452,194.51612903225808
3665,1155.2180897458834,1533.3885268463957,393.681163545914,81.29032258064515,34.83870967741935,264.19354838709677
3666,-418.4763789135328,1241.207099824686,526.2251781312855,116.12903225806453,150.96774193548387,194.51612903225808
3667,-716.1375432587951,1457.4959153620728,557.0558467499205,139.3548387096774,162.5806451612903,403.5483870967742
3668,-818.6124072905521,1822.0301636445179,-160.90645694616245,23.225806451612904,58.06451612903226,415.1612903225806
3669,794.8285374187079,1562.1061659589482,-56.396973328411626,69.6774193548387,139.3548387096774,90.0
3670,611.4983532533122,1599.3813439128874,645.6581661573915,69.6774193548387,92.90322580645162,240.96774193548387
3671,1252.2979322180538,1763.0989262603257,1043.9301411326815,116.12903225806453,116.12903225806453,299.03225806451616
3672,631.0680731402285,1646.6568031191482,1005.4646906625132,69.6774193548387,34.83870967741935,368.7096774193548
3673,-366.3114036480705,1583.953018339097,164.40486819965264,116.12903225806453,69.6774193548387,124.83870967741936
3674,1101.897102042985,1630.9521617973257,1057.1620057429557,162.5806451612903,150.96774193548387,403.5483870967742
3675,1215.3725851469865,1514.7225609738155,-80.0912714551778,58.06451612903226,116.12903225806453,217.74193548387098
3676,-224.73717670274772,1655.3690451288312,308.5344743914563,58.06451612903226,92.90322580645162,391.93548387096774
3677,-1109.6160337772733,1635.1130019046018,492.5336732938247,127.74193548387098,46.45161290322581,368.7096774193548
3678,-1199.1898425279367,1832.9459462350796,816.3115147416459,174.19354838709677,81.29032258064515,171.29032258064515
3679,1039.9664715513102,1386.7119740917485,-541.2687031777306,23.225806451612904,92.90322580645162,299.03225806451616
3680,222.06002956918223,1274.4696612371333,68.31638306781099,23.225806451612904,104.51612903225808,310.64516129032256
3681,1362.2900374615654,1757.6410355737678,-1088.0413784512145,104.51612903225808,116.12903225806453,403.5483870967742
3682,1542.8188476215482,1714.1135708837144,233.1230267759393,92.90322580645162,127.74193548387098,380.32258064516134
3683,635.5572303722408,1536.2860784881873,718.904338267565,81.29032258064515,34.83870967741935,275.80645161290323
3684,-1408.5374050523444,1841.5450967702131,552.6662704313351,81.29032258064515,23.225806451612904,206.1290322580645
3685,-998.801395494052,1735.8821687031948,-376.26418694073357,34.83870967741935,34.83870967741935,357.0967741935484
3686,-274.8109753276628,1530.077249504291,817.0479861184023,116.12903225806453,174.19354838709677,310.64516129032256
3687,-734.774785844688,1425.3194518309579,6.378127497720065,116.12903225806453,69.6774193548387,426.77419354838713
3688,-501.9881095211822,1203.2656373200728,-193.78177896726916,23.225806451612904,116.12903225806453,287.41935483870964
3689,-1439.1418703052896,1685.9691956698882,378.0989659518953,174.19354838709677,34.83870967741935,287.41935483870964
3690,1033.550876160159,1525.7798676479144,866.420437089927,81.29032258064515,23.225806451612904,113.2258064516129
3691,540.5610363788929,1246.802889289452,-414.35466651583386,0.0,81.29032258064515,264.19354838709677
3692,141.38263632347724,1628.9816471838985,1026.6194963548235,174.19354838709677,162.5806451612903,229.3548387096774
3693,776.1999976748812,1616.0533505077406,-26.113650461408078,116.12903225806453,139.3548387096774,403.5483870967742
3694,188.45954536442912,1640.2063243852147,-882.5994038062591,58.06451612903226,58.06451612903226,182.90322580645162
3695,-622.0331922309268,1531.7664543293404,-960.795487475472,11.612903225806452,139.3548387096774,252.5806451612903
3696,-1325.3774346293324,1588.7288640342078,605.1791051958866,150.96774193548387,116.12903225806453,368.7096774193548
3697,305.51155277521184,1756.0155053581993,-697.3459860082202,127.74193548387098,46.45161290322581,438.38709677419354
3698,-340.98354573822667,1291.9317739221851,-523.9477837120262,46.45161290322581,162.5806451612903,403.5483870967742
3699,-1050.36175561561,1561.600995359815,877.6814105817431,69.6774193548387,139.3548387096774,252.5806451612903
3700,-313.2637326452212,1303.3945078105896,-183.8764377674999,127.74193548387098,116.12903225806453,194.51612903225808
3701,-631.5613944298826,1232.6610323194814,406.0380844961205,139.3548387096774,139.3548387096774,148.06451612903226
3702,485.63518282884297,1250.5357785295907,-648.779920956227,116.12903225806453,150.96774193548387,310.64516129032256
3703,844.0210312198512,1249.7933612729814,-370.38597442776444,139.3548387096774,127.74193548387098,310.64516129032256
3704,-337.6333379070658,1612.2375793595804,-269.4031194677393,139.3548387096774,11.612903225806452,299.03225806451616
3705,736.6270278108706,1697.08872130035,10.414981248481148,150.96774193548387,23.225806451612904,403.5483870967742
3706,-330.0374121829506,1647.00872560176,-1007.6807117229035,69.6774193548387,46.45161290322581,217.74193548387098
3707,590.44981112661,1795.6630551085161,-69.35321533747789,46.45161290322581,92.90322580645162,287.41935483870964
3708,336.849932541239,1475.580599772831,373.36843708987055,139.3548387096774,23.225806451612904,275.80645161290323
3709,938.3942590793021,1433.5526567894253,-26.285560761525062,34.83870967741935,34.83870967741935,264.19354838709677
3710,-988.8410859973445,1313.51560181689,360.37954963464483,11.612903225806452,81.29032258064515,415.1612903225806
3711,112.959244990979,1291.3789065459387,159.41209814442345,81.29032258064515,127.74193548387098,368.7096774193548
3712,368.68207519943576,1575.5103663689904,-49.75512167364009,104.51612903225808,104.51612903225808,275.80645161290323
3713,86.66249926079566,1447.5609856273768,-310.0006257565272,34.83870967741935,92.90322580645162,345.48387096774195
3714,808.2571959900516,1432.672700232004,-76.34714431899195,58.06451612903226,127.74193548387098,124.83870967741936
3715,-1449.5697987729227,1721.724239409339,-437.60575886019694,81.29032258064515,139.3548387096774,240.96774193548387
3716,-497.22152958079386,1372.5712174720143,577.4876632885391,69.6774193548387,11.612903225806452,194.51612903225808
3717,-465.85761894710805,1432.3162038920204,-690.5466278066217,58.06451612903226,58.06451612903226,368.7096774193548
3718,-1039.0129951293945,1246.8858595856696,-412.93624021824354,46.45161290322581,162.5806451612903,194.51612903225808
3719,-67.72942183917775,1468.9133496585252,668.5497974821379,34.83870967741935,46.45161290322581,171.29032258064515
3720,-433.5220949266784,1724.3977185740719,422.71998353935965,11.612903225806452,116.12903225806453,287.41935483870964
3721,-1171.813730232187,1750.8249028013786,318.6247771585736,116.12903225806453,23.225806451612904,113.2258064516129
3722,-1293.4409826630692,1634.969517960917,474.9379641233496,139.3548387096774,46.45161290322581,403.5483870967742
3723,-157.89744810407456,1339.764987047967,250.20485743171133,11.612903225806452,139.3548387096774,322.258064516129
3724,-10.371810067393561,1371.9369077139813,-144.13449023327053,34.83870967741935,34.83870967741935,275.80645161290323
3725,1214.2689505200665,1537.7455853792178,32.570908964906664,139.3548387096774,81.29032258064515,113.2258064516129
3726,-402.8041359382442,1286.4783468068065,-47.21319621546467,127.74193548387098,162.5806451612903,171.29032258064515
3727,-502.653051704066,1293.3500329494923,151.35146322954344,127.74193548387098,23.225806451612904,252.5806451612903
3728,169.74837750574298,1227.31969365828,-228.34286278303156,81.29032258064515,11.612903225806452,148.06451612903226
3729,-224.00190387953333,1319.8439862675446,142.84081651276335,58.06451612903226,23.225806451612904,90.0
3730,-755.8530316359802,1437.2470499164629,-200.00594109267843,92.90322580645162,104.51612903225808,101.61290322580645
3731,555.1706647386007,1590.7744270722435,624.1116821717142,11.612903225806452,69.6774193548387,310.64516129032256
3732,-1426.7147813804995,1774.1093185389238,-941.9137364091404,104.51612903225808,34.83870967741935,229.3548387096774
3733,-47.25454969286993,1792.6354304174695,-791.5367165625487,81.29032258064515,34.83870967741935,159.67741935483872
3734,-885.1817285718492,1430.3490286338467,-63.37543702680204,162.5806451612903,81.29032258064515,391.93548387096774
3735,428.380088060689,1702.32042964119,-706.525293436088,127.74193548387098,174.19354838709677,391.93548387096774
3736,390.9773259117605,1689.6771123391281,980.8274229013152,69.6774193548387,127.74193548387098,380.32258064516134
3737,1192.0091188132508,1414.0262986967973,-640.9482446417096,104.51612903225808,92.90322580645162,310.64516129032256
3738,-531.9616903107068,1283.033420673343,-277.6892428622037,174.19354838709677,150.96774193548387,415.1612903225806
3739,-606.334404530094,1800.69192983826,1136.3332300911186,139.3548387096774,174.19354838709677,136.4516129032258
3740,-590.5210262233062,1208.0805409051984,-442.1120955051899,127.74193548387098,81.29032258064515,275.80645161290323
3741,-1008.8114896737375,1276.547061475973,-7.587379025404761,127.74193548387098,34.83870967741935,124.83870967741936
3742,-657.4280985729897,1249.482028662925,-752.2667181561604,162.5806451612903,11.612903225806452,275.80645161290323
3743,-1389.9637507603363,1716.5639683959898,-39.12012544519197,127.74193548387098,139.3548387096774,252.5806451612903
3744,-498.9207882574881,1452.1362588610375,-893.4283234174438,139.3548387096774,150.96774193548387,287.41935483870964
3745,850.1935168260704,1591.8612085810935,336.8878044481114,81.29032258064515,81.29032258064515,182.90322580645162
3746,574.6446842082927,1343.5887858548178,768.6259778658236,162.5806451612903,127.74193548387098,380.32258064516134
3747,-1414.9564499053615,1625.0262058603894,-963.8453884414338,81.29032258064515,116.12903225806453,403.5483870967742
3748,28.345354824767632,1370.7774626014518,835.1951425622983,58.06451612903226,23.225806451612904,101.61290322580645
3749,757.4921395893907,1432.6443863212517,554.254677721556,127.74193548387098,11.612903225806452,148.06451612903226
3750,804.4388608739364,1313.739714936024,300.15016111859063,92.90322580645162,81.29032258064515,391.93548387096774
3751,-523.550794955645,1796.4789141017193,580.6381627859641,139.3548387096774,104.51612903225808,217.74193548387098
3752,1042.43006647634,1755.577430931713,339.87582938839614,162.5806451612903,92.90322580645162,357.0967741935484
3753,-967.2657318433428,1208.4531693407284,333.8366411758262,174.19354838709677,162.5806451612903,368.7096774193548
3754,-1137.5838742783249,1824.2112832114333,-831.3077024047986,0.0,81.29032258064515,101.61290322580645
3755,-79.47597545131356,1206.328432051544,-3.8062209566982474,150.96774193548387,34.83870967741935,124.83870967741936
3756,-218.95755827184047,1564.9221837558498,983.8044876758516,150.96774193548387,58.06451612903226,391.93548387096774
3757,347.56564071488293,1334.5030024746554,-289.93593129914643,34.83870967741935,69.6774193548387,391.93548387096774
3758,-966.1416880905203,1670.3511851004748,770.9651193486786,150.96774193548387,92.90322580645162,194.51612903225808
3759,-1010.467304770085,1601.1735452406892,112.99129867213438,81.29032258064515,0.0,159.67741935483872
3760,-795.8265241725659,1652.8805001708606,824.3938829005435,58.06451612903226,174.19354838709677,206.1290322580645
3761,1049.3040347546953,1725.0953031343759,-69.76032196619428,23.225806451612904,174.19354838709677,252.5806451612903
3762,-1281.9814610686985,1523.19090398198,89.32045309948595,150.96774193548387,34.83870967741935,438.38709677419354
3763,-513.3714798780371,1755.1729773372695,-850.5888568165254,11.612903225806452,0.0,101.61290322580645
3764,-594.2671751240208,1245.299727005768,-153.6081897741899,116.12903225806453,104.51612903225808,426.77419354838713
3765,1061.708862060427,1305.974173663436,-407.2392665939734,58.06451612903226,34.83870967741935,113.2258064516129
3766,-206.89185999911288,1262.9521833708432,-363.28967311716445,69.6774193548387,23.225806451612904,148.06451612903226
3767,1418.2166321874722,1738.5683916744324,-459.70951876691333,150.96774193548387,127.74193548387098,182.90322580645162
3768,-316.36017350373766,1523.8736979731698,109.43530745165191,150.96774193548387,81.29032258064515,275.80645161290323
3769,-617.9055446549768,1724.449260924247,-268.83654962308157,0.0,69.6774193548387,159.67741935483872
3770,-435.91593181120436,1449.670045460341,528.2456060022778,69.6774193548387,69.6774193548387,264.19354838709677
3771,405.66981846340155,1760.6009187712057,1115.4470136826965,46.45161290322581,69.6774193548387,403.5483870967742
3772,-302.47207361382686,1249.2318739055102,-644.1783754671006,150.96774193548387,139.3548387096774,264.19354838709677
3773,628.803045094535,1217.4494220722393,-362.5268013602845,162.5806451612903,58.06451612903226,148.06451612903226
3774,319.7914250720017,1211.145051818404,158.63110918587947,116.12903225806453,58.06451612903226,90.0
3775,-715.1718542441538,1375.777861918077,-412.0894531225247,162.5806451612903,150.96774193548387,90.0
3776,128.74029636334433,1815.7234995802291,-1155.1199109455774,81.29032258064515,0.0,229.3548387096774
3777,336.7960547151359,1410.9344584532262,404.0418238653466,58.06451612903226,34.83870967741935,101.61290322580645
3778,-1567.8792405735962,1794.4456649634628,-106.54529757305244,69.6774193548387,127.74193548387098,357.0967741935484
3779,-1251.7096438988187,1418.7048338613558,-551.1585725858398,116.12903225806453,46.45161290322581,171.29032258064515
3780,-307.2054408789564,1394.3956986294852,-338.0849795362505,92.90322580645162,92.90322580645162,380.32258064516134
3781,-83.51217443074397,1694.4023684147048,754.0229177986948,46.45161290322581,69.6774193548387,171.29032258064515
3782,397.20240289422225,1492.6658543718818,432.5453534687684,162.5806451612903,116.12903225806453,148.06451612903226
3783,676.9656505778275,1243.286624836497,348.6841613220408,174.19354838709677,139.3548387096774,148.06451612903226
3784,-1532.3235927051642,1773.0929849085353,-241.8710058975785,104.51612903225808,162.5806451612903,206.1290322580645
3785,131.69346348477066,1478.583624322066,-878.7982517409221,81.29032258064515,150.96774193548387,264.19354838709677
3786,509.1166904966439,1514.6934323459946,-457.35679820457324,127.74193548387098,139.3548387096774,299.03225806451616
3787,862.4702106143072,1319.306281688976,198.34822644036993,81.29032258064515,11.612903225806452,182.90322580645162
3788,-919.71716248434,1769.8723021077985,-743.3575090025278,162.5806451612903,104.51612903225808,415.1612903225806
3789,-573.815008223559,1301.4107875209345,-551.4721549031182,139.3548387096774,34.83870967741935,113.2258064516129
3790,-455.8786780040357,1726.7969486407396,491.74259952172116,81.29032258064515,116.12903225806453,90.0
3791,931.5308697274063,1779.3591153051086,-138.84122603191963,92.90322580645162,34.83870967741935,124.83870967741936
3792,-946.6071768803738,1310.9308742417102,-608.5578904247809,23.225806451612904,116.12903225806453,206.1290322580645
3793,-1095.7885076231275,1735.3402970671948,817.0332822741736,34.83870967741935,81.29032258064515,368.7096774193548
3794,391.9038505585869,1757.1720100432756,-898.4117043323439,139.3548387096774,34.83870967741935,415.1612903225806
3795,153.73236849060046,1328.6814730550811,729.2719347067895,150.96774193548387,104.51612903225808,182.90322580645162
3796,-893.2345979848435,1318.1171387962872,419.7565786030149,46.45161290322581,127.74193548387098,299.03225806451616
3797,-435.1666538329631,1379.9326803842685,-676.9591868831434,58.06451612903226,150.96774193548387,403.5483870967742
3798,661.7674166358843,1669.5977802865457,-578.7815540401181,34.83870967741935,23.225806451612904,368.7096774193548
3799,-875.093875723949,1466.2314825119329,384.97278614191225,46.45161290322581,46.45161290322581,124.83870967741936
3800,-950.946857635568,1685.123770845851,658.3411193116597,104.51612903225808,150.96774193548387,403.5483870967742
3801,-459.40512385751583,1578.8427041482842,76.87635907711385,23.225806451612904,92.90322580645162,171.29032258064515
3802,571.2494783547859,1705.0547615506382,63.50528679913161,127.74193548387098,116.12903225806453,101.61290322580645
3803,1039.3037709051537,1697.425106029103,495.26565113381906,162.5806451612903,69.6774193548387,357.0967741935484
3804,992.4484492504199,1286.7164257001439,-660.9088881643193,104.51612903225808,139.3548387096774,171.29032258064515
3805,-1445.9411544391667,1813.7248372218191,-269.36734967498205,69.6774193548387,116.12903225806453,136.4516129032258
3806,961.3894084217002,1808.1795578920978,1094.8790501040853,150.96774193548387,104.51612903225808,299.03225806451616
3807,131.29732578065898,1615.4346625119103,218.3589344793976,162.5806451612903,46.45161290322581,368.7096774193548
3808,-144.2689829666449,1813.859722707706,-145.4199731840271,162.5806451612903,162.5806451612903,240.96774193548387
3809,-738.9138085486238,1554.5619726390685,563.15158634136,162.5806451612903,81.29032258064515,322.258064516129
3810,452.59816522159133,1498.5113897792448,-138.38449427298622,127.74193548387098,69.6774193548387,136.4516129032258
3811,491.6156199289441,1798.5157452660076,969.4089319172921,174.19354838709677,139.3548387096774,403.5483870967742
3812,65.50289831836942,1219.2193078061568,-667.6785486218653,46.45161290322581,174.19354838709677,90.0
3813,-1106.229431380745,1838.717490543433,-1107.2256618842114,81.29032258064515,116.12903225806453,426.77419354838713
3814,-1459.7303258059906,1688.8773918994452,785.4416085480141,174.19354838709677,174.19354838709677,194.51612903225808
3815,-1277.457915999154,1562.948425883268,-864.4000214875114,104.51612903225808,104.51612903225808,287.41935483870964
3816,461.6393591844894,1338.3311909812635,646.9534346996079,127.74193548387098,174.19354838709677,275.80645161290323
3817,-396.8977394155198,1337.7279626488341,-35.85765548809228,0.0,46.45161290322581,90.0
3818,1555.383077617198,1781.1669194431993,-404.1498252919701,174.19354838709677,0.0,136.4516129032258
3819,641.8389362544829,1308.9118463072925,-140.0352484377314,92.90322580645162,162.5806451612903,206.1290322580645
3820,915.0510982992815,1629.7515635026518,560.6870413730901,162.5806451612903,58.06451612903226,264.19354838709677
3821,340.1006906176894,1610.5434879197353,-13.076004912254469,23.225806451612904,162.5806451612903,101.61290322580645
3822,822.8122363708973,1290.1088494206701,20.525512423708925,162.5806451612903,127.74193548387098,229.3548387096774
3823,606.2848088093607,1280.340075189758,407.57838131956686,81.29032258064515,11.612903225806452,380.32258064516134
3824,-1135.1944795195805,1291.5659397853672,416.80647174731683,104.51612903225808,150.96774193548387,357.0967741935484
3825,504.126608812988,1576.5325264722126,781.6982191059999,23.225806451612904,162.5806451612903,182.90322580645162
3826,-936.043365587788,1563.5818263150297,-583.2523179464596,23.225806451612904,127.74193548387098,403.5483870967742
3827,373.6384588916527,1787.7157468984194,-373.42452074964854,81.29032258064515,58.06451612903226,206.1290322580645
3828,949.1718558530147,1802.52320513098,151.82166742914643,69.6774193548387,116.12903225806453,252.5806451612903
3829,-414.7582113621436,1785.9041989154491,911.1339667872404,11.612903225806452,104.51612903225808,368.7096774193548
3830,-248.3819487738968,1504.2341705362005,-916.3339272655811,116.12903225806453,116.12903225806453,264.19354838709677
3831,-537.3732101233704,1519.5555068057736,618.6983422354475,58.06451612903226,162.5806451612903,182.90322580645162
3832,512.734531181249,1484.1944374777238,15.785590372983727,34.83870967741935,58.06451612903226,148.06451612903226
3833,815.0149821162156,1210.7821141351583,532.3872679326785,23.225806451612904,11.612903225806452,194.51612903225808
3834,-1224.9336228817776,1529.5648793927242,399.4661742216424,34.83870967741935,46.45161290322581,252.5806451612903
3835,392.29373921932637,1687.9777116218957,-862.3539957544062,92.90322580645162,162.5806451612903,322.258064516129
3836,-440.47537575239295,1398.6048622850471,298.4527403977223,34.83870967741935,69.6774193548387,438.38709677419354
3837,-608.9909619962091,1570.7401736412116,362.2275940923721,58.06451612903226,11.612903225806452,229.3548387096774
3838,-244.26573060976614,1645.2062130289462,-359.8697941060945,139.3548387096774,150.96774193548387,426.77419354838713
3839,-776.7237370677755,1625.8873558245657,-676.3073624059974,23.225806451612904,92.90322580645162,148.06451612903226
3840,-211.69556824903424,1558.126386377225,-364.8485735196072,46.45161290322581,23.225806451612904,287.41935483870964
3841,-255.84068313196795,1761.2436301410612,-1158.9112231485622,69.6774193548387,150.96774193548387,217.74193548387098
3842,1066.6288667496706,1775.5669859893721,-393.36164155104495,92.90322580645162,23.225806451612904,345.48387096774195
3843,232.02976299857684,1474.742641786853,24.579290120597364,46.45161290322581,174.19354838709677,275.80645161290323
3844,-13.095128617079332,1547.6626578221699,-772.6828080498375,92.90322580645162,174.19354838709677,206.1290322580645
3845,-1358.384483584454,1837.3063593771221,-592.4601257923657,104.51612903225808,46.45161290322581,287.41935483870964
3846,-896.7407142498931,1347.2285258799125,-589.423550083891,81.29032258064515,139.3548387096774,264.19354838709677
3847,-964.9890491134298,1533.4878414830516,-282.9824296387743,69.6774193548387,81.29032258064515,229.3548387096774
3848,-926.988130777461,1283.485119765649,599.5709163811866,69.6774193548387,104.51612903225808,403.5483870967742
3849,-1343.110905776721,1677.2256875762935,-957.2193806701579,92.90322580645162,0.0,217.74193548387098
3850,-820.4042269902951,1476.5634704773329,-5.411687284543376,11.612903225806452,34.83870967741935,415.1612903225806
3851,-299.0740379746022,1463.359853569928,540.0030700271342,162.5806451612903,116.12903225806453,136.4516129032258
3852,-0.9869207016970805,1387.2309604091404,442.3593642416515,174.19354838709677,92.90322580645162,357.0967741935484
3853,541.7530459909362,1449.6841067440005,271.90409446468635,34.83870967741935,34.83870967741935,415.1612903225806
3854,1090.365593310501,1646.131274773698,-352.460026110863,127.74193548387098,11.612903225806452,264.19354838709677
3855,-1062.8971442661466,1839.6637468572656,493.20878692350266,116.12903225806453,162.5806451612903,426.77419354838713
3856,486.3894080909505,1355.517621169768,-803.7467083288265,23.225806451612904,23.225806451612904,368.7096774193548
3857,1000.554680746113,1390.5433298680425,-26.442541363059924,116.12903225806453,69.6774193548387,217.74193548387098
3858,1231.2082151185284,1447.5204806760225,-106.87732410892625,174.19354838709677,58.06451612903226,206.1290322580645
3859,-620.6105048176395,1368.961045164669,250.53384609474597,23.225806451612904,0.0,113.2258064516129
3860,-736.4234104458802,1726.736626107449,298.80550214916576,92.90322580645162,58.06451612903226,322.258064516129
3861,-159.77364733950736,1841.7740984787756,-80.44038212233175,46.45161290322581,81.29032258064515,426.77419354838713
3862,1211.6731356811845,1455.3605339136036,-654.0183448509431,58.06451612903226,127.74193548387098,252.5806451612903
3863,388.73242769417436,1609.1736868866967,463.9238490319752,104.51612903225808,11.612903225806452,322.258064516129
3864,-1330.5807563375945,1507.6943279951959,283.72084775072216,58.06451612903226,69.6774193548387,217.74193548387098
3865,-978.6322879388331,1234.205250058957,-236.88244823541947,162.5806451612903,116.12903225806453,438.38709677419354
3866,-158.1485844149302,1431.8831776750196,-589.84211267549,23.225806451612904,150.96774193548387,438.38709677419354
3867,-1233.0995192182147,1829.879665790599,-1112.2090526232405,139.3548387096774,0.0,229.3548387096774
3868,473.67045496401875,1375.015149092301,548.1629681545301,139.3548387096774,23.225806451612904,136.4516129032258
3869,-312.04560809416984,1225.8101824923617,-247.32913759719563,69.6774193548387,34.83870967741935,124.83870967741936
3870,-510.86931899100244,1392.5701142665278,414.8111103443998,69.6774193548387,104.51612903225808,252.5806451612903
3871,359.9247905670263,1301.7192907656508,-384.59411757075264,150.96774193548387,58.06451612903226,275.80645161290323
3872,22.832575171750946,1586.2233233388804,835.6431933030943,139.3548387096774,174.19354838709677,240.96774193548387
3873,987.7713778957842,1436.2427162476506,256.321910141471,92.90322580645162,150.96774193548387,124.83870967741936
3874,-848.0273672528547,1220.4749530766376,-516.4717426979072,58.06451612903226,69.6774193548387,229.3548387096774
3875,-120.11466207844634,1733.8039751272377,-565.9108071169553,23.225806451612904,58.06451612903226,136.4516129032258
3876,330.95296894224526,1379.0158131396572,816.9894925097165,92.90322580645162,11.612903225806452,217.74193548387098
3877,629.7985885145907,1729.4222546326282,345.23074566433075,69.6774193548387,174.19354838709677,252.5806451612903
3878,-1007.6548479867158,1311.8670549006872,658.5981624052308,104.51612903225808,104.51612903225808,252.5806451612903
3879,1117.1886266505685,1632.0275023480747,-968.954527325679,34.83870967741935,150.96774193548387,310.64516129032256
3880,-984.5507392003349,1727.1920924629442,-9.508185931171731,104.51612903225808,127.74193548387098,275.80645161290323
3881,-1279.3350190988865,1809.0854551705909,-265.67368096868034,23.225806451612904,69.6774193548387,322.258064516129
3882,960.2218057564096,1316.2495310212084,-18.095557524228667,139.3548387096774,58.06451612903226,90.0
3883,1117.586731133882,1787.9057952024373,801.3345780469882,69.6774193548387,58.06451612903226,159.67741935483872
3884,-588.0965659854777,1778.4286517563573,-893.4333302440127,104.51612903225808,23.225806451612904,333.8709677419355
3885,131.25102854130563,1767.8114171376612,-993.2845758456886,116.12903225806453,150.96774193548387,136.4516129032258
3886,-683.8053728186353,1697.4677983190954,-420.54384028596,174.19354838709677,92.90322580645162,403.5483870967742
3887,969.2402899004852,1509.6960992285512,751.9091525276368,69.6774193548387,69.6774193548387,345.48387096774195
3888,-73.4608322526487,1553.5602121772233,605.2856734698496,34.83870967741935,46.45161290322581,345.48387096774195
3889,-144.09764673983912,1460.1506088111862,-62.29754885914325,58.06451612903226,34.83870967741935,391.93548387096774
3890,-246.13638179653174,1847.276627136084,-573.4625505285017,150.96774193548387,162.5806451612903,194.51612903225808
3891,453.8919470334054,1286.196046240963,375.7063557518928,127.74193548387098,23.225806451612904,124.83870967741936
3892,1019.1884200592062,1470.6664701133539,-476.6152594370249,104.51612903225808,174.19354838709677,113.2258064516129
3893,13.808702821585861,1382.8336382637983,635.9749155809956,162.5806451612903,162.5806451612903,438.38709677419354
3894,566.3662180289311,1303.8634090396818,304.6726136927832,34.83870967741935,104.51612903225808,380.32258064516134
3895,115.05156679580023,1304.4177834222291,247.76143302548465,34.83870967741935,92.90322580645162,426.77419354838713
3896,738.3416056881078,1399.5232643477334,-339.75890825122923,127.74193548387098,174.19354838709677,299.03225806451616
3897,-1460.377982126473,1730.367237961566,-700.410921792995,58.06451612903226,11.612903225806452,391.93548387096774
3898,805.2309754112719,1546.0143073271051,362.9551438490694,139.3548387096774,150.96774193548387,403.5483870967742
3899,-891.5923403781815,1750.5078715638338,209.01777147357558,46.45161290322581,116.12903225806453,299.03225806451616
3900,-379.86728407305924,1243.821997298552,576.2179705915374,0.0,34.83870967741935,182.90322580645162
3901,1563.7397637590518,1833.6470501796537,-1123.3515799576364,162.5806451612903,162.5806451612903,101.61290322580645
3902,-912.6748675268329,1499.1756940088671,461.3943863698152,150.96774193548387,127.74193548387098,90.0
3903,296.31295853449603,1361.5483533725442,-127.30327255789061,150.96774193548387,162.5806451612903,240.96774193548387
3904,743.2960734833429,1486.9342431211444,569.3807396233556,34.83870967741935,127.74193548387098,380.32258064516134
3905,566.3206602618745,1471.2116982019215,934.5808611513067,104.51612903225808,11.612903225806452,264.19354838709677
3906,-36.725067702338876,1321.1018225855282,280.3240916501677,92.90322580645162,11.612903225806452,171.29032258064515
3907,868.9268406731708,1393.0882608519134,-839.6825164713741,69.6774193548387,11.612903225806452,438.38709677419354
3908,273.44567421378565,1471.3361439148891,695.2788855682636,34.83870967741935,116.12903225806453,182.90322580645162
3909,-744.1740008701174,1314.3114415709115,-308.8453225357458,150.96774193548387,23.225806451612904,380.32258064516134
3910,1103.3447659504543,1407.3755214714217,-242.95177192754335,150.96774193548387,150.96774193548387,275.80645161290323
3911,126.63248378109841,1266.288179246901,532.1256240107346,174.19354838709677,0.0,264.19354838709677
3912,783.0032954675011,1461.4790086012213,775.1684817922186,58.06451612903226,174.19354838709677,90.0
3913,-236.40324271576958,1383.4846448661506,32.692653759471746,174.19354838709677,162.5806451612903,415.1612903225806
3914,391.9018500390466,1729.4009027752293,-335.19792164422455,162.5806451612903,150.96774193548387,310.64516129032256
3915,114.27095543191363,1663.5404206139426,-506.3871166742637,69.6774193548387,58.06451612903226,264.19354838709677
3916,367.5850403395943,1591.9903247357836,316.509094653785,116.12903225806453,34.83870967741935,124.83870967741936
3917,-275.677653811726,1451.2045281259966,253.5193424967449,23.225806451612904,58.06451612903226,264.19354838709677
3918,580.1102714061905,1331.8714211800318,-132.25457332311956,174.19354838709677,92.90322580645162,252.5806451612903
3919,527.1721493570743,1739.5240449912549,788.6453793526628,58.06451612903226,58.06451612903226,426.77419354838713
3920,-812.0610577761106,1755.8515003132854,-100.99612684763954,23.225806451612904,23.225806451612904,159.67741935483872
3921,566.355049582129,1671.7217584840184,-822.4587017018486,58.06451612903226,69.6774193548387,403.5483870967742
3922,299.68145080073026,1351.8426160741021,-114.58875394628069,127.74193548387098,34.83870967741935,287.41935483870964
3923,-149.5121201915957,1824.6768371194576,1004.4903438798653,162.5806451612903,81.29032258064515,275.80645161290323
3924,-1402.6004855769613,1811.9956562819766,-856.04880763196,81.29032258064515,34.83870967741935,206.1290322580645
3925,14.509698880971378,1634.081891206197,-381.16906745012136,162.5806451612903,0.0,136.4516129032258
3926,-664.4736244690101,1582.8673795565815,286.51091527521544,104.51612903225808,104.51612903225808,310.64516129032256
3927,1253.3464173186715,1440.6260713328797,29.50004314134773,104.51612903225808,127.74193548387098,171.29032258064515
3928,-100.97684366468425,1427.875397698971,-120.06605112452036,150.96774193548387,58.06451612903226,240.96774193548387
3929,-202.00169140447707,1338.9530509047593,-292.8692499426682,58.06451612903226,92.90322580645162,368.7096774193548
3930,-692.1106983903937,1253.4517204468461,-389.8492778856552,81.29032258064515,34.83870967741935,217.74193548387098
3931,999.0487603685839,1327.032268355711,-672.6158067372609,104.51612903225808,174.19354838709677,391.93548387096774
3932,736.1216925367908,1777.3657230459967,-68.8474223919485,23.225806451612904,69.6774193548387,182.90322580645162
3933,705.2473227898255,1407.107179015539,-830.4213629011978,104.51612903225808,11.612903225806452,148.06451612903226
3934,-1646.1540706082485,1809.9286941850905,226.54176234501938,69.6774193548387,150.96774193548387,182.90322580645162
3935,1127.8460188830118,1691.5228326435208,-471.83069580385427,69.6774193548387,81.29032258064515,380.32258064516134
3936,69.12813608726384,1654.2107456885326,-1024.34348274926,11.612903225806452,162.5806451612903,391.93548387096774
3937,-897.8368362905412,1265.3641254927115,731.0220142424034,23.225806451612904,92.90322580645162,206.1290322580645
3938,-581.2388190101248,1437.1069835619337,577.5746931446239,69.6774193548387,92.90322580645162,148.06451612903226
3939,8.641350692807315,1608.7566013076,723.0279565855215,92.90322580645162,162.5806451612903,148.06451612903226
3940,474.97360796714173,1377.2796346624443,-554.614940964809,139.3548387096774,81.29032258064515,90.0
3941,931.6600794812457,1804.5810817844665,1181.9849277038995,0.0,69.6774193548387,90.0
3942,-275.2022805165756,1570.3683171372668,771.2721280818034,92.90322580645162,0.0,124.83870967741936
3943,678.2656428519423,1498.8082817811828,-785.3461635343181,139.3548387096774,34.83870967741935,124.83870967741936
3944,-887.4066872833783,1383.7679555851946,-808.9584289747902,69.6774193548387,34.83870967741935,101.61290322580645
3945,-671.7149164455973,1373.448017681119,620.0858074944819,162.5806451612903,127.74193548387098,333.8709677419355
3946,1486.5011539834222,1766.5540760556073,-333.63557115385464,58.06451612903226,58.06451612903226,415.1612903225806
3947,73.97648581729274,1410.2129085777508,174.45422405196123,162.5806451612903,116.12903225806453,287.41935483870964
3948,667.5408195557209,1519.865277028785,898.7945261346821,150.96774193548387,162.5806451612903,101.61290322580645
3949,-1345.4781083085065,1531.5457704468624,-677.4731821116243,58.06451612903226,11.612903225806452,171.29032258064515
3950,812.575458441031,1506.4986617688658,-557.6973153958912,92.90322580645162,81.29032258064515,217.74193548387098
3951,-1041.1928498595748,1759.5736575744381,-1108.6051804374274,139.3548387096774,174.19354838709677,287.41935483870964
3952,-361.5405175051965,1392.56146916112,225.29973705544748,11.612903225806452,92.90322580645162,403.5483870967742
3953,316.6527932498692,1500.1636008462265,-697.9072013721417,116.12903225806453,11.612903225806452,345.48387096774195
3954,-237.57823572639722,1797.367677471073,-882.217239159726,11.612903225806452,174.19354838709677,357.0967741935484
3955,820.7827657859032,1436.0468028194916,316.89020417210526,69.6774193548387,58.06451612903226,206.1290322580645
3956,-545.4109982433939,1364.8060550858909,175.84540784667143,81.29032258064515,116.12903225806453,171.29032258064515
3957,-662.5816556625821,1712.1306497035207,192.72667895765122,0.0,127.74193548387098,148.06451612903226
3958,956.8014240142883,1587.4604009228094,793.5435264882547,23.225806451612904,23.225806451612904,333.8709677419355
3959,-207.4661639469287,1730.092257079938,-239.108850641653,69.6774193548387,46.45161290322581,90.0
3960,1353.899558042036,1730.1926401416192,1107.7231590458123,104.51612903225808,81.29032258064515,206.1290322580645
3961,1310.572314459204,1728.2070957277817,-779.1104134255878,34.83870967741935,58.06451612903226,264.19354838709677
3962,447.22315370535847,1431.7592349161418,-511.29660902744723,174.19354838709677,34.83870967741935,391.93548387096774
3963,640.9421865914724,1253.657555645429,421.8668290464352,174.19354838709677,0.0,171.29032258064515
3964,-159.06734048597252,1800.8874791743183,-679.2328243280916,46.45161290322581,92.90322580645162,345.48387096774195
3965,1103.9494037351405,1696.460305229779,864.1384220522733,69.6774193548387,174.19354838709677,194.51612903225808
3966,-541.9135548265684,1451.1787798987275,579.6267219273482,23.225806451612904,0.0,194.51612903225808
3967,669.4830286293916,1362.580281153431,26.022695196464163,92.90322580645162,104.51612903225808,206.1290322580645
3968,734.3798058472804,1408.243382773577,-142.06244450119493,81.29032258064515,23.225806451612904,310.64516129032256
3969,209.85926412678725,1313.3874265503373,-256.1874060145226,46.45161290322581,23.225806451612904,206.1290322580645
3970,457.7658276310749,1221.31196058372,742.6271953702623,92.90322580645162,174.19354838709677,438.38709677419354
3971,-626.5493402249402,1510.0100886550674,880.4030502979945,92.90322580645162,162.5806451612903,368.7096774193548
3972,402.52809712697007,1230.9005924297248,-147.95113253342143,58.06451612903226,104.51612903225808,194.51612903225808
3973,-1323.6594771709438,1625.3288629413187,-332.2646098459556,104.51612903225808,81.29032258064515,124.83870967741936
3974,477.1756501224813,1541.5587882472582,-517.8160603479755,23.225806451612904,92.90322580645162,159.67741935483872
3975,-693.037492112125,1455.8735730138874,-131.16557644211272,11.612903225806452,81.29032258064515,171.29032258064515
3976,172.13361745107784,1496.144824775376,-93.15374203185539,127.74193548387098,34.83870967741935,391.93548387096774
3977,365.6901878046805,1388.8672519752063,-154.10392422819515,104.51612903225808,81.29032258064515,391.93548387096774
3978,-457.96898404250044,1687.9159701727574,932.3162878723638,104.51612903225808,104.51612903225808,113.2258064516129
3979,-851.7889818154146,1649.0007937991024,-344.5358404049353,127.74193548387098,81.29032258064515,438.38709677419354
3980,593.3919202018513,1471.462424079232,-203.4228233567207,139.3548387096774,104.51612903225808,171.29032258064515
3981,1142.3315933739116,1849.2667468272266,1207.9549725128927,81.29032258064515,81.29032258064515,148.06451612903226
3982,1045.554807483308,1667.0055343222139,-287.35225016924187,69.6774193548387,92.90322580645162,438.38709677419354
3983,355.12887325164877,1672.4368352715312,107.11221360216818,46.45161290322581,174.19354838709677,322.258064516129
3984,1517.2806731183466,1692.4780928790647,-561.3565542102003,81.29032258064515,58.06451612903226,345.48387096774195
3985,-766.8790878668799,1505.215674684447,487.3049968844594,127.74193548387098,174.19354838709677,217.74193548387098
3986,-182.61531028950736,1574.0162815502601,-911.4131317468185,127.74193548387098,174.19354838709677,148.06451612903226
3987,-935.4987004350473,1410.5116920656376,-151.15954790493652,127.74193548387098,0.0,124.83870967741936
3988,-1211.438256068267,1612.90318361218,434.0838283255563,92.90322580645162,116.12903225806453,287.41935483870964
3989,541.9575853256358,1385.0503786890472,-866.3859963218928,11.612903225806452,162.5806451612903,310.64516129032256
3990,1365.6969696248518,1594.5353059933484,292.3938693564635,104.51612903225808,150.96774193548387,264.19354838709677
3991,-207.97261599717734,1621.5348324708323,-927.5261823290109,162.5806451612903,104.51612903225808,148.06451612903226
3992,118.60753733319652,1459.4944364133128,-482.5476953374162,23.225806451612904,127.74193548387098,252.5806451612903
3993,208.48841995633177,1479.1159457251997,844.0468078090798,92.90322580645162,58.06451612903226,333.8709677419355
3994,1155.1415004798216,1720.061922031163,701.8601317730053,162.5806451612903,58.06451612903226,333.8709677419355
3995,1252.3728462174429,1415.3805420025708,605.1155368908263,92.90322580645162,11.612903225806452,159.67741935483872
3996,684.8976270451956,1226.399535604546,728.3540103296696,92.90322580645162,174.19354838709677,333.8709677419355
3997,-705.2843587739352,1463.221258885916,500.96013730345703,92.90322580645162,174.19354838709677,391.93548387096774
3998,-403.85332798914834,1363.9138783671158,638.0214791821152,0.0,81.29032258064515,182.90322580645162
3999,-291.7685634700211,1505.550735344989,121.44508693613344,58.06451612903226,23.225806451612904,275.80645161290323
4000,895.951230521729,1663.4003092588305,320.4282774217555,69.6774193548387,174.19354838709677,403.5483870967742
4001,-67.80356298851711,1661.9283861308375,878.6725915205949,11.612903225806452,34.83870967741935,240.96774193548387
4002,-692.6955523956267,1742.3264521755282,-1123.6807536125345,11.612903225806452,46.45161290322581,287.41935483870964
4003,599.732764422893,1487.633447357082,603.7466431589053,162.5806451612903,81.29032258064515,299.03225806451616
4004,-168.28653741824428,1486.4768849729967,-541.0185482348345,23.225806451612904,174.19354838709677,194.51612903225808
4005,-243.83657415937776,1714.406375688132,637.2345048641508,69.6774193548387,23.225806451612904,240.96774193548387
4006,-89.08629232217092,1648.8602431307343,-806.1330104431988,127.74193548387098,81.29032258064515,299.03225806451616
4007,-71.95771431997446,1484.8660969294133,-449.6553759271532,174.19354838709677,104.51612903225808,322.258064516129
4008,-613.7269391959231,1458.943666869331,-548.5817127289073,46.45161290322581,116.12903225806453,159.67741935483872
4009,-620.4284235170355,1669.423339507586,-714.0162368643029,11.612903225806452,116.12903225806453,368.7096774193548
4010,-558.2101468981149,1210.5615357350764,-461.00561762501127,116.12903225806453,46.45161290322581,426.77419354838713
4011,-776.6153781729423,1455.649951292998,294.49923324081976,116.12903225806453,174.19354838709677,217.74193548387098
4012,1284.0565927703803,1465.3019198915931,261.621720137412,0.0,58.06451612903226,90.0
4013,-434.2316353877292,1527.4569822072212,339.0157876737124,81.29032258064515,162.5806451612903,438.38709677419354
4014,797.9114722241945,1230.1197665888335,-445.94755516883333,127.74193548387098,139.3548387096774,229.3548387096774
4015,-596.7444177946596,1716.7843007865588,-340.17702489845243,69.6774193548387,127.74193548387098,252.5806451612903
4016,-640.7749470809764,1576.4977353830332,866.188603978877,23.225806451612904,23.225806451612904,206.1290322580645
4017,1078.4642358207084,1316.095156015683,329.3497474190554,174.19354838709677,81.29032258064515,101.61290322580645
4018,572.6938404661234,1695.950082318364,-333.8879829684015,174.19354838709677,81.29032258064515,217.74193548387098
4019,674.3840732992835,1748.556664929016,192.28506606228137,23.225806451612904,81.29032258064515,287.41935483870964
4020,-657.5958309613052,1231.8486756290338,566.6979155965745,174.19354838709677,11.612903225806452,206.1290322580645
4021,-959.1489617044823,1273.210891470033,476.2563730916968,11.612903225806452,23.225806451612904,275.80645161290323
4022,-431.00882211530075,1553.7850880501005,539.1620054984454,92.90322580645162,139.3548387096774,148.06451612903226
4023,198.10509248199855,1430.1035773780904,487.8691538824903,116.12903225806453,92.90322580645162,159.67741935483872
4024,-660.2131270797347,1486.3214770051575,-617.0415652997879,150.96774193548387,104.51612903225808,391.93548387096774
4025,662.7485744313245,1810.4235061730592,-24.62291267056891,46.45161290322581,69.6774193548387,391.93548387096774
4026,-426.9006610031408,1618.2740121014403,222.0324130686743,34.83870967741935,139.3548387096774,391.93548387096774
4027,-1233.4435757712085,1610.9195260656873,106.558467145158,116.12903225806453,150.96774193548387,322.258064516129
4028,1053.6047789313243,1558.9251481517754,809.8158207722362,116.12903225806453,81.29032258064515,252.5806451612903
4029,966.5830059993185,1223.965550747602,83.07164618413995,81.29032258064515,162.5806451612903,159.67741935483872
4030,241.87762696484435,1553.77012229009,668.1150459352958,34.83870967741935,150.96774193548387,182.90322580645162
4031,-466.71685609486406,1436.7411867457513,-668.0901225121279,69.6774193548387,69.6774193548387,206.1290322580645
4032,-715.2144595046957,1302.9655788812604,693.924779546131,116.12903225806453,92.90322580645162,229.3548387096774
4033,1223.8291287970078,1755.395056572697,-533.5383207720806,81.29032258064515,92.90322580645162,90.0
4034,-665.1171591319022,1296.7171523515963,283.6549359907078,139.3548387096774,69.6774193548387,264.19354838709677
4035,-1255.3850186462967,1770.3262827411113,-142.0843526810911,46.45161290322581,139.3548387096774,287.41935483870964
4036,519.3804458556256,1672.8560562843568,-1007.3730259943403,174.19354838709677,92.90322580645162,391.93548387096774
4037,450.76279896912735,1347.5107326980462,-548.5575109969961,116.12903225806453,162.5806451612903,136.4516129032258
4038,-854.209202828641,1513.6163854991632,19.135003304547915,104.51612903225808,58.06451612903226,101.61290322580645
4039,765.0757539888855,1456.6235070072512,-539.6154761930535,46.45161290322581,116.12903225806453,287.41935483870964
4040,-22.89082998476868,1578.6381864751,899.8330409387623,116.12903225806453,139.3548387096774,148.06451612903226
4041,497.2564847549588,1272.6046813772123,123.29446862130204,92.90322580645162,69.6774193548387,322.258064516129
4042,482.1338885907682,1289.479684021814,-148.37189165277272,162.5806451612903,46.45161290322581,171.29032258064515
4043,-769.3816427987489,1305.3313785951173,219.3625622146712,23.225806451612904,174.19354838709677,171.29032258064515
4044,-689.288897137153,1553.667313318874,-849.255564373298,46.45161290322581,139.3548387096774,415.1612903225806
4045,1199.7299578976151,1739.679777188548,656.5320374522713,162.5806451612903,127.74193548387098,264.19354838709677
4046,-245.59732562267806,1710.486102243879,-388.1580608853297,104.51612903225808,46.45161290322581,229.3548387096774
4047,-196.14260828919967,1518.2945491056416,303.7599967135176,139.3548387096774,92.90322580645162,113.2258064516129
4048,-896.4944136503685,1232.1516627118972,-199.77164226298623,69.6774193548387,23.225806451612904,206.1290322580645
4049,374.9941194615613,1253.2448022338042,579.7012659851583,58.06451612903226,34.83870967741935,148.06451612903226
4050,-1558.068932751614,1845.1691444088856,862.0825989289042,69.6774193548387,92.90322580645162,182.90322580645162
4051,1113.0353379526182,1350.1638561526759,10.39439349176181,23.225806451612904,69.6774193548387,438.38709677419354
4052,964.2979822834317,1695.0311160522838,-481.43890668720496,150.96774193548387,174.19354838709677,229.3548387096774
4053,-72.2030188828347,1259.64609104788,-659.5050742627466,11.612903225806452,11.612903225806452,136.4516129032258
4054,1437.372631652348,1744.5169231880077,388.1094266494186,162.5806451612903,34.83870967741935,333.8709677419355
4055,0.5306202360261025,1271.972608779213,-256.13299457790504,11.612903225806452,139.3548387096774,101.61290322580645
4056,-580.1724244668908,1265.781065234483,500.54725838915067,174.19354838709677,174.19354838709677,426.77419354838713
4057,811.896125783645,1448.3917855977538,258.4984935230867,174.19354838709677,11.612903225806452,391.93548387096774
4058,776.5716462486412,1493.7211630529155,326.13947520155426,46.45161290322581,23.225806451612904,217.74193548387098
4059,1438.3694007385627,1802.27304753232,-106.85658904147192,92.90322580645162,69.6774193548387,287.41935483870964
4060,560.2972525504358,1580.5118669558685,300.80049886094747,116.12903225806453,104.51612903225808,240.96774193548387
4061,-251.80473046118533,1528.4023366622616,908.7180040112322,174.19354838709677,69.6774193548387,415.1612903225806
4062,538.9304389491793,1440.9958324997422,624.7139433712953,104.51612903225808,162.5806451612903,240.96774193548387
4063,-87.09937589143202,1649.7947088180965,818.0466348365314,58.06451612903226,150.96774193548387,229.3548387096774
4064,842.3282045596421,1426.8809895083896,183.16619743426443,150.96774193548387,11.612903225806452,299.03225806451616
4065,-618.1282544969273,1431.7711777531322,632.9234095550896,46.45161290322581,81.29032258064515,287.41935483870964
4066,1096.0754796480098,1262.8477932743272,-414.0452240669935,150.96774193548387,81.29032258064515,90.0
4067,-1605.4585044615812,1768.9194612491317,1072.1179449790363,150.96774193548387,34.83870967741935,171.29032258064515
4068,-723.7864162432711,1621.6570717246952,399.6938052120219,150.96774193548387,81.29032258064515,229.3548387096774
4069,-216.50897328890278,1586.2621924801701,-956.415129592838,34.83870967741935,116.12903225806453,345.48387096774195
4070,-519.4920551809765,1776.0211130451212,1077.5061963519406,34.83870967741935,116.12903225806453,310.64516129032256
4071,856.1893199211898,1379.5577518438035,306.1206109435819,174.19354838709677,150.96774193548387,194.51612903225808
4072,-1021.7245609799771,1466.1341505639148,-30.054888465530993,34.83870967741935,46.45161290322581,403.5483870967742
4073,239.76381537862875,1725.1724229613956,-611.8229584151865,69.6774193548387,46.45161290322581,438.38709677419354
4074,-356.18284863335924,1201.9482281507767,-565.7409577547226,46.45161290322581,92.90322580645162,380.32258064516134
4075,615.36875561589,1734.632864502208,1093.8016523779227,116.12903225806453,11.612903225806452,240.96774193548387
4076,-1270.6789921149866,1570.3349935699987,-418.3710445845426,139.3548387096774,150.96774193548387,357.0967741935484
4077,1149.740973589137,1831.4969551298595,-388.1497869096279,23.225806451612904,0.0,217.74193548387098
4078,1283.5633993528668,1749.474745946048,925.9712384934826,162.5806451612903,139.3548387096774,252.5806451612903
4079,768.0609017238723,1718.9341366697538,946.3589805642758,69.6774193548387,0.0,159.67741935483872
4080,1032.522045976846,1664.4256586775186,-544.2053349027323,58.06451612903226,69.6774193548387,182.90322580645162
4081,1073.8858709717854,1597.390556937132,-269.3034348131957,104.51612903225808,23.225806451612904,357.0967741935484
4082,-911.0583638072455,1431.9828192026366,-161.19879951902237,127.74193548387098,58.06451612903226,426.77419354838713
4083,-341.6016906870791,1536.2000310854155,325.9326203008083,127.74193548387098,46.45161290322581,194.51612903225808
4084,-692.4474965212186,1592.407918773117,-659.2403971044703,104.51612903225808,11.612903225806452,240.96774193548387
4085,456.5434968795962,1538.0579036383124,-597.4491118954511,92.90322580645162,58.06451612903226,275.80645161290323
4086,286.6250320297354,1683.577405265206,-1098.9602621596778,174.19354838709677,58.06451612903226,287.41935483870964
4087,238.41433834197775,1740.435895176875,-197.57208539495963,139.3548387096774,46.45161290322581,322.258064516129
4088,-1022.3880218380618,1546.1387191559843,-983.044690373996,11.612903225806452,92.90322580645162,229.3548387096774
4089,287.25093402994537,1515.818836121633,229.27560733677234,104.51612903225808,69.6774193548387,171.29032258064515
4090,1019.1731006809053,1461.1395059108581,235.99381631742045,150.96774193548387,127.74193548387098,136.4516129032258
4091,-810.3908379127422,1650.5508771628336,832.1655320377255,127.74193548387098,69.6774193548387,264.19354838709677
4092,1197.246934472465,1699.8418944716996,-1001.2359005302778,127.74193548387098,150.96774193548387,182.90322580645162
4093,256.76629854317684,1324.6629702249688,93.12447439684313,69.6774193548387,34.83870967741935,264.19354838709677
4094,-292.50276320385797,1534.0268809799297,226.34531555877118,34.83870967741935,104.51612903225808,217.74193548387098
4095,-752.2702146821543,1782.144018956765,-659.8549844397628,58.06451612903226,58.06451612903226,391.93548387096774
4096,-882.4555069993093,1724.7659241702743,587.8716089414645,139.3548387096774,81.29032258064515,403.5483870967742
4097,1520.1755607288105,1801.8095492310842,-1130.5349365268005,162.5806451612903,58.06451612903226,240.96774193548387
4098,-124.77256466757183,1692.9962919604804,-734.3465473306953,92.90322580645162,150.96774193548387,357.0967741935484
4099,1202.9752037861997,1489.8998677495272,916.6184587588434,58.06451612903226,69.6774193548387,357.0967741935484
4100,1213.5912004500412,1719.5088470119217,-13.491605988131639,174.19354838709677,81.29032258064515,310.64516129032256
4101,289.5519255020599,1296.8312901890522,519.5478448906213,162.5806451612903,92.90322580645162,206.1290322580645
4102,-52.38742462498891,1836.777084660606,333.1758058806038,162.5806451612903,81.29032258064515,380.32258064516134
4103,407.76469035324385,1222.9209663021118,-262.5178521149852,34.83870967741935,11.612903225806452,124.83870967741936
4104,1508.7028086500447,1765.7148827180024,-712.6873031444484,81.29032258064515,174.19354838709677,90.0
4105,-1142.779220755746,1297.1566884628462,93.11794716657911,116.12903225806453,139.3548387096774,136.4516129032258
4106,345.95168674342176,1477.0870004435085,-623.6764595924639,34.83870967741935,46.45161290322581,438.38709677419354
4107,217.34057140404133,1562.479536459076,-468.85032693021805,34.83870967741935,34.83870967741935,101.61290322580645
4108,106.01127028711659,1236.3775408847798,475.71153758574576,58.06451612903226,139.3548387096774,380.32258064516134
4109,193.4373348214976,1470.210448155491,-588.2186425108466,58.06451612903226,116.12903225806453,299.03225806451616
4110,59.99923965718459,1227.8215346863465,322.90570657914606,139.3548387096774,139.3548387096774,287.41935483870964
4111,1382.2006204879567,1588.1806700971497,612.6423394650914,23.225806451612904,0.0,136.4516129032258
4112,1073.8865140451378,1590.867752019433,-956.4833340861977,69.6774193548387,11.612903225806452,90.0
4113,-1412.4716721354357,1733.2143834037136,-1000.6038247607872,34.83870967741935,139.3548387096774,148.06451612903226
4114,-301.71916050799547,1305.9029116220859,-479.1358326633067,58.06451612903226,46.45161290322581,101.61290322580645
4115,-1036.1849285450241,1204.119294168578,290.9084695425406,104.51612903225808,58.06451612903226,275.80645161290323
4116,39.13170113650608,1808.783916924022,-532.5302283177534,58.06451612903226,127.74193548387098,415.1612903225806
4117,-308.3609729130032,1780.559283548557,10.106848398524093,23.225806451612904,116.12903225806453,368.7096774193548
4118,-139.1495194278292,1698.9821803875152,-75.29858817947144,46.45161290322581,104.51612903225808,438.38709677419354
4119,-853.280607953184,1432.230712810071,-614.1642626385297,104.51612903225808,81.29032258064515,299.03225806451616
4120,-54.067556406270434,1271.5509275691281,119.19740143046641,34.83870967741935,92.90322580645162,229.3548387096774
4121,124.62416928543104,1607.4222211229962,-498.7169552153711,139.3548387096774,116.12903225806453,287.41935483870964
4122,319.2635514661628,1719.3934151209698,649.8100376397229,104.51612903225808,92.90322580645162,159.67741935483872
4123,-1093.808136489651,1514.8095941300498,908.0954183063376,11.612903225806452,0.0,90.0
4124,1141.4170111093529,1597.1705909505529,-648.8600274927987,23.225806451612904,127.74193548387098,159.67741935483872
4125,-107.72799290392321,1312.4984822068782,832.9700136529304,174.19354838709677,69.6774193548387,333.8709677419355
4126,-995.2256350770419,1617.435575503203,-77.87292212891508,46.45161290322581,0.0,240.96774193548387
4127,-602.3291990254139,1292.026356771638,-266.9352584358658,23.225806451612904,104.51612903225808,194.51612903225808
4128,507.1070274036937,1285.6739687084823,-167.5730587680408,150.96774193548387,0.0,159.67741935483872
4129,-381.7748407499792,1745.7047762079565,1089.0602561470464,0.0,104.51612903225808,171.29032258064515
4130,1572.6767614174687,1754.2671320850804,934.5419084618322,34.83870967741935,139.3548387096774,275.80645161290323
4131,1170.9296963460215,1835.9745201572964,934.0988175849466,58.06451612903226,150.96774193548387,113.2258064516129
4132,-145.66372338027733,1774.715766608852,254.15840766757344,116.12903225806453,139.3548387096774,322.258064516129
4133,647.4269680966092,1305.5198369455989,-586.5355587664454,0.0,11.612903225806452,124.83870967741936
4134,1298.3368907736783,1631.4031637452733,288.1153896229929,11.612903225806452,162.5806451612903,264.19354838709677
4135,507.57060025286523,1446.7879657719288,199.90227500923456,81.29032258064515,46.45161290322581,322.258064516129
4136,1278.726260069841,1687.1468235357152,299.8125174792195,104.51612903225808,127.74193548387098,299.03225806451616
4137,492.30347423709856,1714.0026992992546,71.31377804330353,34.83870967741935,11.612903225806452,264.19354838709677
4138,346.34683628299035,1561.1515172187271,690.8503937408133,69.6774193548387,58.06451612903226,217.74193548387098
4139,738.253406180228,1277.9292218465484,-27.24422584134052,23.225806451612904,23.225806451612904,113.2258064516129
4140,-1082.8999282893355,1631.0793533947062,-430.1405896658194,23.225806451612904,58.06451612903226,438.38709677419354
4141,-130.19102543610188,1571.4994419396166,-967.4210695213899,150.96774193548387,23.225806451612904,264.19354838709677
4142,910.5469354233172,1739.4777364868612,-94.86367333561674,58.06451612903226,116.12903225806453,415.1612903225806
4143,-1207.5792568462211,1435.3632164761343,327.005333580208,34.83870967741935,127.74193548387098,194.51612903225808
4144,210.6649545475438,1556.755894394325,-329.12659388867917,81.29032258064515,34.83870967741935,438.38709677419354
4145,652.4837518336274,1571.8446835276354,874.8306588880391,104.51612903225808,46.45161290322581,368.7096774193548
4146,-101.60185947776128,1799.4380690371934,298.13543401849483,23.225806451612904,69.6774193548387,380.32258064516134
4147,91.46149570787773,1417.8382200176254,458.30815848217696,150.96774193548387,139.3548387096774,310.64516129032256
4148,1253.2873301375264,1486.5440667044027,263.5967445254007,11.612903225806452,92.90322580645162,357.0967741935484
4149,-713.2903157732187,1696.1174463937955,-551.6209705936797,104.51612903225808,127.74193548387098,333.8709677419355
4150,-901.8469850929627,1623.8520347804479,468.45677291826286,92.90322580645162,127.74193548387098,229.3548387096774
4151,-229.9683075306799,1664.474493346243,-280.3968747669087,139.3548387096774,104.51612903225808,136.4516129032258
4152,-901.0198124508647,1459.0074361799177,-505.93035424736337,34.83870967741935,162.5806451612903,264.19354838709677
4153,862.7584005565066,1799.7743406007198,189.08199888771583,46.45161290322581,34.83870967741935,380.32258064516134
4154,-920.0337070419421,1488.9984138351185,376.3596212303666,11.612903225806452,34.83870967741935,426.77419354838713
4155,-1010.5516903235682,1672.4917935204328,-906.4220550373133,69.6774193548387,127.74193548387098,391.93548387096774
4156,537.45678403234,1404.789179848653,-370.0643615844972,46.45161290322581,150.96774193548387,368.7096774193548
4157,665.718319179208,1436.2647288252963,-743.6641043399538,46.45161290322581,104.51612903225808,136.4516129032258
4158,-908.3758138519263,1595.8561076242233,301.77709659899944,11.612903225806452,116.12903225806453,391.93548387096774
4159,-331.481455390416,1813.4680532219086,-381.4676363295184,69.6774193548387,58.06451612903226,171.29032258064515
4160,-1063.2753605357145,1750.6885147029861,852.4319334187737,139.3548387096774,34.83870967741935,90.0
4161,-688.1560328986893,1760.9444281837134,899.9688273830944,81.29032258064515,104.51612903225808,90.0
4162,-672.4050433042044,1585.7039584756724,-137.69014181045662,34.83870967741935,127.74193548387098,345.48387096774195
4163,-963.640958118946,1527.325142548528,-349.5265605491707,69.6774193548387,174.19354838709677,438.38709677419354
4164,-299.6643006623108,1311.7400595357065,463.4536032215795,46.45161290322581,92.90322580645162,171.29032258064515
4165,-523.0548380049289,1600.2117729575539,-1.7135736270214252,139.3548387096774,34.83870967741935,438.38709677419354
4166,1386.9739372484307,1736.7674594048274,-361.31101456724537,11.612903225806452,46.45161290322581,275.80645161290323
4167,288.0663210639554,1345.8889192338095,-497.267025371384,150.96774193548387,11.612903225806452,333.8709677419355
4168,652.0952517447769,1281.1060760057476,-59.372857326970774,162.5806451612903,139.3548387096774,391.93548387096774
4169,-898.1869680521907,1216.26060679599,-600.3338320552688,23.225806451612904,58.06451612903226,357.0967741935484
4170,-727.3400858330941,1220.6366308887061,398.1375182609941,150.96774193548387,150.96774193548387,90.0
4171,-789.3162699106006,1351.0954607794754,707.5332092104676,23.225806451612904,69.6774193548387,345.48387096774195
4172,-147.79833225067307,1764.3245145033206,-744.7968054978278,92.90322580645162,58.06451612903226,159.67741935483872
4173,490.03590621105053,1499.464261454413,946.369106149973,150.96774193548387,34.83870967741935,322.258064516129
4174,-771.4015413317867,1656.5868387879661,485.65015226293673,23.225806451612904,11.612903225806452,229.3548387096774
4175,1077.9833016821508,1674.6003298217229,-564.435546407369,127.74193548387098,127.74193548387098,194.51612903225808
4176,-889.3210873400516,1806.710275248437,1075.5397060266907,23.225806451612904,174.19354838709677,357.0967741935484
4177,561.5296028193072,1572.3297409255447,-690.4889534013664,58.06451612903226,11.612903225806452,90.0
4178,-615.0794530793164,1341.1097248125648,-544.7598046975094,81.29032258064515,174.19354838709677,403.5483870967742
4179,530.0176138179228,1348.0114920769872,-380.75107118918004,150.96774193548387,92.90322580645162,264.19354838709677
4180,-527.1187095690806,1439.465990740331,836.754142425147,174.19354838709677,162.5806451612903,252.5806451612903
4181,-161.4237912441638,1441.8092073959956,-450.05088988599437,104.51612903225808,46.45161290322581,415.1612903225806
4182,253.94044770121002,1352.4617683691731,495.54199624046,150.96774193548387,162.5806451612903,438.38709677419354
4183,-1348.315311959907,1685.7032434113553,-576.067215560765,34.83870967741935,104.51612903225808,310.64516129032256
4184,-697.5732859317936,1258.6077917014306,627.8943357732228,127.74193548387098,139.3548387096774,90.0
4185,1001.3290917134725,1706.2509444769937,-617.7770978710523,0.0,46.45161290322581,159.67741935483872
4186,1276.2421849398643,1824.135423422831,-961.935471486334,46.45161290322581,92.90322580645162,357.0967741935484
4187,131.493981110013,1662.6583739502898,-356.80685346506726,139.3548387096774,46.45161290322581,415.1612903225806
4188,-789.7974786663949,1560.2322831618394,-262.6532023022529,11.612903225806452,162.5806451612903,252.5806451612903
4189,1051.1424656748256,1294.2658991453163,421.78164552963204,92.90322580645162,23.225806451612904,113.2258064516129
4190,827.5293421637975,1622.4112791295731,-410.2111472925304,174.19354838709677,81.29032258064515,438.38709677419354
4191,99.96513401555288,1494.440031756531,-106.4233771401156,104.51612903225808,174.19354838709677,101.61290322580645
4192,64.220719599642,1741.8328221566035,-1019.5582982066206,46.45161290322581,23.225806451612904,322.258064516129
4193,-571.8089796692052,1751.6046347581628,535.6181822376051,11.612903225806452,162.5806451612903,206.1290322580645
4194,1493.8746397930142,1691.003423905224,864.292357399029,11.612903225806452,139.3548387096774,310.64516129032256
4195,192.7613369557733,1424.3628607642431,-44.31766659411327,58.06451612903226,92.90322580645162,217.74193548387098
4196,1187.6239358502423,1797.0186239454274,-891.8507492416485,46.45161290322581,34.83870967741935,240.96774193548387
4197,462.6199200608735,1315.1800133901697,356.2473938061995,174.19354838709677,58.06451612903226,333.8709677419355
4198,-694.1965971619416,1323.6794909769174,-553.2684656988365,92.90322580645162,92.90322580645162,322.258064516129
4199,-846.4803235473024,1681.813287748819,-645.1322286201046,92.90322580645162,58.06451612903226,299.03225806451616
4200,367.28069272712816,1326.6989422624192,-561.5099013128247,0.0,104.51612903225808,252.5806451612903
4201,-8.761083982845186,1237.2232081413738,-84.75668179833109,46.45161290322581,174.19354838709677,101.61290322580645
4202,1220.6269088746837,1714.9241757570323,-331.46323227336757,46.45161290322581,0.0,90.0
4203,1573.4456183614689,1760.4696023932618,848.9639360734537,174.19354838709677,127.74193548387098,206.1290322580645
4204,16.796443368215996,1493.011801778218,-375.34539241059537,46.45161290322581,162.5806451612903,391.93548387096774
4205,-1279.0049813601802,1807.0658987956442,-717.4897484835589,69.6774193548387,162.5806451612903,438.38709677419354
4206,-563.6347543573075,1359.4639596572185,27.707582825281563,162.5806451612903,174.19354838709677,333.8709677419355
4207,39.14770081849035,1509.7986611711592,439.8131069444993,162.5806451612903,92.90322580645162,136.4516129032258
4208,932.6863380006617,1707.8757660441333,543.8247375838822,116.12903225806453,58.06451612903226,322.258064516129
4209,184.4703078405809,1845.5764308820228,559.2052406744864,58.06451612903226,11.612903225806452,415.1612903225806
4210,-1432.6199308834455,1823.2509710672678,357.85146003388473,162.5806451612903,139.3548387096774,113.2258064516129
4211,1146.310377265478,1508.5494044832699,-398.9365701078787,0.0,92.90322580645162,113.2258064516129
4212,849.4031340812173,1767.028118630181,561.7540088867419,58.06451612903226,23.225806451612904,345.48387096774195
4213,408.12705525273856,1431.7594943201175,810.9016381532349,11.612903225806452,150.96774193548387,380.32258064516134
4214,1043.4748924094172,1370.379634951656,-286.1248041912835,139.3548387096774,69.6774193548387,217.74193548387098
4215,-587.0376192416198,1609.8238177770436,38.39391656338602,150.96774193548387,81.29032258064515,217.74193548387098
4216,1134.8125992221098,1291.9121920160442,-743.9911532707013,0.0,69.6774193548387,124.83870967741936
4217,903.8290251999456,1745.5209759234635,-812.1670914856045,69.6774193548387,11.612903225806452,299.03225806451616
4218,-573.7467603294828,1800.7565418835372,926.5332768611914,139.3548387096774,92.90322580645162,206.1290322580645
4219,655.7134178400635,1366.8648615580078,3.7357154348711674,11.612903225806452,174.19354838709677,240.96774193548387
4220,1081.6166859915572,1562.3159259874483,617.3517145251061,92.90322580645162,162.5806451612903,333.8709677419355
4221,943.466954825349,1256.7243162178906,-147.107874638486,58.06451612903226,92.90322580645162,299.03225806451616
4222,-886.6742402591194,1209.4406786865416,661.6623793774629,58.06451612903226,46.45161290322581,124.83870967741936
4223,1443.8307147196306,1631.6591593839796,240.22386358598914,150.96774193548387,69.6774193548387,159.67741935483872
4224,-714.5335027522398,1488.9124468021892,-90.97880286817048,174.19354838709677,139.3548387096774,182.90322580645162
4225,1514.1728420351458,1736.9257630876596,-358.0341031297242,0.0,139.3548387096774,240.96774193548387
4226,-111.07837331727595,1504.4992445967907,-261.7566206654647,23.225806451612904,127.74193548387098,182.90322580645162
4227,-706.5994481861162,1359.8521778640609,770.7259651770647,162.5806451612903,11.612903225806452,194.51612903225808
4228,59.58852391541445,1250.8299420810165,-432.45553507799525,81.29032258064515,104.51612903225808,357.0967741935484
4229,912.9281652004936,1353.1394476501307,-201.02727118169233,23.225806451612904,174.19354838709677,391.93548387096774
4230,-1120.562218563532,1374.61364247364,387.2519247985428,139.3548387096774,46.45161290322581,194.51612903225808
4231,-1131.3423747792194,1335.5492427636636,21.304679776837254,162.5806451612903,0.0,182.90322580645162
4232,427.676121653829,1525.0429672976666,-430.0115492551625,150.96774193548387,150.96774193548387,357.0967741935484
4233,-859.9556882287864,1293.4741544148205,362.3031837694093,34.83870967741935,46.45161290322581,264.19354838709677
4234,702.5587393244555,1791.0125949004293,443.5786365012698,116.12903225806453,150.96774193548387,171.29032258064515
4235,-483.8482782866496,1672.186812695352,960.2021261278783,46.45161290322581,104.51612903225808,217.74193548387098
4236,553.8492377802654,1364.9826957242296,-220.38107774955913,162.5806451612903,127.74193548387098,310.64516129032256
4237,285.1105390309245,1423.1778758784026,803.2338588767209,127.74193548387098,81.29032258064515,101.61290322580645
4238,-1204.5788681936656,1423.895501677732,-57.79504368845849,11.612903225806452,69.6774193548387,90.0
4239,-1409.8034655675003,1824.6395810655233,-587.1586548435948,58.06451612903226,92.90322580645162,426.77419354838713
4240,581.243856301814,1611.6722812710677,663.4895409223578,69.6774193548387,150.96774193548387,101.61290322580645
4241,1420.547237553815,1620.447958124781,529.4447114318451,150.96774193548387,11.612903225806452,124.83870967741936
4242,-416.5022872167572,1732.5643612199997,-902.7799104236335,116.12903225806453,116.12903225806453,217.74193548387098
4243,-1048.5080349266375,1341.1726161202764,-485.40679183359214,104.51612903225808,116.12903225806453,159.67741935483872
4244,1072.2713511040936,1625.160264143454,-372.49556191906026,92.90322580645162,69.6774193548387,159.67741935483872
4245,580.2899028805214,1800.3953759137466,-1049.2614990724674,81.29032258064515,127.74193548387098,287.41935483870964
4246,835.0351980434428,1787.4308849755985,-793.9159710523613,11.612903225806452,150.96774193548387,171.29032258064515
4247,-1237.9270416451093,1742.8697871323814,797.5221875339171,69.6774193548387,69.6774193548387,217.74193548387098
4248,-340.0161776208241,1409.8043795401818,885.5879037772075,0.0,58.06451612903226,124.83870967741936
4249,482.63410954570884,1294.3328029136815,-304.8681728335329,92.90322580645162,34.83870967741935,113.2258064516129
4250,373.7929793738905,1574.8870088187864,1009.0673654457511,150.96774193548387,69.6774193548387,90.0
4251,470.62817065814676,1484.5832714978105,274.89000834961246,174.19354838709677,174.19354838709677,113.2258064516129
4252,265.87060027333945,1311.3803731414362,-659.147042353834,174.19354838709677,23.225806451612904,264.19354838709677
4253,-277.5519225112982,1423.1676752631763,-869.6030733924965,69.6774193548387,150.96774193548387,136.4516129032258
4254,-503.45307506282086,1340.4701755407568,-411.988110890694,11.612903225806452,139.3548387096774,275.80645161290323
4255,962.0543748629473,1510.7614912135307,570.3158792225124,139.3548387096774,69.6774193548387,101.61290322580645
4256,651.7885966753875,1807.3381210528269,-534.6667518733915,81.29032258064515,139.3548387096774,217.74193548387098
4257,463.9631607731829,1230.7393643972378,-306.455956263604,46.45161290322581,11.612903225806452,333.8709677419355
4258,1149.4412228113488,1341.5709687022033,-760.2804940061748,58.06451612903226,46.45161290322581,275.80645161290323
4259,-1149.34227492758,1601.7761024698555,408.03546202240994,0.0,81.29032258064515,159.67741935483872
4260,-1030.4245871504263,1587.3569222565575,114.58421506875389,0.0,0.0,252.5806451612903
4261,1424.0227056396923,1594.2407408184915,-996.956238847107,127.74193548387098,174.19354838709677,415.1612903225806
4262,-1047.3263568924556,1261.951039771939,-590.014698486767,116.12903225806453,46.45161290322581,264.19354838709677
4263,1265.7852805052912,1480.1395010521662,-76.87882800610559,34.83870967741935,46.45161290322581,275.80645161290323
4264,388.0025642988441,1367.7131694891182,861.5566721793355,174.19354838709677,11.612903225806452,415.1612903225806
4265,967.7523031852113,1804.8616035244677,-762.4626068928139,127.74193548387098,46.45161290322581,380.32258064516134
4266,-857.0933751303079,1537.839843766822,-804.2065987371764,162.5806451612903,58.06451612903226,415.1612903225806
4267,343.6939358439786,1243.0511303215858,-709.4635938149586,104.51612903225808,139.3548387096774,159.67741935483872
4268,-1221.9668030112323,1696.4293261700575,478.99800943519375,127.74193548387098,11.612903225806452,438.38709677419354
4269,448.3104381836176,1511.980899848475,88.06561807937302,23.225806451612904,127.74193548387098,90.0
4270,-364.88333949096335,1770.7703846644438,-954.7072086006203,46.45161290322581,81.29032258064515,252.5806451612903
4271,1161.61187808209,1333.563690390654,-296.4492951231038,69.6774193548387,23.225806451612904,194.51612903225808
4272,-950.7639954342203,1841.6197831563884,-1031.7844033613535,58.06451612903226,46.45161290322581,322.258064516129
4273,760.6936250799632,1623.4410667697666,-103.29581451827465,34.83870967741935,58.06451612903226,333.8709677419355
4274,-271.5558391264581,1557.6902766637886,40.94362067276425,69.6774193548387,162.5806451612903,403.5483870967742
4275,463.34694151658783,1441.4714927628872,-325.5175319127176,162.5806451612903,34.83870967741935,182.90322580645162
4276,780.4271069536975,1339.7238946167126,142.51471865000588,46.45161290322581,69.6774193548387,415.1612903225806
4277,1263.2082798533531,1625.4432523669852,353.5214650936979,174.19354838709677,150.96774193548387,171.29032258064515
4278,679.1178721522506,1513.8735080852161,719.98481820409,69.6774193548387,23.225806451612904,229.3548387096774
4279,1622.6303858224408,1830.1723963556806,-612.6928110730976,104.51612903225808,92.90322580645162,438.38709677419354
4280,67.78416597459476,1612.1042771657471,-863.5591587471238,127.74193548387098,162.5806451612903,403.5483870967742
4281,-654.8795171423695,1765.5983835924462,1133.5457961185873,69.6774193548387,116.12903225806453,391.93548387096774
4282,-990.2936051755078,1664.3371228718631,-865.7145298484149,139.3548387096774,92.90322580645162,264.19354838709677
4283,1349.7480002343184,1677.3195522624037,-303.4729046840196,11.612903225806452,116.12903225806453,206.1290322580645
4284,387.57382580430647,1803.9688694451715,-507.45633062350225,58.06451612903226,150.96774193548387,438.38709677419354
4285,-1067.7241872416869,1841.0642795862068,-308.1147090752296,116.12903225806453,139.3548387096774,206.1290322580645
4286,924.7916127863924,1589.5917912050063,-920.8261551664199,11.612903225806452,104.51612903225808,380.32258064516134
4287,-1081.8530607235512,1732.1161890934416,269.6527857364865,92.90322580645162,34.83870967741935,182.90322580645162
4288,545.4368890244243,1494.6665758910053,560.129153829561,81.29032258064515,23.225806451612904,171.29032258064515
4289,-841.4254050877245,1406.6954846068747,730.1885794199402,127.74193548387098,0.0,194.51612903225808
4290,375.6880835015243,1696.0864207386267,-922.82148778274,104.51612903225808,174.19354838709677,403.5483870967742
4291,-1323.2652285008112,1549.5669480334352,-436.2133651825694,23.225806451612904,34.83870967741935,252.5806451612903
4292,-586.4878016735863,1254.764446315564,25.133993083743356,58.06451612903226,174.19354838709677,124.83870967741936
4293,549.3399767578447,1262.6564539884603,-15.40072793475007,46.45161290322581,116.12903225806453,357.0967741935484
4294,958.9595825597746,1284.9903855963564,-589.4805121667779,104.51612903225808,11.612903225806452,391.93548387096774
4295,1127.9469264436873,1712.1847442397304,515.1470882120559,162.5806451612903,104.51612903225808,287.41935483870964
4296,-701.1620272284164,1477.3917323409141,-360.08369898597465,46.45161290322581,127.74193548387098,391.93548387096774
4297,1107.8724155763084,1783.8491436264367,-60.7334044723574,139.3548387096774,162.5806451612903,148.06451612903226
4298,-369.7059792411448,1629.183928106596,-739.1712530938179,174.19354838709677,23.225806451612904,275.80645161290323
4299,-1121.7757080015758,1801.6564901554411,486.6308395619024,116.12903225806453,58.06451612903226,252.5806451612903
4300,-905.4668459072133,1849.6258346103002,-1075.182040708215,11.612903225806452,34.83870967741935,182.90322580645162
4301,-922.9804299984124,1729.1480509516412,-496.92228603051103,104.51612903225808,139.3548387096774,415.1612903225806
4302,503.2185345373092,1831.4869779848277,45.211442195345164,81.29032258064515,58.06451612903226,264.19354838709677
4303,1184.7588604855032,1511.0126278212942,714.5851008898182,34.83870967741935,23.225806451612904,240.96774193548387
4304,-857.4241070996328,1477.9360809724337,-255.03436180872887,46.45161290322581,162.5806451612903,264.19354838709677
4305,-483.10195691048926,1697.8666997824903,682.8936527127657,81.29032258064515,104.51612903225808,287.41935483870964
4306,535.3423003701417,1257.0052302903225,-310.1296912633396,162.5806451612903,104.51612903225808,438.38709677419354
4307,-593.8517840548554,1543.692023321951,652.9486022653437,23.225806451612904,69.6774193548387,415.1612903225806
4308,-665.5446545432451,1714.4358642830134,-891.4661913372094,104.51612903225808,127.74193548387098,345.48387096774195
4309,1112.7307111424764,1844.5388436632938,406.1940716919958,104.51612903225808,116.12903225806453,217.74193548387098
4310,-469.748901536296,1428.414227155901,-720.3877229601452,150.96774193548387,23.225806451612904,101.61290322580645
4311,1106.5611770541825,1298.9160682033566,189.8185521287294,23.225806451612904,116.12903225806453,159.67741935483872
4312,665.7940399985284,1347.5083964230298,-286.37442598770366,34.83870967741935,34.83870967741935,159.67741935483872
4313,1369.0734829085409,1531.722730310581,293.77395010506183,58.06451612903226,104.51612903225808,368.7096774193548
4314,598.5840492349791,1405.583805179694,482.09476057788976,162.5806451612903,174.19354838709677,264.19354838709677
4315,-565.465338263077,1657.0640260263253,569.4832994555869,150.96774193548387,162.5806451612903,124.83870967741936
4316,879.2772542699735,1309.8964474992222,-428.14484640101966,162.5806451612903,174.19354838709677,217.74193548387098
4317,-852.2685989373988,1578.6980618236573,-252.53155470323767,34.83870967741935,81.29032258064515,182.90322580645162
4318,832.463663770885,1486.846878036938,687.9197182971714,34.83870967741935,116.12903225806453,380.32258064516134
4319,-1250.797555496013,1695.8575731269605,436.64035871052886,69.6774193548387,127.74193548387098,240.96774193548387
4320,-528.1607649128962,1382.5403774329066,-422.7949769476111,11.612903225806452,174.19354838709677,368.7096774193548
4321,396.18242610345146,1763.0122893262378,-858.5868312232535,139.3548387096774,162.5806451612903,345.48387096774195
4322,-696.1863028263787,1518.4138658988982,212.91827092914684,139.3548387096774,23.225806451612904,101.61290322580645
4323,892.8688748804983,1407.9753822477164,624.1403315667789,139.3548387096774,69.6774193548387,136.4516129032258
4324,1467.2235946537533,1621.085427644271,-1061.067754368311,81.29032258064515,127.74193548387098,194.51612903225808
4325,1254.6429139629306,1685.717691549745,455.73740593264415,116.12903225806453,162.5806451612903,171.29032258064515
4326,1552.9491639003265,1784.1990210104345,954.8467669324339,127.74193548387098,34.83870967741935,322.258064516129
4327,784.4255422874472,1410.365481665959,-173.3380215901307,46.45161290322581,11.612903225806452,275.80645161290323
4328,789.7269736350927,1832.276244561867,1063.3378151901509,34.83870967741935,34.83870967741935,426.77419354838713
4329,-885.1567760122146,1306.5322013828925,342.9979770767744,11.612903225806452,116.12903225806453,345.48387096774195
4330,92.49609103699292,1719.9208873989846,1117.516868502165,69.6774193548387,162.5806451612903,380.32258064516134
4331,294.3516655377776,1395.282233407174,-640.8040880603062,11.612903225806452,127.74193548387098,171.29032258064515
4332,-419.6270749388184,1613.227797884585,448.7917708385249,69.6774193548387,104.51612903225808,217.74193548387098
4333,859.4703833901708,1210.774646867108,-133.02692581638604,46.45161290322581,150.96774193548387,322.258064516129
4334,-541.9438359381069,1248.6422244368268,141.82338133119538,127.74193548387098,58.06451612903226,229.3548387096774
4335,-839.5516068434621,1772.7263464782104,546.169875360246,92.90322580645162,174.19354838709677,148.06451612903226
4336,-349.0544715967456,1346.0651626943315,463.43871389575304,139.3548387096774,139.3548387096774,391.93548387096774
4337,-78.30240745745769,1652.6521781058523,993.5460470440142,92.90322580645162,69.6774193548387,113.2258064516129
4338,-206.99349570980843,1275.997111921158,-293.1530722169092,46.45161290322581,162.5806451612903,415.1612903225806
4339,1162.6583363284822,1729.4307390755805,974.9996298056916,81.29032258064515,0.0,101.61290322580645
4340,658.4183640557175,1621.4309251620793,-664.7988016494375,46.45161290322581,116.12903225806453,217.74193548387098
4341,914.6953765148936,1621.9639111368806,-567.0163617384036,104.51612903225808,150.96774193548387,148.06451612903226
4342,-873.7313649841175,1453.1856479622554,698.5832769610283,127.74193548387098,34.83870967741935,90.0
4343,-359.7802259452742,1631.5630797129436,450.46359457107246,174.19354838709677,104.51612903225808,229.3548387096774
4344,90.1462471501592,1828.7742901453114,-1035.3738668304081,150.96774193548387,81.29032258064515,101.61290322580645
4345,-1062.872598966253,1566.8454496642462,-159.0995488183461,11.612903225806452,104.51612903225808,415.1612903225806
4346,644.826224090037,1388.9421446355968,574.6861042099877,46.45161290322581,139.3548387096774,391.93548387096774
4347,237.81268909664917,1393.5709130968278,-22.35718182260147,23.225806451612904,116.12903225806453,310.64516129032256
4348,-769.243878125226,1289.4931927080534,216.9145726921263,116.12903225806453,23.225806451612904,148.06451612903226
4349,69.99460128268512,1200.9152658410992,-8.820384047551233,116.12903225806453,0.0,101.61290322580645
4350,-48.08475664011862,1448.0459538207706,-370.903011912291,46.45161290322581,23.225806451612904,310.64516129032256
4351,-421.2538884934894,1601.6779947187433,-893.0221895960452,23.225806451612904,150.96774193548387,159.67741935483872
4352,773.7682644887891,1618.3878956869862,899.4482002601696,139.3548387096774,11.612903225806452,113.2258064516129
4353,457.55928055958816,1823.788691994639,1163.6284946766164,162.5806451612903,116.12903225806453,229.3548387096774
4354,-771.4152086191676,1376.1718055709714,696.7136618330458,150.96774193548387,162.5806451612903,252.5806451612903
4355,-394.6878642056804,1589.870520538205,913.3739611463053,162.5806451612903,174.19354838709677,426.77419354838713
4356,-933.5055302019022,1286.036538263055,451.2163030241414,139.3548387096774,116.12903225806453,426.77419354838713
4357,-719.1362838547618,1680.653141053269,946.0560944955622,58.06451612903226,127.74193548387098,182.90322580645162
4358,535.1706341745195,1357.8300702627,-527.9972297238356,58.06451612903226,174.19354838709677,322.258064516129
4359,354.8679480367067,1676.2000668572834,-582.9626828476642,174.19354838709677,92.90322580645162,171.29032258064515
4360,-475.5242001704213,1468.7265858319442,-129.02275361505016,162.5806451612903,34.83870967741935,403.5483870967742
4361,374.86372089126377,1294.6908171548212,542.0093363223758,69.6774193548387,11.612903225806452,345.48387096774195
4362,-93.31533847322379,1441.9367222114463,721.0517774939897,46.45161290322581,69.6774193548387,136.4516129032258
4363,1540.1001732750965,1833.7513507781107,-291.4769131824043,81.29032258064515,34.83870967741935,240.96774193548387
4364,-1007.4838732973861,1219.7514048039484,-376.68955097138075,23.225806451612904,139.3548387096774,391.93548387096774
4365,-493.5625549563923,1617.08428682354,923.8038731338065,34.83870967741935,116.12903225806453,264.19354838709677
4366,258.181057482496,1645.2610052571565,892.6071577817061,116.12903225806453,92.90322580645162,438.38709677419354
4367,1099.7668363067748,1549.769644708497,995.8850509735239,11.612903225806452,81.29032258064515,124.83870967741936
4368,951.497351573201,1219.6235417347473,607.1016889920979,0.0,174.19354838709677,194.51612903225808
4369,-948.1427247409168,1254.8094712781428,-778.2266294594274,139.3548387096774,34.83870967741935,299.03225806451616
4370,1370.089997131425,1782.223570351152,448.2658009278955,58.06451612903226,69.6774193548387,426.77419354838713
4371,-535.1035643005471,1504.7538218500201,-873.3375146318685,58.06451612903226,23.225806451612904,380.32258064516134
4372,-574.7679001593585,1634.9895041766222,-107.28109520607188,34.83870967741935,139.3548387096774,426.77419354838713
4373,959.0225616624849,1701.3318278783402,367.1772325617395,116.12903225806453,127.74193548387098,217.74193548387098
4374,183.54227373805935,1592.5770673645409,386.3941285179539,58.06451612903226,69.6774193548387,171.29032258064515
4375,200.3156830446752,1671.3813531312237,459.16057325719726,23.225806451612904,116.12903225806453,275.80645161290323
4376,-349.8812760641837,1508.176021647566,-482.4228726625735,58.06451612903226,104.51612903225808,101.61290322580645
4377,1064.9303682203915,1496.115482671091,162.29277639401846,34.83870967741935,139.3548387096774,403.5483870967742
4378,1144.6014158809564,1770.3983471439947,-668.8965787248163,58.06451612903226,116.12903225806453,159.67741935483872
4379,749.4618283329276,1424.7684766007394,124.59202613504843,174.19354838709677,23.225806451612904,333.8709677419355
4380,-1195.6996544613653,1535.503125865872,-575.5575549287036,116.12903225806453,0.0,124.83870967741936
4381,-592.0378146260997,1800.8132739677649,838.4091576303276,34.83870967741935,69.6774193548387,159.67741935483872
4382,459.4693423618052,1450.29000592368,-370.7737260727692,116.12903225806453,104.51612903225808,299.03225806451616
4383,71.18602668695502,1204.0939195515082,-407.536569571916,127.74193548387098,23.225806451612904,333.8709677419355
4384,-425.73201793192584,1466.7566013451176,807.0667229240545,81.29032258064515,116.12903225806453,240.96774193548387
4385,-184.15962825388218,1519.2818632334897,-339.10885700973313,11.612903225806452,81.29032258064515,229.3548387096774
4386,-27.851696656290947,1349.6294000302391,788.3187934474547,23.225806451612904,69.6774193548387,206.1290322580645
4387,934.2082443175437,1748.394541237682,-488.8437018425852,58.06451612903226,139.3548387096774,415.1612903225806
4388,827.2720209327254,1697.9240412617912,-753.6409079020773,174.19354838709677,34.83870967741935,426.77419354838713
4389,-506.05735240463866,1640.8391517752166,-316.7968654223693,162.5806451612903,116.12903225806453,217.74193548387098
4390,1429.8444594585876,1589.689381673093,29.27019856328812,34.83870967741935,34.83870967741935,171.29032258064515
4391,1053.7267461354509,1716.4091337597447,-454.69023141968813,104.51612903225808,34.83870967741935,113.2258064516129
4392,586.7028334897137,1321.2006961897584,299.9839697390115,69.6774193548387,104.51612903225808,299.03225806451616
4393,-479.6065183470297,1401.9268460886537,565.1025066695631,46.45161290322581,127.74193548387098,124.83870967741936
4394,708.5852681136766,1325.1439149941828,-772.8556270502575,69.6774193548387,174.19354838709677,415.1612903225806
4395,1507.6419624545024,1768.3297467064867,-499.3549089450524,46.45161290322581,162.5806451612903,136.4516129032258
4396,488.5837603734558,1326.8714507013262,509.81405849217117,127.74193548387098,46.45161290322581,345.48387096774195
4397,114.05342284159836,1372.4879491127383,-830.406775361417,69.6774193548387,58.06451612903226,90.0
4398,914.1668932594589,1716.5940157752307,-455.8238481959398,139.3548387096774,104.51612903225808,240.96774193548387
4399,1068.1676081411713,1738.9139469948404,-426.09867840379184,58.06451612903226,150.96774193548387,206.1290322580645
4400,-652.6784827311296,1683.3331645876694,-1074.883576792238,139.3548387096774,127.74193548387098,391.93548387096774
4401,-897.043323082572,1416.727302329605,338.61814098896605,139.3548387096774,0.0,124.83870967741936
4402,1386.7905924487688,1652.4295486368835,789.909072267721,69.6774193548387,58.06451612903226,333.8709677419355
4403,-425.2288396375878,1617.4121901745063,93.3076410679547,58.06451612903226,174.19354838709677,171.29032258064515
4404,-730.1352564240217,1559.3688821796277,-304.9637967377924,150.96774193548387,174.19354838709677,206.1290322580645
4405,267.57486027936966,1733.147309323477,-611.9225253153995,34.83870967741935,23.225806451612904,322.258064516129
4406,1310.9280008801259,1515.083211600545,-444.3883873128871,174.19354838709677,150.96774193548387,333.8709677419355
4407,552.9260744706962,1659.2408938388012,-522.7711994459078,34.83870967741935,81.29032258064515,90.0
4408,-327.39890352924414,1602.5045257283073,402.02604490323387,150.96774193548387,127.74193548387098,310.64516129032256
4409,620.8386238455896,1583.6146902758007,-897.0641049230665,92.90322580645162,0.0,113.2258064516129
4410,-794.7153313713497,1374.4499515334337,61.907196190089486,162.5806451612903,92.90322580645162,252.5806451612903
4411,746.1122898183792,1318.0820911057672,220.21079837030743,58.06451612903226,69.6774193548387,368.7096774193548
4412,578.1259958831633,1200.3269526727854,-645.7491268687045,174.19354838709677,174.19354838709677,171.29032258064515
4413,690.68186317629,1280.1172484062351,761.941765557144,23.225806451612904,58.06451612903226,240.96774193548387
4414,270.6159905543258,1384.7547869691161,366.7338668941273,139.3548387096774,174.19354838709677,101.61290322580645
4415,-1609.5612134967582,1815.0754699480078,-655.7846179123103,116.12903225806453,92.90322580645162,426.77419354838713
4416,1051.8993968374302,1844.1773655840007,-146.5515578118126,150.96774193548387,69.6774193548387,380.32258064516134
4417,1181.6796689499545,1474.8294622450744,707.1092025155255,92.90322580645162,139.3548387096774,113.2258064516129
4418,1267.2865506528428,1448.938233923275,907.9827321035904,116.12903225806453,92.90322580645162,206.1290322580645
4419,-921.4225767943717,1708.944032468921,-928.2632425133786,58.06451612903226,162.5806451612903,345.48387096774195
4420,690.8878905789132,1555.6956102664394,-983.6022227484544,174.19354838709677,46.45161290322581,403.5483870967742
4421,296.51064422767587,1242.9604954300223,65.13614410823862,58.06451612903226,139.3548387096774,333.8709677419355
4422,503.6889124795609,1675.573989567386,-755.8256621123172,23.225806451612904,139.3548387096774,264.19354838709677
4423,1292.0608839057427,1465.121904887466,842.6164501746312,174.19354838709677,69.6774193548387,217.74193548387098
4424,616.1617697760233,1513.194896797048,-836.5106833578892,11.612903225806452,127.74193548387098,438.38709677419354
4425,-599.1944209779863,1693.0475928535052,-587.0322449434022,174.19354838709677,34.83870967741935,171.29032258064515
4426,-949.9197585386337,1487.5608724010806,685.8034949372546,46.45161290322581,139.3548387096774,90.0
4427,-1433.2898858356195,1605.1307785064694,-847.4462585776132,162.5806451612903,69.6774193548387,287.41935483870964
4428,-938.3181587190725,1552.4144211344492,-324.2429907761037,162.5806451612903,162.5806451612903,287.41935483870964
4429,116.67896487491909,1250.085826160659,305.3823669342604,46.45161290322581,46.45161290322581,415.1612903225806
4430,-94.65806569108395,1509.1979320871014,-844.6844423410776,104.51612903225808,34.83870967741935,299.03225806451616
4431,463.7190470068633,1782.614330835011,-810.5715575933921,92.90322580645162,150.96774193548387,380.32258064516134
4432,-730.8003921716568,1262.9865165929584,408.0123386184457,104.51612903225808,127.74193548387098,194.51612903225808
4433,-227.03811045442066,1622.2827507666339,652.4307958935385,34.83870967741935,58.06451612903226,136.4516129032258
4434,-1083.2914514047538,1761.100260732043,-536.532261237307,150.96774193548387,127.74193548387098,159.67741935483872
4435,-1067.4898830060401,1565.3354648115862,544.0427185678557,92.90322580645162,116.12903225806453,403.5483870967742
4436,50.15032299267048,1258.8555523595878,481.54717259239595,81.29032258064515,116.12903225806453,322.258064516129
4437,372.0497655703596,1824.1528077853484,-672.2393758122623,0.0,162.5806451612903,252.5806451612903
4438,566.5809732182415,1695.3689016597184,480.01736457218664,46.45161290322581,92.90322580645162,310.64516129032256
4439,1141.833549377347,1648.2780297426752,110.99302226938512,127.74193548387098,104.51612903225808,182.90322580645162
4440,1027.3513935312897,1514.2366971202628,-356.0533311695371,104.51612903225808,174.19354838709677,287.41935483870964
4441,-208.9516701420914,1359.2547461426198,-50.64180958232001,127.74193548387098,92.90322580645162,90.0
4442,1340.5988820910152,1832.9406726722193,264.98431974234006,69.6774193548387,174.19354838709677,310.64516129032256
4443,-1190.191943154464,1710.3092466318283,787.5002275424231,104.51612903225808,11.612903225806452,415.1612903225806
4444,155.02401984185,1270.554457021772,245.05175929979757,69.6774193548387,81.29032258064515,438.38709677419354
4445,-846.0713716851748,1405.6184564239086,-153.60999647868346,116.12903225806453,23.225806451612904,299.03225806451616
4446,-929.6380071849616,1670.4341552916094,-504.31202186999656,174.19354838709677,92.90322580645162,345.48387096774195
4447,362.3304989392883,1719.879857108204,-474.5106865248494,34.83870967741935,127.74193548387098,101.61290322580645
4448,1126.0734645983116,1334.9190653889189,293.5975473303188,104.51612903225808,69.6774193548387,101.61290322580645
4449,1373.5004134285055,1736.0293911331823,-588.3453341050802,104.51612903225808,58.06451612903226,287.41935483870964
4450,1506.8217278166849,1838.5944292550353,233.77746590261222,92.90322580645162,34.83870967741935,217.74193548387098
4451,32.36560485770745,1348.208272371777,4.6605368573596095,139.3548387096774,104.51612903225808,287.41935483870964
4452,-707.7386921142864,1297.1697044004839,-653.8632518802334,116.12903225806453,0.0,148.06451612903226
4453,-1379.147315336752,1631.2934929635364,-901.1134764986354,162.5806451612903,139.3548387096774,345.48387096774195
4454,1203.2624306828222,1813.2285445517823,-352.88932541506296,69.6774193548387,174.19354838709677,426.77419354838713
4455,-1222.2575285161165,1477.0259587671812,-311.97268026532726,127.74193548387098,92.90322580645162,124.83870967741936
4456,238.76155050331053,1250.446649870241,-76.65589310808434,69.6774193548387,69.6774193548387,159.67741935483872
4457,-904.188905144823,1509.4900017425823,-297.05774027035454,0.0,150.96774193548387,194.51612903225808
4458,740.7467946245678,1746.3591473650504,1069.5801945013984,58.06451612903226,0.0,171.29032258064515
4459,-161.7787870699189,1411.3387775685553,870.4984312417664,162.5806451612903,0.0,113.2258064516129
4460,608.4646833950078,1677.0127913310234,49.99859758196781,139.3548387096774,92.90322580645162,148.06451612903226
4461,1133.900842597383,1691.287270407928,-672.8478212802037,92.90322580645162,23.225806451612904,299.03225806451616
4462,-858.5908834416116,1247.3803595028744,139.01596358016786,69.6774193548387,139.3548387096774,206.1290322580645
4463,-373.8360351663376,1310.940105272268,-295.72443906051274,139.3548387096774,162.5806451612903,182.90322580645162
4464,1283.1662582112572,1553.5380533316606,624.6016498083902,69.6774193548387,34.83870967741935,403.5483870967742
4465,1153.6962709038257,1352.2516582982498,-65.28840848783916,46.45161290322581,58.06451612903226,299.03225806451616
4466,982.6981830502237,1233.5996211608353,551.4749317015227,58.06451612903226,150.96774193548387,310.64516129032256
4467,493.92591332022766,1277.6452843492534,733.7532565630921,104.51612903225808,69.6774193548387,90.0
4468,-439.98921420292356,1354.9343916087523,-95.86209922565354,162.5806451612903,116.12903225806453,333.8709677419355
4469,189.4576704889003,1251.5364120711283,-115.0327077277245,46.45161290322581,81.29032258064515,148.06451612903226
4470,817.7108563421807,1676.959267165488,-623.8341414391176,23.225806451612904,81.29032258064515,113.2258064516129
4471,1087.37376973908,1242.7069893380815,2.803192888639394,139.3548387096774,92.90322580645162,299.03225806451616
4472,-785.5577956278821,1287.9918399902235,534.814679308036,58.06451612903226,162.5806451612903,113.2258064516129
4473,1187.9765072398604,1756.4107059593432,614.4585599679958,162.5806451612903,139.3548387096774,148.06451612903226
4474,795.2665103204039,1555.6323945158415,902.6044838855323,92.90322580645162,23.225806451612904,403.5483870967742
4475,1342.1442127977234,1618.9956410209945,-99.22527871976712,139.3548387096774,46.45161290322581,124.83870967741936
4476,-298.85116312027725,1681.0179603420631,1007.1516476607446,139.3548387096774,139.3548387096774,217.74193548387098
4477,622.4978888455671,1314.258194083215,-668.0111435070769,162.5806451612903,127.74193548387098,252.5806451612903
4478,395.64883205039473,1534.597495056544,-727.9534376845941,127.74193548387098,162.5806451612903,310.64516129032256
4479,-805.7325268481985,1208.8178430981502,-732.1650217629722,34.83870967741935,81.29032258064515,333.8709677419355
4480,-565.1150902699376,1367.0457362427176,-701.4059046212593,139.3548387096774,174.19354838709677,345.48387096774195
4481,-950.2276598908243,1614.0993889741956,-492.1730021256085,92.90322580645162,34.83870967741935,322.258064516129
4482,1022.8778964299444,1416.363252688468,841.9691234596021,162.5806451612903,23.225806451612904,90.0
4483,-526.3903065368329,1830.0799235516372,-60.977545843308434,81.29032258064515,92.90322580645162,159.67741935483872
4484,892.8745872029081,1712.4108273711051,-12.480049354264189,139.3548387096774,34.83870967741935,159.67741935483872
4485,-371.5284377501554,1545.0401171465821,898.7967278737506,150.96774193548387,46.45161290322581,310.64516129032256
4486,19.61792366300834,1707.0762687760464,839.991437145097,81.29032258064515,46.45161290322581,113.2258064516129
4487,-84.53123031208101,1570.7658286515657,-17.04836641695735,104.51612903225808,46.45161290322581,90.0
4488,-219.3452484733786,1844.588965827144,-64.52972374901265,0.0,92.90322580645162,252.5806451612903
4489,-501.34345465702347,1785.1216991116153,330.84685942026334,0.0,162.5806451612903,194.51612903225808
4490,602.4417518798152,1360.9369993549412,-140.42017964587183,116.12903225806453,150.96774193548387,217.74193548387098
4491,-407.6982284571052,1697.4153972832055,-238.20879854403003,139.3548387096774,58.06451612903226,194.51612903225808
4492,1138.32363135021,1646.0352516128023,-294.9901337323139,139.3548387096774,116.12903225806453,438.38709677419354
4493,-297.4932092257248,1252.0966614775355,561.1714842565732,69.6774193548387,116.12903225806453,194.51612903225808
4494,-252.13653752704755,1519.2858232659826,307.21826986449764,11.612903225806452,0.0,171.29032258064515
4495,-659.5783101683244,1336.697572007789,-411.23653286260395,104.51612903225808,104.51612903225808,345.48387096774195
4496,1146.5597154848235,1510.2119879944387,-54.008866323275484,92.90322580645162,34.83870967741935,357.0967741935484
4497,863.0500915335103,1553.6892546648164,-96.5154993660235,34.83870967741935,46.45161290322581,113.2258064516129
4498,589.3736010387918,1317.9996106782314,-473.89599826891384,116.12903225806453,174.19354838709677,403.5483870967742
4499,1357.2105729344037,1507.8554598727324,-526.582328970099,92.90322580645162,58.06451612903226,206.1290322580645
4500,1073.882410052779,1466.569982127002,623.8025474501578,127.74193548387098,81.29032258064515,333.8709677419355
4501,-904.8497248075938,1573.5185789319398,-235.32003387669977,69.6774193548387,11.612903225806452,403.5483870967742
4502,463.52577574165787,1696.988391170504,-994.1957523758928,34.83870967741935,92.90322580645162,217.74193548387098
4503,-1488.7525558510288,1780.7579923855712,-215.47820568504915,81.29032258064515,23.225806451612904,357.0967741935484
4504,-541.4895072892486,1504.3942562209147,-431.11599634609394,11.612903225806452,69.6774193548387,403.5483870967742
4505,-380.27053802361854,1573.11657361529,421.53380777593804,23.225806451612904,23.225806451612904,287.41935483870964
4506,-869.956953956329,1473.7045633350988,614.3287174715691,34.83870967741935,162.5806451612903,182.90322580645162
4507,-330.04767491330506,1689.6694457383703,1.4208402478470106,23.225806451612904,174.19354838709677,159.67741935483872
4508,186.62731175995174,1665.6024062560493,509.7744378191843,139.3548387096774,11.612903225806452,403.5483870967742
4509,1150.5530584286935,1372.3186932131266,612.6169954435202,162.5806451612903,81.29032258064515,240.96774193548387
4510,776.7113114315558,1211.033332495619,-628.0947988417049,150.96774193548387,0.0,113.2258064516129
4511,-397.76103216078695,1808.3486928273537,629.6417548558641,174.19354838709677,116.12903225806453,171.29032258064515
4512,623.7736597314431,1223.459521379907,-127.74223805880452,11.612903225806452,116.12903225806453,136.4516129032258
4513,-1010.2027210863541,1244.9338381255411,-405.0938678203131,58.06451612903226,139.3548387096774,182.90322580645162
4514,685.9836492407559,1205.0489950275548,446.2136548478542,127.74193548387098,81.29032258064515,357.0967741935484
4515,-773.3163069998498,1518.0202172634663,463.3896500839411,69.6774193548387,116.12903225806453,322.258064516129
4516,617.803746119253,1429.606509744913,289.8149741290556,174.19354838709677,69.6774193548387,229.3548387096774
4517,-372.443450448527,1605.582509648999,-605.2526716869801,127.74193548387098,69.6774193548387,391.93548387096774
4518,-0.2654544351807786,1707.6073079450928,177.4572554289854,92.90322580645162,92.90322580645162,357.0967741935484
4519,-1356.6844806572255,1537.4277825840652,-761.8274679600398,34.83870967741935,34.83870967741935,229.3548387096774
4520,-486.3152037875505,1645.1887976982214,-737.8519249161718,46.45161290322581,174.19354838709677,380.32258064516134
4521,903.0594357528934,1734.8906652749804,540.6132974734577,11.612903225806452,69.6774193548387,194.51612903225808
4522,387.6882986951538,1674.6217051803171,170.51296305444055,116.12903225806453,58.06451612903226,124.83870967741936
4523,-553.8539974722679,1464.2325608965646,280.29436492944535,23.225806451612904,46.45161290322581,171.29032258064515
4524,-1365.2400502608662,1784.1977387299835,650.1593727134981,81.29032258064515,92.90322580645162,310.64516129032256
4525,467.13373027976036,1421.9366292944228,911.9737326018266,34.83870967741935,23.225806451612904,333.8709677419355
4526,-792.0049675180785,1607.6271535449691,-525.2948744716975,11.612903225806452,23.225806451612904,136.4516129032258
4527,-822.1130280621821,1743.6881865410996,29.577756487360674,104.51612903225808,58.06451612903226,217.74193548387098
4528,85.86094363821869,1583.991834722588,362.24511775305837,104.51612903225808,46.45161290322581,357.0967741935484
4529,-1286.01915626619,1529.952632378282,667.5670302923629,34.83870967741935,58.06451612903226,322.258064516129
4530,-516.9401368926215,1505.258153329919,-189.95549095962775,139.3548387096774,0.0,101.61290322580645
4531,-690.6239882524801,1327.2113252882584,483.0009275737437,69.6774193548387,127.74193548387098,113.2258064516129
4532,-832.2312449376872,1429.484608944609,85.09816451534692,127.74193548387098,104.51612903225808,171.29032258064515
4533,-764.1848160970552,1561.737145825921,47.60841319137992,139.3548387096774,92.90322580645162,252.5806451612903
4534,784.6816472574441,1765.6285972501369,858.539723760862,0.0,23.225806451612904,194.51612903225808
4535,-123.26382045009687,1551.6823293289697,209.84247517092936,150.96774193548387,174.19354838709677,322.258064516129
4536,-981.3026391434166,1389.7411866654163,886.8114658115192,0.0,127.74193548387098,182.90322580645162
4537,1240.1688875487528,1452.0893335952724,158.01267527623412,11.612903225806452,139.3548387096774,403.5483870967742
4538,-1182.3428062293783,1778.519246419831,-714.8621158617395,127.74193548387098,162.5806451612903,333.8709677419355
4539,-1401.7696734994684,1555.295310110004,-244.13531291482872,58.06451612903226,104.51612903225808,252.5806451612903
4540,583.4769819479856,1356.807240611376,502.47582532524524,23.225806451612904,11.612903225806452,310.64516129032256
4541,-1017.4070289502049,1543.171272313688,620.7639611123046,104.51612903225808,174.19354838709677,182.90322580645162
4542,137.4489552525148,1696.4419789659776,-346.74661427394346,69.6774193548387,127.74193548387098,124.83870967741936
4543,263.20885773268594,1402.7956797985255,-422.0854547893704,150.96774193548387,150.96774193548387,101.61290322580645
4544,-665.4972528746991,1755.1323156691365,502.82072504573387,139.3548387096774,58.06451612903226,438.38709677419354
4545,1204.9929317913536,1385.956363043443,-34.82375296650364,11.612903225806452,174.19354838709677,113.2258064516129
4546,50.955809639247995,1322.2867072768197,-355.21262434359454,46.45161290322581,69.6774193548387,333.8709677419355
4547,-701.8721090924051,1387.79728940621,-118.20082191923503,92.90322580645162,162.5806451612903,357.0967741935484
4548,-565.1997017612066,1447.3527513698941,211.69360489228595,127.74193548387098,104.51612903225808,113.2258064516129
4549,-36.84529328454218,1722.3165500381147,-134.9579486663215,92.90322580645162,46.45161290322581,299.03225806451616
4550,-613.2028490214868,1433.607614116975,-379.6679540672387,150.96774193548387,11.612903225806452,101.61290322580645
4551,-332.00550679097506,1459.8128452329377,-613.926935901543,11.612903225806452,104.51612903225808,345.48387096774195
4552,855.5643605203887,1655.9814830031041,-391.47306709265183,46.45161290322581,58.06451612903226,90.0
4553,188.55546289499242,1224.0878024400238,-753.045470861268,92.90322580645162,104.51612903225808,124.83870967741936
4554,752.8454554027772,1237.0377073705938,338.91806773102377,162.5806451612903,23.225806451612904,182.90322580645162
4555,-77.5371287319908,1632.9215761194953,-492.22875887856947,127.74193548387098,23.225806451612904,171.29032258064515
4556,-1393.3609367170409,1608.7785117385909,-685.2470340772943,69.6774193548387,127.74193548387098,415.1612903225806
4557,-1093.4337716139435,1644.8755227180743,904.8845321251745,104.51612903225808,92.90322580645162,113.2258064516129
4558,756.2470007648571,1204.7823460405957,-172.25932659782916,11.612903225806452,23.225806451612904,368.7096774193548
4559,-639.4541795875558,1734.3370422523599,607.8443298624061,11.612903225806452,58.06451612903226,345.48387096774195
4560,962.1588170101447,1484.822282759762,838.024815123738,150.96774193548387,116.12903225806453,206.1290322580645
4561,-802.4695040638566,1843.6752790553892,414.3294210511268,69.6774193548387,139.3548387096774,136.4516129032258
4562,-367.94735087463835,1765.3831047081162,1058.9314025058623,174.19354838709677,139.3548387096774,357.0967741935484
4563,554.210641249442,1754.7357117905703,-299.8808277347853,69.6774193548387,116.12903225806453,299.03225806451616
4564,-369.8286818422428,1426.165662745188,573.1272705817456,174.19354838709677,81.29032258064515,345.48387096774195
4565,1357.6262848008053,1844.266502096179,460.4133755593157,81.29032258064515,81.29032258064515,264.19354838709677
4566,1045.2637289814857,1748.353658826744,-248.47317733042954,58.06451612903226,58.06451612903226,252.5806451612903
4567,145.22822995455266,1249.8627252102247,-779.5526765003129,174.19354838709677,11.612903225806452,171.29032258064515
4568,278.9092313816102,1410.909810322756,-483.4992775041445,139.3548387096774,92.90322580645162,159.67741935483872
4569,322.74046377470415,1236.0607071685442,-123.07825750558746,127.74193548387098,69.6774193548387,124.83870967741936
4570,249.6033754784156,1666.1103464096273,-84.70215813258548,23.225806451612904,116.12903225806453,415.1612903225806
4571,954.4568891302703,1773.8598111820654,238.77908121840878,69.6774193548387,150.96774193548387,264.19354838709677
4572,1209.0501992354616,1659.0838844715456,658.3513698228808,46.45161290322581,34.83870967741935,415.1612903225806
4573,577.3543283342988,1761.5401477687024,-25.97127648007671,174.19354838709677,139.3548387096774,322.258064516129
4574,-1079.2039892718456,1658.658110705155,1054.4397673318354,46.45161290322581,139.3548387096774,322.258064516129
4575,554.6930307146688,1809.5198537989709,546.275034633526,58.06451612903226,174.19354838709677,136.4516129032258
4576,-505.93881465788616,1621.7612138381594,864.4150163175374,150.96774193548387,69.6774193548387,182.90322580645162
4577,737.6968360479439,1565.6898156165912,-471.2996771071884,104.51612903225808,81.29032258064515,217.74193548387098
4578,-17.87582677839996,1351.3952993652622,-557.3482513636427,174.19354838709677,34.83870967741935,275.80645161290323
4579,246.30715127246515,1469.3863167960271,118.05380647185916,0.0,139.3548387096774,101.61290322580645
4580,617.5169286663473,1269.838348880709,-406.9489319177061,116.12903225806453,174.19354838709677,299.03225806451616
4581,451.5194949137455,1287.3283596264087,-416.65711893572046,127.74193548387098,127.74193548387098,113.2258064516129
4582,201.12255542225944,1371.4544741856375,533.6738602637533,127.74193548387098,174.19354838709677,159.67741935483872
4583,107.91607878267814,1506.7096138365582,965.882183279476,139.3548387096774,150.96774193548387,124.83870967741936
4584,-593.5509474340371,1809.5011012873617,-48.80398473124821,174.19354838709677,162.5806451612903,426.77419354838713
4585,577.4559010010217,1363.18999637896,-758.1823478114637,81.29032258064515,69.6774193548387,148.06451612903226
4586,-531.6397550806853,1201.170585403231,-283.00248618407295,81.29032258064515,104.51612903225808,113.2258064516129
4587,888.9152196349036,1331.3019705208046,187.73653769473685,127.74193548387098,139.3548387096774,322.258064516129
4588,264.1150932564191,1786.8913947847386,876.5383195883484,92.90322580645162,139.3548387096774,403.5483870967742
4589,-380.23893163427897,1537.7512488108523,-382.88903280252714,0.0,116.12903225806453,101.61290322580645
4590,-804.1576168124507,1838.0103838527616,834.9614372729626,69.6774193548387,23.225806451612904,380.32258064516134
4591,355.839359981265,1244.6792235301023,-451.00482112502664,127.74193548387098,162.5806451612903,287.41935483870964
4592,628.539474554255,1555.7516150702331,632.1098973732385,127.74193548387098,46.45161290322581,171.29032258064515
4593,-855.9357242792718,1617.4593039515437,-47.33684576803956,127.74193548387098,58.06451612903226,333.8709677419355
4594,-880.907622934223,1291.7438336460532,758.2744374285139,92.90322580645162,11.612903225806452,101.61290322580645
4595,532.4587428292867,1717.010730229954,299.17128032483333,139.3548387096774,139.3548387096774,113.2258064516129
4596,-1037.683152636349,1421.5537254730802,-903.1571380440662,46.45161290322581,81.29032258064515,368.7096774193548
4597,730.2334709795307,1653.5954349606534,-432.90464842864475,92.90322580645162,116.12903225806453,391.93548387096774
4598,-271.85819880037434,1504.1767708360894,920.8024327113014,92.90322580645162,116.12903225806453,264.19354838709677
4599,1007.3993046156868,1324.458765659082,337.5542215678893,81.29032258064515,104.51612903225808,252.5806451612903
4600,436.95130621030796,1692.7050560596197,1048.1430642035025,162.5806451612903,162.5806451612903,415.1612903225806
4601,293.1161906043384,1387.4843466120617,-748.3610748436678,127.74193548387098,139.3548387096774,287.41935483870964
4602,186.78628458106027,1288.1019524147146,-36.05178616604281,0.0,150.96774193548387,206.1290322580645
4603,-298.991301787164,1617.3916696869967,429.70548964665534,150.96774193548387,104.51612903225808,380.32258064516134
4604,448.8621067775464,1366.7436102905883,387.1370231553879,46.45161290322581,139.3548387096774,124.83870967741936
4605,-569.1249999342571,1838.3567380933864,-319.50029254683795,58.06451612903226,81.29032258064515,182.90322580645162
4606,38.66529092295661,1503.4801608599182,563.9885077625554,23.225806451612904,11.612903225806452,136.4516129032258
4607,21.25712081943334,1775.9998104860174,-947.3730735943418,92.90322580645162,104.51612903225808,299.03225806451616
4608,-1055.0646605387074,1478.3554526450102,685.7234590493593,11.612903225806452,69.6774193548387,438.38709677419354
4609,-571.8303665998411,1290.5063014582033,671.7282771229586,46.45161290322581,58.06451612903226,113.2258064516129
4610,-1239.3383877551828,1506.3477908589557,-523.013810381508,69.6774193548387,174.19354838709677,182.90322580645162
4611,-633.4830570586873,1323.8711469223822,-453.45450196355915,150.96774193548387,34.83870967741935,252.5806451612903
4612,1003.9108306253048,1365.3435171362523,-856.7037324907526,23.225806451612904,69.6774193548387,148.06451612903226
4613,771.2356073397741,1260.4606353903878,-635.0499865752217,46.45161290322581,92.90322580645162,182.90322580645162
4614,1497.591284551739,1804.0805948354102,-1021.2249735631758,11.612903225806452,92.90322580645162,426.77419354838713
4615,92.81974356848046,1501.1441349354645,467.9107572464673,104.51612903225808,34.83870967741935,171.29032258064515
4616,-488.014243774478,1468.2564124697387,-157.0688711565589,150.96774193548387,127.74193548387098,391.93548387096774
4617,-1269.513022638128,1546.132806089101,587.7209966469575,69.6774193548387,58.06451612903226,275.80645161290323
4618,-35.642808385479086,1260.8477816139275,323.7083791149004,34.83870967741935,127.74193548387098,148.06451612903226
4619,1245.8676322688536,1734.9034747905453,-532.7200605618511,69.6774193548387,69.6774193548387,136.4516129032258
4620,823.0432252733308,1618.771088715035,370.29799769075174,150.96774193548387,11.612903225806452,240.96774193548387
4621,-834.8340455375289,1564.2057891367867,969.0053227530614,116.12903225806453,127.74193548387098,345.48387096774195
4622,878.809435088524,1742.4321012173284,3.362394652577727,81.29032258064515,92.90322580645162,217.74193548387098
4623,1340.1034579192783,1633.2344093263657,-50.883612833414915,127.74193548387098,11.612903225806452,124.83870967741936
4624,1158.2205462412212,1334.523882232349,416.7876346015344,11.612903225806452,127.74193548387098,217.74193548387098
4625,867.7934129740427,1379.9409842580899,-798.1033005378684,150.96774193548387,46.45161290322581,333.8709677419355
4626,1153.7049120946588,1557.1311190681697,301.7504170297519,23.225806451612904,92.90322580645162,322.258064516129
4627,-226.6743869948897,1612.8606308930189,-919.625250284155,69.6774193548387,104.51612903225808,357.0967741935484
4628,1319.4147268559711,1492.4369043676152,866.6230223968297,150.96774193548387,23.225806451612904,90.0
4629,-1248.4336644072137,1753.626127572381,-1140.9179726657633,127.74193548387098,174.19354838709677,229.3548387096774
4630,14.097601838789231,1698.790260037881,760.6127643582172,46.45161290322581,150.96774193548387,380.32258064516134
4631,669.9454504255759,1399.0295778571776,403.3303787114843,81.29032258064515,139.3548387096774,171.29032258064515
4632,-364.232961744197,1748.109938866672,556.1411202222434,139.3548387096774,46.45161290322581,287.41935483870964
4633,1156.234246126334,1377.7441211331648,833.5283148466413,58.06451612903226,139.3548387096774,101.61290322580645
4634,-56.366782542013816,1409.0645908392933,-718.292724876825,0.0,46.45161290322581,194.51612903225808
4635,-726.3472080185261,1350.4453787368063,687.367728222001,150.96774193548387,139.3548387096774,438.38709677419354
4636,898.1417196332012,1819.463514885929,78.76688886608977,104.51612903225808,11.612903225806452,113.2258064516129
4637,773.6460972417112,1704.1073295529593,589.0386034365646,81.29032258064515,69.6774193548387,380.32258064516134
4638,331.71893921878865,1505.3709911006108,626.6034686044915,34.83870967741935,69.6774193548387,322.258064516129
4639,-1007.0197801306645,1849.0038735635576,862.4096862837213,150.96774193548387,23.225806451612904,426.77419354838713
4640,732.9358531770906,1293.291494829674,-748.6731353175164,92.90322580645162,69.6774193548387,264.19354838709677
4641,1304.431695888685,1519.0322768692245,714.5733137024371,58.06451612903226,162.5806451612903,217.74193548387098
4642,320.5785837472857,1230.238900493584,462.85675953009076,11.612903225806452,46.45161290322581,368.7096774193548
4643,-958.0718767716917,1735.3447084735226,-32.576077727136976,150.96774193548387,34.83870967741935,148.06451612903226
4644,-165.15545912372005,1837.3724513107352,675.4556471710259,11.612903225806452,58.06451612903226,275.80645161290323
4645,347.51825378191177,1483.192923616706,-182.28518055530873,58.06451612903226,104.51612903225808,264.19354838709677
4646,886.9618417365103,1432.6595202616818,898.823875975636,162.5806451612903,162.5806451612903,275.80645161290323
4647,320.18444310724414,1688.9201604558784,561.864643308847,127.74193548387098,23.225806451612904,368.7096774193548
4648,860.8506173471817,1390.4278005166059,318.66706338470794,11.612903225806452,34.83870967741935,171.29032258064515
4649,-95.95718116681215,1450.5006387467172,114.67620040260388,174.19354838709677,174.19354838709677,403.5483870967742
4650,161.57142098963283,1222.7286640896843,-257.96401528544146,104.51612903225808,104.51612903225808,229.3548387096774
4651,628.8784745916472,1535.5924022814315,-490.13795603609316,139.3548387096774,11.612903225806452,391.93548387096774
4652,1207.2163073310585,1542.2261735861523,153.7186654670977,127.74193548387098,150.96774193548387,275.80645161290323
4653,80.74714563362875,1382.05176727314,-850.0644764264598,162.5806451612903,92.90322580645162,287.41935483870964
4654,994.2981450814806,1406.3327922436945,878.9102041128036,58.06451612903226,174.19354838709677,229.3548387096774
4655,-1337.543430567932,1707.745117519159,833.6998245572296,116.12903225806453,58.06451612903226,194.51612903225808
4656,-1359.621365684988,1661.4224026668644,-1039.1103482663277,34.83870967741935,150.96774193548387,391.93548387096774
4657,-1413.1094786151018,1727.6346318997116,912.8439453140686,11.612903225806452,104.51612903225808,90.0
4658,-506.0533402273183,1821.0895731863084,632.9158135155224,0.0,127.74193548387098,90.0
4659,666.9289662830065,1434.857610231673,407.9009830801231,58.06451612903226,46.45161290322581,148.06451612903226
4660,-1370.788584853368,1631.7022089070122,96.60524607369982,139.3548387096774,127.74193548387098,148.06451612903226
4661,231.50179871992762,1502.8855959142763,-272.8879130845428,162.5806451612903,34.83870967741935,159.67741935483872
4662,-1378.1577334551844,1635.005888961396,-121.41769895337227,174.19354838709677,116.12903225806453,438.38709677419354
4663,0.2738031717031575,1317.4005723503988,-329.72307687314765,162.5806451612903,174.19354838709677,310.64516129032256
4664,99.36927779772927,1434.303158859334,730.460844730041,104.51612903225808,127.74193548387098,90.0
4665,-940.9714801245574,1719.9982933663825,-59.54641650161623,81.29032258064515,11.612903225806452,322.258064516129
4666,511.0820088339164,1368.9341529401497,831.8132619290793,81.29032258064515,162.5806451612903,148.06451612903226
4667,1486.656256162835,1782.4743672787733,-1115.5138685942904,69.6774193548387,46.45161290322581,136.4516129032258
4668,1368.9012746262179,1587.1696132984462,101.20699168502068,150.96774193548387,104.51612903225808,159.67741935483872
4669,-1124.7705909759106,1643.0104842978353,-920.8238788560928,127.74193548387098,69.6774193548387,310.64516129032256
4670,-1133.7933925987904,1422.3742655580922,489.3100387930584,81.29032258064515,127.74193548387098,345.48387096774195
4671,782.8435876724296,1411.3160346052418,317.3379691631373,23.225806451612904,162.5806451612903,171.29032258064515
4672,-986.2708288675733,1640.105729319475,-175.63630815068424,162.5806451612903,92.90322580645162,415.1612903225806
4673,-306.9951039481847,1691.1527311402645,538.579998744828,58.06451612903226,174.19354838709677,415.1612903225806
4674,-867.8795982905777,1539.393913857986,-429.50813759438046,23.225806451612904,104.51612903225808,90.0
4675,-1194.083805061505,1654.1101702909707,933.3652390478053,116.12903225806453,58.06451612903226,403.5483870967742
4676,-1002.9645406289557,1622.0551573069165,465.34678203634246,0.0,34.83870967741935,252.5806451612903
4677,84.27610974847627,1705.4548263818717,608.5880616439239,58.06451612903226,104.51612903225808,357.0967741935484
4678,305.5438569829047,1374.7294218051065,106.28768492894736,58.06451612903226,58.06451612903226,380.32258064516134
4679,571.8296966012056,1319.89554181096,408.4047888033107,104.51612903225808,69.6774193548387,240.96774193548387
4680,901.512662570224,1305.533479553544,-821.1859259778095,58.06451612903226,150.96774193548387,240.96774193548387
4681,-689.5036810989097,1600.1424821768935,-33.82698973138236,139.3548387096774,69.6774193548387,113.2258064516129
4682,1264.0123467177762,1580.1272561838828,-92.78358064459997,92.90322580645162,104.51612903225808,322.258064516129
4683,-465.0062485203197,1405.4772057725993,810.9016484099038,139.3548387096774,139.3548387096774,252.5806451612903
4684,250.78150441882966,1310.1225287873685,-211.9104716654575,139.3548387096774,23.225806451612904,90.0
4685,-162.4615785198319,1787.4181123758804,251.48942817498926,11.612903225806452,11.612903225806452,101.61290322580645
4686,1180.8026939822848,1685.0132261884578,-1033.7582168810911,116.12903225806453,174.19354838709677,159.67741935483872
4687,-996.9184797253401,1279.9191037883795,-341.8538487261028,104.51612903225808,127.74193548387098,229.3548387096774
4688,749.4499822056981,1682.434459979775,569.078876963002,162.5806451612903,92.90322580645162,438.38709677419354
4689,-908.9411346767896,1599.4087041614312,732.2790446885717,139.3548387096774,162.5806451612903,264.19354838709677
4690,-846.2007063744184,1237.719204388764,-299.2469981852101,46.45161290322581,34.83870967741935,182.90322580645162
4691,1525.8220955707104,1779.0177895352467,130.6987078371135,116.12903225806453,92.90322580645162,299.03225806451616
4692,-492.3893124205147,1255.2696734472022,678.6550398237185,174.19354838709677,23.225806451612904,101.61290322580645
4693,514.3639271833049,1345.1452817874683,-280.916839354791,34.83870967741935,69.6774193548387,380.32258064516134
4694,-1000.4177760903028,1415.3272597198093,418.89747819874793,174.19354838709677,69.6774193548387,275.80645161290323
4695,-641.5092359881374,1815.8921872698297,-651.4179413371311,139.3548387096774,23.225806451612904,124.83870967741936
4696,-757.6499642727176,1329.7387546579603,-546.2198437920883,162.5806451612903,174.19354838709677,438.38709677419354
4697,-1087.4998884067782,1782.8685193670453,-251.68650560747582,46.45161290322581,92.90322580645162,403.5483870967742
4698,-984.1356419968453,1778.286071484358,-189.13095986949403,150.96774193548387,162.5806451612903,357.0967741935484
4699,-289.10410100668855,1829.5747431781276,545.9337753497074,116.12903225806453,11.612903225806452,403.5483870967742
4700,-335.17256068576415,1327.212610222215,-338.1148551457032,104.51612903225808,34.83870967741935,403.5483870967742
4701,-984.373694216171,1527.3578496632033,-75.42562275957572,104.51612903225808,23.225806451612904,252.5806451612903
4702,855.4035701616485,1290.2823276230326,692.2170415154682,162.5806451612903,92.90322580645162,403.5483870967742
4703,-1539.2311916956646,1814.93178286742,108.81832439404224,139.3548387096774,11.612903225806452,438.38709677419354
4704,-1233.7034783007475,1613.2172236248512,729.3661257772444,174.19354838709677,23.225806451612904,368.7096774193548
4705,255.65036766126104,1255.1586716258846,-558.655451516805,104.51612903225808,11.612903225806452,438.38709677419354
4706,-424.90334559074245,1238.7790210978387,380.05857676905333,162.5806451612903,116.12903225806453,182.90322580645162
4707,234.7521260473897,1822.861020354157,204.6786442902521,46.45161290322581,127.74193548387098,229.3548387096774
4708,636.7008362963102,1750.7932107937613,823.4350444354059,46.45161290322581,69.6774193548387,322.258064516129
4709,-806.6683205415027,1429.826890881795,-384.1159248271433,150.96774193548387,69.6774193548387,426.77419354838713
4710,37.996980749604425,1708.4701929599426,477.3065120698037,23.225806451612904,150.96774193548387,171.29032258064515
4711,1358.6061744686535,1773.0636696937127,-872.2879928990349,11.612903225806452,34.83870967741935,229.3548387096774
4712,1109.7212945179667,1715.007116332707,453.559254218216,11.612903225806452,58.06451612903226,113.2258064516129
4713,1369.0937643799987,1703.233425227971,-635.8166245256887,127.74193548387098,11.612903225806452,252.5806451612903
4714,560.0879434366624,1596.3811473425035,-579.8129669041207,46.45161290322581,0.0,136.4516129032258
4715,1607.2632589164389,1778.4248316203084,134.7680269881959,23.225806451612904,34.83870967741935,148.06451612903226
4716,-1030.269498799463,1348.0539995175009,647.7398935963511,11.612903225806452,58.06451612903226,310.64516129032256
4717,234.11421800153303,1506.155758800789,825.1826255278995,116.12903225806453,58.06451612903226,380.32258064516134
4718,-1026.2419877086302,1634.8096492763348,408.56602883435755,150.96774193548387,139.3548387096774,240.96774193548387
4719,204.7220220169068,1741.7885564998458,-569.1919440718397,139.3548387096774,162.5806451612903,380.32258064516134
4720,-1203.8635422037592,1527.9287184086797,-954.7186926722753,81.29032258064515,34.83870967741935,380.32258064516134
4721,-1032.4506893833125,1261.5267202409457,-363.01434512090765,23.225806451612904,127.74193548387098,368.7096774193548
4722,798.7208487768127,1334.080895844273,263.8267749599635,46.45161290322581,150.96774193548387,357.0967741935484
4723,-869.8704961861005,1783.9360527220222,-845.7938684101304,127.74193548387098,162.5806451612903,368.7096774193548
4724,536.2666695350289,1288.5740462096144,294.3776619687709,104.51612903225808,46.45161290322581,322.258064516129
4725,1367.40388198611,1847.2041514191353,-606.1690835613817,46.45161290322581,162.5806451612903,380.32258064516134
4726,175.07415982437334,1682.9785227372024,-49.07982055147979,34.83870967741935,11.612903225806452,159.67741935483872
4727,813.7665053912897,1659.8507506939895,290.3562027619769,34.83870967741935,23.225806451612904,113.2258064516129
4728,358.6170533519674,1336.4160513337752,-221.04204298023208,34.83870967741935,174.19354838709677,345.48387096774195
4729,374.24302140319077,1746.3054071939034,732.9625715860763,0.0,11.612903225806452,159.67741935483872
4730,109.25104716723872,1412.7186892552056,155.72338418617787,34.83870967741935,127.74193548387098,391.93548387096774
4731,191.32201941084224,1791.270656914165,766.7825390916438,46.45161290322581,69.6774193548387,287.41935483870964
4732,-35.65524416439132,1529.3107805947923,-69.49998325562117,104.51612903225808,174.19354838709677,357.0967741935484
4733,266.8757054781082,1348.8239951951227,430.71719642044764,81.29032258064515,69.6774193548387,368.7096774193548
4734,234.4944343234406,1483.703944193805,-939.068804913491,127.74193548387098,127.74193548387098,322.258064516129
4735,53.985293802602285,1217.7175293039215,160.13457815218572,116.12903225806453,11.612903225806452,252.5806451612903
4736,-942.9742172403128,1275.981262744026,-776.9129761141799,23.225806451612904,116.12903225806453,171.29032258064515
4737,1110.3327369119693,1551.398763045881,576.9723560554326,34.83870967741935,174.19354838709677,275.80645161290323
4738,-815.0916113262291,1330.400467534883,-512.4121363691185,81.29032258064515,81.29032258064515,113.2258064516129
4739,-1282.688901954581,1451.0791342155742,-163.42677840584284,174.19354838709677,139.3548387096774,240.96774193548387
4740,-381.5631841939071,1228.3369177933002,346.1895055069691,104.51612903225808,150.96774193548387,229.3548387096774
4741,-202.10998676345787,1791.516062938142,607.2105686745438,127.74193548387098,104.51612903225808,101.61290322580645
4742,624.1747193566873,1466.5324939690656,478.45774295699124,11.612903225806452,162.5806451612903,368.7096774193548
4743,-1358.6611798604874,1817.5497059284282,-718.0300492499322,139.3548387096774,34.83870967741935,136.4516129032258
4744,99.33777525839851,1747.2564737118091,1033.2851012267295,69.6774193548387,11.612903225806452,206.1290322580645
4745,-393.4544616965828,1452.1425691132847,262.16492145806285,92.90322580645162,34.83870967741935,264.19354838709677
4746,-1330.656826891209,1571.7581074888938,-768.0895573131517,116.12903225806453,11.612903225806452,322.258064516129
4747,-263.35889785143445,1464.1760282445834,617.66846505934,104.51612903225808,139.3548387096774,206.1290322580645
4748,-1209.8374331756365,1393.351083856469,594.6684257258412,104.51612903225808,46.45161290322581,438.38709677419354
4749,-694.1476520382082,1767.9928388078538,848.6624155527513,23.225806451612904,58.06451612903226,322.258064516129
4750,940.9534211193588,1524.1210268208927,380.5627638439347,127.74193548387098,116.12903225806453,287.41935483870964
4751,325.34585713229075,1641.0787922053164,309.58540511336247,46.45161290322581,116.12903225806453,275.80645161290323
4752,310.97778452386444,1771.754326850588,-984.6923652529956,139.3548387096774,139.3548387096774,182.90322580645162
4753,520.7540289509095,1396.6531699638285,-109.91757391773085,46.45161290322581,92.90322580645162,90.0
4754,1173.0336815634234,1335.9874962798813,427.3443503127767,34.83870967741935,127.74193548387098,426.77419354838713
4755,707.8630736532173,1696.4904875393865,422.3208135050925,174.19354838709677,116.12903225806453,391.93548387096774
4756,-524.989839843615,1222.1654346889625,84.18368308184263,127.74193548387098,104.51612903225808,345.48387096774195
4757,-946.0255501413702,1478.2888680290134,850.939914027113,139.3548387096774,92.90322580645162,310.64516129032256
4758,1145.6200439047889,1532.4724631571598,-315.40395240146466,150.96774193548387,23.225806451612904,148.06451612903226
4759,114.25477494310314,1326.0817144513821,378.28852888608645,58.06451612903226,127.74193548387098,229.3548387096774
4760,366.3001254454267,1410.4627062952452,-847.3120804420337,81.29032258064515,58.06451612903226,391.93548387096774
4761,-854.0261926140072,1367.4459146330673,-522.9643869083477,92.90322580645162,11.612903225806452,229.3548387096774
4762,-291.41616417625613,1767.0771567743632,44.47281248963648,81.29032258064515,150.96774193548387,90.0
4763,-233.16005817014832,1331.4918103058528,665.2908232684654,174.19354838709677,127.74193548387098,415.1612903225806
4764,149.8065288519392,1706.782101885937,511.4090800772454,150.96774193548387,116.12903225806453,113.2258064516129
4765,774.3370130348061,1227.8652193441585,-708.9047201928049,11.612903225806452,139.3548387096774,124.83870967741936
4766,-916.84984713465,1209.5341609756958,650.585467212732,92.90322580645162,139.3548387096774,90.0
4767,925.2579653051072,1689.701327194351,569.0217556775963,150.96774193548387,11.612903225806452,275.80645161290323
4768,469.5131758090396,1473.2305649676855,-469.47994160935707,127.74193548387098,81.29032258064515,345.48387096774195
4769,735.4545385430741,1350.0384606482075,341.92848672441266,34.83870967741935,139.3548387096774,438.38709677419354
4770,1261.4852404130502,1737.1912275230227,525.6890085162607,58.06451612903226,23.225806451612904,136.4516129032258
4771,-83.51695490451263,1287.072800244076,-134.40372502355774,69.6774193548387,81.29032258064515,148.06451612903226
4772,444.6895664092338,1289.569475049393,353.758878119571,139.3548387096774,150.96774193548387,101.61290322580645
4773,-1540.387372060058,1808.5648187533561,666.5853939777126,150.96774193548387,81.29032258064515,287.41935483870964
4774,699.191405194763,1680.9866898001333,-1030.428701011963,11.612903225806452,174.19354838709677,148.06451612903226
4775,1170.6467704473723,1574.1260173900775,-640.6549411090451,139.3548387096774,81.29032258064515,252.5806451612903
4776,346.3384390662119,1271.3971951553153,235.43519587289444,0.0,116.12903225806453,136.4516129032258
4777,-873.2464851488421,1227.8339023164121,296.0918093872433,46.45161290322581,46.45161290322581,333.8709677419355
4778,-335.2913845495959,1641.1747592114828,809.9778329294417,11.612903225806452,34.83870967741935,391.93548387096774
4779,195.57369720388812,1210.573099824765,-161.20479801631308,23.225806451612904,69.6774193548387,240.96774193548387
4780,938.2254259762633,1809.181962690362,-501.113492137536,81.29032258064515,58.06451612903226,194.51612903225808
4781,688.1098119882457,1422.2322228849005,-546.3773617047125,69.6774193548387,92.90322580645162,264.19354838709677
4782,1391.5132938652052,1593.6460113198366,-868.0110316335354,174.19354838709677,139.3548387096774,136.4516129032258
4783,879.4696398541323,1459.1895933696353,887.1431228556679,69.6774193548387,116.12903225806453,426.77419354838713
4784,-954.9366201832671,1514.9935784425163,188.04881679605163,162.5806451612903,92.90322580645162,333.8709677419355
4785,1289.0742687646043,1620.718890145843,-660.9061572510334,150.96774193548387,127.74193548387098,124.83870967741936
4786,312.2271114875943,1656.5686398174028,-299.78156025362415,34.83870967741935,116.12903225806453,124.83870967741936
4787,1046.5729681337116,1634.4889933724353,1052.760510859549,150.96774193548387,174.19354838709677,299.03225806451616
4788,998.0872114900677,1655.4714686597056,-939.9922067869337,116.12903225806453,23.225806451612904,171.29032258064515
4789,-392.4275809234576,1645.0701493158224,-1014.6263611178593,0.0,139.3548387096774,182.90322580645162
4790,-319.701855938227,1593.8041924808272,64.03002810184847,92.90322580645162,81.29032258064515,287.41935483870964
4791,-344.5785635763773,1231.1652389371777,360.38181094154316,0.0,11.612903225806452,182.90322580645162
4792,403.4378956690025,1668.8161241255764,-83.624569609864,81.29032258064515,69.6774193548387,438.38709677419354
4793,114.28222375032,1230.4956208486378,-415.6024115760535,174.19354838709677,162.5806451612903,333.8709677419355
4794,192.2604677497482,1713.8212359389631,-628.8015429530359,162.5806451612903,46.45161290322581,322.258064516129
4795,1544.5463133748078,1748.9046152175924,138.49673695420304,34.83870967741935,11.612903225806452,391.93548387096774
4796,290.03610395176287,1346.0163980418604,220.91295826152972,104.51612903225808,69.6774193548387,299.03225806451616
4797,482.5127496020024,1344.1329558289706,-259.4257906433537,69.6774193548387,11.612903225806452,113.2258064516129
4798,-159.89279230096827,1214.3244585671016,-388.1284621545444,34.83870967741935,0.0,171.29032258064515
4799,232.925365031371,1246.7107876552393,-335.0521845190119,81.29032258064515,104.51612903225808,159.67741935483872
4800,826.2085527727015,1311.1102909566494,74.57960714158762,127.74193548387098,139.3548387096774,124.83870967741936
4801,-838.5455012700451,1487.9436027648799,-794.8711753208466,92.90322580645162,46.45161290322581,217.74193548387098
4802,-1629.66620327056,1828.0520346205453,974.2094138829268,127.74193548387098,34.83870967741935,357.0967741935484
4803,319.45576882855306,1260.9014360961028,-736.5144795234542,23.225806451612904,162.5806451612903,240.96774193548387
4804,-1212.429817697957,1675.4105253139717,-149.97940774236616,69.6774193548387,81.29032258064515,264.19354838709677
4805,188.26895799604273,1355.8709443089724,192.41561504192043,11.612903225806452,69.6774193548387,322.258064516129
4806,-362.64542054261,1615.4848273587077,-160.21680516955908,23.225806451612904,34.83870967741935,124.83870967741936
4807,757.7910466947452,1730.3118605384675,645.5917298512629,46.45161290322581,23.225806451612904,171.29032258064515
4808,561.746272316798,1665.7170083225665,-410.743049969052,81.29032258064515,174.19354838709677,229.3548387096774
4809,-242.7058991798111,1227.3371178633336,687.6582422233993,81.29032258064515,23.225806451612904,415.1612903225806
4810,700.1598682020218,1360.9273640309998,-831.5652764030991,174.19354838709677,174.19354838709677,148.06451612903226
4811,422.3424856849,1804.7197689442291,986.93880465652,127.74193548387098,150.96774193548387,380.32258064516134
4812,-1323.6379735315863,1542.8538891710218,-951.8593519401124,92.90322580645162,11.612903225806452,113.2258064516129
4813,-438.412589627314,1492.506907224423,-97.34067649794618,58.06451612903226,92.90322580645162,136.4516129032258
4814,161.37187853435523,1467.3953467833248,-7.309569269756899,162.5806451612903,23.225806451612904,136.4516129032258
4815,294.827068871453,1764.7741961073853,-234.58898118184362,58.06451612903226,81.29032258064515,101.61290322580645
4816,805.6206640069508,1653.9131076763688,-700.9743814517952,11.612903225806452,104.51612903225808,113.2258064516129
4817,-167.84433130043865,1665.1450425898147,816.3925294963555,162.5806451612903,162.5806451612903,194.51612903225808
4818,-708.8572677958755,1475.426982338879,607.0217001135467,69.6774193548387,92.90322580645162,322.258064516129
4819,739.528966050978,1780.400800558718,-487.48947207248295,139.3548387096774,127.74193548387098,264.19354838709677
4820,-301.3337304994259,1268.2713764449588,506.6660442966704,46.45161290322581,139.3548387096774,368.7096774193548
4821,699.2074336027734,1780.810195982539,1152.6925383174794,69.6774193548387,139.3548387096774,148.06451612903226
4822,-565.3671306016964,1685.256080528216,-448.9622245252098,69.6774193548387,174.19354838709677,275.80645161290323
4823,37.5936235330931,1215.5658035389743,444.05759249179584,174.19354838709677,34.83870967741935,101.61290322580645
4824,126.17782710690602,1218.5328085404406,709.5855534459585,11.612903225806452,46.45161290322581,345.48387096774195
4825,863.866573941306,1655.3281189519807,-108.83222825726939,46.45161290322581,139.3548387096774,229.3548387096774
4826,1047.0412646912403,1209.9635883495255,-736.0945622188283,11.612903225806452,139.3548387096774,240.96774193548387
4827,537.5095815379387,1416.0713413012268,-145.6685526345221,34.83870967741935,92.90322580645162,322.258064516129
4828,-1139.0406643575172,1754.7097553485112,-627.0640930223551,34.83870967741935,150.96774193548387,275.80645161290323
4829,-703.0291520887466,1636.8037845371248,-671.522669502053,58.06451612903226,46.45161290322581,113.2258064516129
4830,-641.4499894594769,1799.6924201125694,789.9947091243014,127.74193548387098,69.6774193548387,240.96774193548387
4831,370.892132654831,1382.5007348857944,374.33960005540337,162.5806451612903,23.225806451612904,171.29032258064515
4832,-1278.7164047951383,1680.8852745348613,743.9599945717495,162.5806451612903,0.0,101.61290322580645
4833,1103.862776851027,1754.7559430103413,-1082.032112874101,58.06451612903226,11.612903225806452,206.1290322580645
4834,-1656.162774132579,1847.7703569427129,168.71859269932906,127.74193548387098,162.5806451612903,426.77419354838713
4835,868.5154356341487,1248.1343936454025,-553.2349351401315,0.0,104.51612903225808,159.67741935483872
4836,346.2162639887012,1653.081835451022,274.8872964451934,127.74193548387098,139.3548387096774,391.93548387096774
4837,907.4653550139437,1653.608905554899,-364.6871701542087,81.29032258064515,34.83870967741935,113.2258064516129
4838,1348.1909615922239,1511.297032065054,-306.3884369537332,34.83870967741935,104.51612903225808,403.5483870967742
4839,1235.554232997386,1779.0129212448153,730.7529096316294,174.19354838709677,150.96774193548387,403.5483870967742
4840,606.7351897955436,1202.5616936370425,624.0382904158864,127.74193548387098,23.225806451612904,275.80645161290323
4841,-1279.3328359497398,1683.5907871876436,143.74939661806803,116.12903225806453,92.90322580645162,90.0
4842,-1026.6222110834592,1442.8470427220695,395.9009001017353,58.06451612903226,69.6774193548387,438.38709677419354
4843,1531.4481199605843,1779.1319113550014,-227.84911826372553,11.612903225806452,23.225806451612904,415.1612903225806
4844,1237.0500199939909,1548.1346777949807,353.83442231314143,139.3548387096774,81.29032258064515,206.1290322580645
4845,-56.1315302858727,1583.214985630649,157.16516773017392,46.45161290322581,92.90322580645162,264.19354838709677
4846,-807.3279107983644,1502.6032791342575,361.45245406841065,104.51612903225808,81.29032258064515,310.64516129032256
4847,-286.31504439028356,1278.4617313372094,667.2077403267328,11.612903225806452,11.612903225806452,333.8709677419355
4848,927.4895870421925,1513.4853514852098,-109.35510566586899,162.5806451612903,162.5806451612903,345.48387096774195
4849,885.6070907903238,1492.9468408187404,124.43577690926998,162.5806451612903,0.0,90.0
4850,1148.4962127866875,1849.6018506758503,-1107.7022686853716,116.12903225806453,81.29032258064515,322.258064516129
4851,1321.643967928903,1824.3126877682694,1073.1159898279973,139.3548387096774,127.74193548387098,252.5806451612903
4852,600.8220154493554,1429.6424407316424,-713.2307791699146,174.19354838709677,162.5806451612903,275.80645161290323
4853,1158.4975857160857,1780.455133556466,-575.1594221693928,139.3548387096774,34.83870967741935,217.74193548387098
4854,-1175.8111971507788,1832.7822535968335,1188.8930524205985,92.90322580645162,58.06451612903226,426.77419354838713
4855,42.24957231073141,1317.4161357977687,694.4541377177723,92.90322580645162,81.29032258064515,368.7096774193548
4856,-922.2837154317549,1751.240742442165,-761.1831208962446,174.19354838709677,127.74193548387098,391.93548387096774
4857,-1109.0326733778868,1359.1372690417827,74.76083807655307,81.29032258064515,174.19354838709677,113.2258064516129
4858,-1.8492650331744187,1355.3934959693813,834.6678875360999,116.12903225806453,81.29032258064515,264.19354838709677
4859,-1178.0715040450953,1807.5279009612623,-1187.1026688064194,69.6774193548387,116.12903225806453,345.48387096774195
4860,-1300.9385846654109,1606.5447035642965,858.9464472475793,58.06451612903226,11.612903225806452,380.32258064516134
4861,-586.7405721747996,1814.8784390552403,-847.5069296449867,46.45161290322581,139.3548387096774,438.38709677419354
4862,-1200.7891775010687,1484.1727536395324,-362.1683904910334,23.225806451612904,34.83870967741935,380.32258064516134
4863,-305.2673279806445,1400.3755187233126,765.4242984374505,162.5806451612903,92.90322580645162,182.90322580645162
4864,258.0468621124169,1276.0738430941603,-581.4286638761971,34.83870967741935,46.45161290322581,206.1290322580645
4865,-18.247448504620145,1491.512638816382,-712.6662648803875,11.612903225806452,92.90322580645162,90.0
4866,-357.01098472189676,1540.468243775398,-980.2314215024916,0.0,23.225806451612904,148.06451612903226
4867,364.03957314927914,1398.5795010289246,-718.4804700374484,58.06451612903226,150.96774193548387,264.19354838709677
4868,-596.84971032086,1317.4925558456368,151.35500177086118,69.6774193548387,150.96774193548387,206.1290322580645
4869,-316.90864106526516,1338.1414043003292,120.52462772103141,139.3548387096774,116.12903225806453,368.7096774193548
4870,-533.028181852616,1737.9022385165956,887.3984848165959,34.83870967741935,174.19354838709677,287.41935483870964
4871,101.32506547001938,1551.9739527975555,-140.33965158286873,174.19354838709677,116.12903225806453,345.48387096774195
4872,-102.2526824574772,1436.6661136552782,-680.6793157465723,0.0,69.6774193548387,217.74193548387098
4873,-1043.8077288873571,1226.6622605421621,-129.3824226016252,58.06451612903226,127.74193548387098,194.51612903225808
4874,-423.13956099392874,1803.1769015292937,207.57382771502878,11.612903225806452,0.0,113.2258064516129
4875,570.9974304661273,1595.8987625472705,-719.2615193423405,0.0,174.19354838709677,148.06451612903226
4876,-1119.1404012580829,1358.3482393519826,213.72106542222227,150.96774193548387,34.83870967741935,287.41935483870964
4877,1258.1842046262454,1525.1100120192198,116.7586577220682,46.45161290322581,34.83870967741935,287.41935483870964
4878,-128.92384976145337,1219.3936870762307,-565.700392592408,150.96774193548387,34.83870967741935,159.67741935483872
4879,1025.9049632392332,1337.0532704729617,154.42015855218773,81.29032258064515,34.83870967741935,124.83870967741936
4880,-360.469567942641,1390.755449605945,823.9847310733087,127.74193548387098,92.90322580645162,252.5806451612903
4881,-384.17045806009685,1492.6197113586286,-78.3002045416664,11.612903225806452,162.5806451612903,159.67741935483872
4882,1174.250179842582,1826.102041604917,-1089.2796806385738,0.0,162.5806451612903,264.19354838709677
4883,1086.7081446305963,1446.1047952770623,28.983234206424413,92.90322580645162,174.19354838709677,252.5806451612903
4884,639.2748447182717,1641.3310899848846,-513.1071889751287,127.74193548387098,150.96774193548387,206.1290322580645
4885,-121.04177537906402,1452.273357085123,-170.2146611635599,92.90322580645162,150.96774193548387,415.1612903225806
4886,1240.4609151110435,1608.901479559104,527.7958301253434,46.45161290322581,150.96774193548387,206.1290322580645
4887,425.28928066179895,1605.5260708634858,-610.3400872113277,116.12903225806453,92.90322580645162,136.4516129032258
4888,-608.7236592929801,1462.3767081002704,-570.0340750303072,92.90322580645162,174.19354838709677,182.90322580645162
4889,-868.1952620962335,1844.5237351503074,322.90543210924324,69.6774193548387,11.612903225806452,415.1612903225806
4890,-653.6083787355665,1653.091637126606,-513.6702488714731,174.19354838709677,69.6774193548387,113.2258064516129
4891,1170.5036716529926,1706.9272157813828,595.1033313507446,139.3548387096774,162.5806451612903,240.96774193548387
4892,-825.7900337532941,1639.8071807217225,-678.7995826202857,69.6774193548387,92.90322580645162,415.1612903225806
4893,227.42621942673136,1236.8743168247106,175.459928748581,34.83870967741935,116.12903225806453,322.258064516129
4894,1112.001717468565,1384.5398402721582,435.57445732316376,116.12903225806453,139.3548387096774,357.0967741935484
4895,1335.9086198345924,1705.368764484053,326.60010791436616,81.29032258064515,92.90322580645162,124.83870967741936
4896,117.32017981256213,1275.8800811057831,-664.7744262755226,0.0,162.5806451612903,171.29032258064515
4897,-338.79365360786267,1738.377716260736,-618.480717611414,46.45161290322581,58.06451612903226,287.41935483870964
4898,-1070.6762810423893,1428.5103887913804,706.4997696943282,127.74193548387098,162.5806451612903,217.74193548387098
4899,112.64805790344141,1756.9763211780348,780.8341517482207,139.3548387096774,92.90322580645162,357.0967741935484
4900,254.73995880513965,1384.745595840256,-182.9316513881472,174.19354838709677,58.06451612903226,101.61290322580645
4901,-1118.7176172361574,1444.3924449873632,494.6190856272482,116.12903225806453,0.0,217.74193548387098
4902,1092.1837988538862,1713.2543873820434,-158.46434552565506,174.19354838709677,34.83870967741935,310.64516129032256
4903,541.3011337376366,1286.0238663697387,-458.9127293878063,162.5806451612903,23.225806451612904,299.03225806451616
4904,-799.5019284503908,1629.0923702270086,-212.2751107948355,23.225806451612904,11.612903225806452,101.61290322580645
4905,-1052.4475071894349,1283.3201924530072,687.9380453285698,0.0,162.5806451612903,182.90322580645162
4906,739.5777183610818,1339.3450687460565,71.79738803280048,69.6774193548387,81.29032258064515,426.77419354838713
4907,-13.299898615928818,1380.6919111468346,838.5610054784457,69.6774193548387,127.74193548387098,217.74193548387098
4908,-1333.551784990707,1581.011259997723,994.1002070595741,174.19354838709677,162.5806451612903,113.2258064516129
4909,-827.6100462089873,1260.9598213042339,387.54681929055505,69.6774193548387,81.29032258064515,391.93548387096774
4910,1091.3126488980215,1804.8860480641083,-1030.9536251991124,127.74193548387098,116.12903225806453,333.8709677419355
4911,685.6046471142266,1296.8274714143668,-638.4754421526926,0.0,81.29032258064515,148.06451612903226
4912,-375.5200220128117,1411.9306154805977,-338.60415255280884,174.19354838709677,174.19354838709677,182.90322580645162
4913,-89.18198790091392,1492.117246234916,103.97402469166863,116.12903225806453,116.12903225806453,403.5483870967742
4914,-596.4826045981306,1489.1631583687122,44.84124158712142,23.225806451612904,34.83870967741935,264.19354838709677
4915,675.1249009115766,1284.5527271602612,-72.65267733732497,58.06451612903226,46.45161290322581,380.32258064516134
4916,-379.70534231309114,1843.7442446912212,905.8035163511641,150.96774193548387,92.90322580645162,148.06451612903226
4917,533.0523799949415,1639.0469778572647,831.9341293066486,116.12903225806453,69.6774193548387,322.258064516129
4918,1185.839034036847,1727.5477878818926,361.9339150428502,81.29032258064515,69.6774193548387,124.83870967741936
4919,903.0785994963092,1373.7402417045369,-878.3547122483396,139.3548387096774,23.225806451612904,438.38709677419354
4920,1163.995982535152,1821.6945322334016,432.89654476204,58.06451612903226,162.5806451612903,322.258064516129
4921,-363.17834595372585,1252.2007308752347,116.46846011936383,174.19354838709677,150.96774193548387,229.3548387096774
4922,1135.4290894640549,1329.3941716661222,688.0579263888613,127.74193548387098,81.29032258064515,368.7096774193548
4923,165.63835346951396,1494.500477449297,461.7113513999298,162.5806451612903,11.612903225806452,264.19354838709677
4924,1247.0117351163667,1787.6007718772894,166.7579640859765,81.29032258064515,69.6774193548387,252.5806451612903
4925,-807.9071019980875,1466.0289432182867,-624.2197637690481,23.225806451612904,174.19354838709677,275.80645161290323
4926,-321.2997115902283,1787.6488631694795,927.5151180407054,46.45161290322581,11.612903225806452,310.64516129032256
4927,-1192.863742091324,1587.9568654042255,-357.37678506016283,69.6774193548387,104.51612903225808,333.8709677419355
4928,-100.32188927572605,1448.3978615011583,-196.70533655137757,139.3548387096774,58.06451612903226,275.80645161290323
4929,398.70291372257896,1829.8084281815434,133.9928531488585,11.612903225806452,150.96774193548387,240.96774193548387
4930,-962.6771050855101,1488.6229573424641,-400.6982780897008,174.19354838709677,58.06451612903226,113.2258064516129
4931,671.0422425979937,1301.3864081099612,-393.6862020668067,104.51612903225808,58.06451612903226,182.90322580645162
4932,-1492.1917056357995,1785.6827739998319,877.1432489792945,58.06451612903226,34.83870967741935,368.7096774193548
4933,-955.9502368934753,1230.9994362278567,-92.39049510913429,174.19354838709677,34.83870967741935,264.19354838709677
4934,-788.214700689017,1324.2454969013552,-309.8458075430244,116.12903225806453,139.3548387096774,310.64516129032256
4935,289.99981084115535,1265.8005511807191,-775.7951318215257,92.90322580645162,127.74193548387098,299.03225806451616
4936,-403.48564994695994,1259.8358343404293,-1.5680261011402408,104.51612903225808,34.83870967741935,182.90322580645162
4937,273.456557336689,1346.3250724928514,769.9793589220615,11.612903225806452,92.90322580645162,194.51612903225808
4938,1128.2655255346035,1436.1265512961224,-373.00449431148604,92.90322580645162,0.0,182.90322580645162
4939,-101.22226498163104,1224.8806645558989,36.304660931426724,116.12903225806453,34.83870967741935,310.64516129032256
4940,779.4358193720353,1537.7299944529825,-325.2340426493415,81.29032258064515,150.96774193548387,345.48387096774195
4941,-582.4144910489119,1532.043862664088,980.3370705700308,23.225806451612904,116.12903225806453,299.03225806451616
4942,682.5369018182631,1257.5521659193862,-567.002817810316,116.12903225806453,174.19354838709677,322.258064516129
4943,1302.5931786565382,1497.442945157941,401.3252806674277,11.612903225806452,69.6774193548387,171.29032258064515
4944,-330.48355761940974,1548.8462155502282,847.508501112638,139.3548387096774,162.5806451612903,113.2258064516129
4945,1178.7983072832333,1380.0018463280564,523.9926606351565,150.96774193548387,174.19354838709677,252.5806451612903
4946,-1100.4830381413478,1326.7512991588753,164.17814601370483,162.5806451612903,150.96774193548387,415.1612903225806
4947,1061.3961360115165,1668.9854679652865,529.6200909491166,174.19354838709677,46.45161290322581,299.03225806451616
4948,1185.0810274063633,1569.4434881142815,-730.322311156744,81.29032258064515,11.612903225806452,264.19354838709677
4949,532.8828007443942,1424.265788227825,-201.3827188307727,116.12903225806453,127.74193548387098,136.4516129032258
4950,3.505811957247751,1354.4508434117927,554.3529158348296,174.19354838709677,174.19354838709677,264.19354838709677
4951,-507.2631232424333,1593.3620295503679,634.0807567215229,139.3548387096774,174.19354838709677,333.8709677419355
4952,357.74912655776205,1426.4027147417564,-97.82854953676043,127.74193548387098,11.612903225806452,90.0
4953,119.6349985908009,1745.27525519964,515.5163738246702,46.45161290322581,150.96774193548387,310.64516129032256
4954,-176.64609894438232,1589.361478636285,145.647585957407,34.83870967741935,174.19354838709677,159.67741935483872
4955,-205.02815960999428,1662.2123870936164,616.1486258877491,81.29032258064515,46.45161290322581,171.29032258064515
4956,1402.1254026034567,1774.0618746090072,80.80778745096123,81.29032258064515,104.51612903225808,310.64516129032256
4957,1387.200636627815,1567.763153518276,-358.89919912468287,23.225806451612904,127.74193548387098,264.19354838709677
4958,603.8692769051863,1326.0422174325345,-275.2312951325882,150.96774193548387,174.19354838709677,217.74193548387098
4959,-645.6636307877428,1364.9486632150004,494.5735166361592,116.12903225806453,174.19354838709677,240.96774193548387
4960,-1537.802224727248,1693.6284139915338,-774.2069105675326,34.83870967741935,81.29032258064515,101.61290322580645
4961,-526.2945833407792,1548.495390449773,153.69240014328244,150.96774193548387,127.74193548387098,252.5806451612903
4962,1068.8143506236315,1641.4280091053884,-891.2473017555744,162.5806451612903,150.96774193548387,113.2258064516129
4963,1075.3829749658425,1416.1729352735676,-656.34191004376,139.3548387096774,92.90322580645162,333.8709677419355
4964,997.5938427797315,1216.468530728764,-754.2778615077165,116.12903225806453,81.29032258064515,299.03225806451616
4965,-1203.1272572280755,1501.3873668859135,632.873342873633,34.83870967741935,92.90322580645162,252.5806451612903
4966,1341.755587550525,1796.60888449162,-368.72960627209943,81.29032258064515,162.5806451612903,345.48387096774195
4967,-1313.8725290428317,1484.0255142266546,912.312844979891,116.12903225806453,46.45161290322581,194.51612903225808
4968,-125.40524452498047,1683.1343287947377,-194.89031153472888,162.5806451612903,11.612903225806452,380.32258064516134
4969,873.6812759077253,1524.1822734483271,593.0766550178472,150.96774193548387,127.74193548387098,240.96774193548387
4970,1627.2991616632107,1843.2540485894929,-162.33718752323796,174.19354838709677,23.225806451612904,159.67741935483872
4971,-148.01685226853678,1811.0716475775255,973.640023333475,23.225806451612904,11.612903225806452,252.5806451612903
4972,-389.56711638944233,1449.1309624808282,808.9779617043442,0.0,174.19354838709677,264.19354838709677
4973,958.8146818559251,1445.3897569007809,684.0666543541266,104.51612903225808,46.45161290322581,391.93548387096774
4974,115.27723267991999,1684.0682364129243,435.6348166259851,46.45161290322581,116.12903225806453,264.19354838709677
4975,71.40087820860508,1494.7719961510556,79.52703579993212,116.12903225806453,116.12903225806453,333.8709677419355
4976,-534.233624108496,1387.6324063827647,-353.51331327509064,46.45161290322581,139.3548387096774,101.61290322580645
4977,-235.2655567662598,1496.1875232760679,116.85491175592037,34.83870967741935,127.74193548387098,90.0
4978,-520.7690840803192,1203.0355019659846,182.13556710691262,11.612903225806452,23.225806451612904,299.03225806451616
4979,-17.365529331766894,1616.8621704945579,860.6108672963222,127.74193548387098,11.612903225806452,136.4516129032258
4980,505.9445443013832,1655.0898824223182,432.57616133752225,58.06451612903226,150.96774193548387,415.1612903225806
4981,575.2104818629429,1571.0720712654802,-521.6980265482665,81.29032258064515,11.612903225806452,229.3548387096774
4982,144.090981296838,1499.660652663385,555.9988867400712,11.612903225806452,174.19354838709677,136.4516129032258
4983,502.6640535000409,1418.8196862362827,135.99789529188158,23.225806451612904,104.51612903225808,287.41935483870964
4984,872.8825205440514,1603.3380025662825,-871.2835896834191,46.45161290322581,127.74193548387098,333.8709677419355
4985,-673.4891273284372,1614.3954831330425,-249.6765909938004,92.90322580645162,23.225806451612904,252.5806451612903
4986,585.5029489530195,1587.1668852878245,-21.60993235936637,81.29032258064515,34.83870967741935,252.5806451612903
4987,-424.1525917441109,1393.1931606488706,-384.57886989982575,139.3548387096774,46.45161290322581,182.90322580645162
4988,971.6808124655474,1333.7215022474297,-281.75567304462305,104.51612903225808,81.29032258064515,101.61290322580645
4989,-932.045691276283,1373.7613611818385,584.3721870543426,104.51612903225808,0.0,124.83870967741936
4990,-52.10894042740151,1771.2816388762121,845.3550327002113,69.6774193548387,162.5806451612903,148.06451612903226
4991,515.8538838547549,1411.2089438971122,-275.94070972538685,0.0,69.6774193548387,148.06451612903226
4992,-509.49635826065213,1636.9459979311493,-685.6824381534332,104.51612903225808,162.5806451612903,124.83870967741936
4993,1467.0177967384823,1784.398679476098,421.6617392466244,46.45161290322581,23.225806451612904,299.03225806451616
4994,50.5808732324553,1371.454734307134,-411.53456261158476,11.612903225806452,116.12903225806453,264.19354838709677
4995,-929.8118069219258,1250.1196891767001,-147.0566511948503,116.12903225806453,69.6774193548387,182.90322580645162
4996,27.267679084796903,1478.302720142401,-912.3560883325521,139.3548387096774,116.12903225806453,380.32258064516134
4997,-336.5695932008322,1733.2759772873032,597.9048783048931,81.29032258064515,23.225806451612904,136.4516129032258
4998,-580.8662295243248,1830.6382187709496,-576.510363012163,23.225806451612904,11.612903225806452,415.1612903225806
4999,-983.8672841807772,1327.2946478401043,534.2481978422587,46.45161290322581,81.29032258064515,438.38709677419354
5000,1255.8107214245285,1846.6112536346757,-128.98868413908139,92.90322580645162,92.90322580645162,310.64516129032256
